{"both": {"0.0": [93.71854677796182, 93.733955016213, 94.53222754596733, 94.2928513109786, 93.48236569117334, 93.91256570044598, 94.08568890115133, 94.71121751356462, 92.73065536779328, 84.62770986525229], "0.1": [94.1561725378607, 93.84342062352366, 94.35400615216945, 93.96426944803385, 92.74454467426456, 93.74776676844125, 94.00756383516533, 94.61731756908566, 92.36779862920355, 86.58509302451702], "0.2": [90.79897596794927, 93.56180478985999, 93.6225371771608, 93.80426698199045, 93.56955913037052, 92.55100821014462, 93.41164063592169, 94.39664540146632, 92.45000302431737, 89.748083524907], "0.3": [84.3688637035313, 93.47456422515916, 93.80339079964865, 93.34630076372703, 92.47680467012403, 93.54236362946911, 93.62839514225999, 93.96589484185468, 92.10687150905137, 83.47071164788069], "0.4": [84.45073110011441, 93.4361085973489, 93.0384489639039, 93.0633545909846, 93.0402603273106, 91.21948941632172, 92.78217139541287, 93.76453728201666, 90.49435305266734, 82.92456877033105], "0.5": [88.38314904062052, 92.52640561227223, 92.68493026312821, 91.92534523928585, 88.34027011051698, 90.29492623925944, 92.0893047242276, 91.98747649441435, 87.72326432915386, 78.55124390061833], "0.6": [78.04229531815609, 91.20291012579966, 91.47692697515544, 87.41848871224128, 85.66149602621952, 83.37244691474834, 87.58393411487309, 89.07899274864486, 90.01944746858439, 77.06708446249912], "0.7": [71.67194475009654, 85.9377952797025, 88.9839219704068, 81.80632522900991, 82.4391870256026, 77.30678692283205, 87.87172835554719, 84.4768108895242, 82.47964117223648, 77.67729014747755], "0.8": [69.3790644730948, 78.31535901452867, 88.18454474210739, 80.49068174032976, 78.96501277294271, 67.94884331988501, 81.43097163061053, 78.728203690688, 83.609419971774, 71.0251950160587], "0.9": [53.03670017795054, 69.97698462867156, 81.3511620483026, 71.99758215471445, 71.32572249578313, 81.05091387790772, 75.9605298823621, 69.6224140897447, 78.70605633444417, 64.65609019528002], "1.0": [46.7059416631126, 64.42667179918533, 76.87535836910202, 63.70224871495952, 64.07969268162056, 59.43529383643564, 66.85438452572745, 66.40621008559958, 62.315835948369774, 51.98490642716622]}, "action_only": {"0.0": [92.84385725861983, 94.01850260126515, 94.57610118787348, 94.06747640446123, 93.79549406328957, 94.08147622371578, 93.87025529051338, 94.49778407006889, 92.7510731404678, 88.83969327521207], "0.1": [92.81737694140213, 93.4801967380133, 94.58862958725474, 94.03698755218574, 93.72566203945051, 93.8409144262479, 93.67806316884285, 94.65993089582565, 92.66772239049696, 82.51830053452969], "0.2": [93.86329958986066, 93.83864999895691, 94.63176353153801, 93.94626612178563, 93.8600671355677, 93.91813177908051, 94.24870083338703, 94.59085998887954, 92.40129681845123, 86.81853067450737], "0.3": [94.00209450946478, 94.01588910837714, 94.62125943188748, 93.81662519517484, 93.6213578902633, 93.9875762106575, 94.23287610270877, 94.60311777555088, 92.55850715241642, 85.64716957951383], "0.4": [93.90816574586349, 93.89998325778666, 94.60767767883986, 94.26698859998363, 93.66115354557373, 93.92689857192107, 93.86695078837874, 94.6384050082636, 92.73282413253446, 85.76913027803468], "0.5": [93.81550420688966, 93.74386884724696, 94.61036607890526, 94.08791411361607, 93.7689180636279, 94.02724293360048, 94.32101588773206, 94.48769584406176, 92.53080162546108, 83.62802797278988], "0.6": [93.91374736001225, 93.77002160599852, 94.63208493717019, 94.30489569185018, 93.58409838059065, 94.01515673636983, 94.45555255926662, 94.3369439600516, 92.8614012543832, 86.78649792669258], "0.7": [92.77606967914164, 94.0524815606488, 94.59051251096865, 94.03093226389943, 93.79620606666498, 93.87895953117577, 94.10397014995138, 94.52432796948811, 92.50779845936782, 88.67091612333189], "0.8": [92.96501752136868, 93.91074465866332, 94.60122687195843, 94.01853203076026, 93.45840078292044, 93.89454807665673, 93.85493046982936, 94.50104714021208, 92.74985903802202, 86.57612376978854], "0.9": [93.96625057252558, 93.81475343602828, 94.58513661181904, 94.22961656093015, 93.62553166371475, 93.94181766540511, 94.07958835836193, 94.58335068761497, 92.84567714303648, 88.60387990297251], "1.0": [93.78522813567665, 94.27955916045175, 94.59430336741656, 94.2248371281501, 93.85462799504771, 94.06483399314047, 94.10839101835188, 94.68298585254234, 92.71693619593464, 87.46541517866407]}, "goal_only": {"0.0": [93.84735112165377, 94.01368878041104, 94.59882218528121, 94.32547125348006, 93.77220437901678, 93.98654305624859, 94.19367012838119, 94.62007536572783, 92.55441647769295, 83.44231377032438], "0.1": [91.96161437943367, 93.85400499304062, 94.3080542778834, 93.5621228460896, 93.90578112508092, 93.87949122466733, 94.14870610831919, 94.67284703504389, 92.64111397579451, 89.85531811482801], "0.2": [87.6470437385984, 93.73440099914068, 94.2197004346482, 94.02705602123629, 92.78621881208123, 93.86846072805123, 93.73875547634107, 94.34239178956742, 92.40782911752859, 86.57327235408162], "0.3": [87.64604546978117, 93.46331922851236, 93.55264928784307, 93.33491955069708, 93.39530235026066, 92.56357533565479, 93.56810446766426, 94.12803898188739, 92.02680469572215, 85.04645975228914], "0.4": [82.28885099771983, 93.13336922185073, 92.74699557203155, 92.65536269510987, 93.08811299095323, 88.79298359010521, 93.05842466701846, 93.45471977319126, 90.58727987622251, 79.89938292119258], "0.5": [84.24833004123533, 91.55076447641024, 92.68823698638009, 88.9654840767474, 89.23851054159962, 89.29174860551262, 92.25750765492546, 92.70217809797732, 89.9371863366119, 77.38665350846925], "0.6": [79.98867379601444, 90.14294473331046, 88.52953570121275, 86.35368120752368, 84.7113705020232, 85.92072096714405, 89.35564649042395, 88.14633587212495, 85.92378128098362, 73.67673199203483], "0.7": [73.82575091751588, 86.73935797316517, 87.96708064898499, 84.6819331098375, 86.57619139242068, 83.21751093634533, 81.74076644274129, 87.4206544566479, 85.57242953316825, 70.79368872367753], "0.8": [64.56126897762347, 82.54754208099402, 88.40403553348953, 78.87342695370282, 74.67952709489299, 73.8579889005248, 86.65957979829037, 83.03955299951096, 82.20385001072069, 66.01414136888617], "0.9": [46.0148448055563, 75.32347593020958, 82.41616359582065, 81.50579642051923, 64.14009128869708, 63.50132850272897, 75.05719551385151, 70.33795670545908, 73.43231930000894, 66.64626496390245], "1.0": [37.78962043663363, 66.45719498882666, 76.661222807842, 59.84041315301121, 64.80464488941064, 62.4830149642176, 70.92686691887276, 69.21003785981513, 73.72586163872964, 58.262871780997614]}}