{"both": {"0.0": [95.14299999998988, 91.92199999998626, 89.35599999998857, 94.5829999999911, 97.5739999999956, 93.69799999999026, 97.2359999999952, 96.57899999999383, 86.78299999998403, 93.36599999999063], "0.05": [-15.31699999999056, 30.704000000010524, 36.94100000001531, 17.016000000000187, 46.474999999996946, 18.13000000001043, -12.04000000000059, -7.824000000005298, -4.950000000004758, 29.630000000019415], "0.1": [-9.405999999997753, -6.7800000000025475, -20.363999999978255, -1.9660000000051963, -2.81300000000451, -8.42800000000564, -21.431999999991067, -15.10299999998873, -26.84799999997689, -0.3760000000009998], "0.15": [-25.5399999999797, -4.249000000002052, -29.181999999972767, -2.7110000000017043, -15.775999999993365, -14.592999999998856, -7.6960000000032425, -13.908999999995734, -32.551999999973695, -16.90499999999486], "0.2": [-35.84699999997245, -11.602999999998287, -32.52299999997382, -13.153999999999947, -14.033000000002357, -30.82899999997837, -20.979999999980347, -18.656999999991914, -30.24399999997185, -31.210999999975964], "0.25": [-22.665999999980944, -33.11999999997231, -28.30899999997452, -19.177999999985538, -22.94299999998171, -24.852999999974177, -24.316999999980645, -4.712000000002723, -34.94199999997031, -23.172999999981393], "0.3": [-30.33399999997695, -27.11199999997725, -42.36599999997563, -16.75199999997843, -23.794999999981243, -24.635999999975535, -17.99899999999441, -0.45300000000115453, -39.488999999968904, -33.634999999974], "0.35": [-22.119999999983246, -32.204999999980174, -24.930999999983815, -16.080999999987995, -25.191999999983445, -27.68099999997589, -26.232999999979132, -2.402000000002002, -23.545999999979166, -29.077999999975415], "0.4": [-31.22499999997466, -31.45099999997872, -33.57299999997375, -22.129999999981475, -27.77899999997539, -37.55199999997202, -19.961999999977625, -8.63100000000574, -30.31099999997978, -30.334999999976173], "0.45": [-28.9929999999749, -33.65299999997056, -25.64999999998058, -17.20199999998913, -22.286999999983717, -30.788999999977495, -30.393999999970806, -1.3100000000064866, -26.048999999980502, -32.621999999972324], "0.5": [-29.367999999979908, -43.54499999997856, -38.30799999996906, -34.92999999997146, -23.63599999998348, -33.22399999997329, -36.69599999997303, -10.532000000006317, -27.74599999998225, -14.189000000000977]}, "action_only": {"0.0": [95.20499999999103, 92.97599999998629, 91.07699999998788, 92.84099999999164, 94.7119999999923, 91.05399999998961, 97.39199999999533, 96.81499999999454, 84.48999999998733, 87.52999999999255], "0.05": [3.7519999999983487, 69.60399999998047, 64.09699999999589, 46.108000000013774, 55.55199999998874, -10.735999999998382, -4.642000000004726, 5.424999999995033, 42.628000000009955, 5.4129999999929215], "0.1": [8.27699999999492, 8.802999999995508, 16.796000000003723, 22.445000000010946, 14.11300000000851, 0.009999999995623968, -11.027000000003472, -10.60100000000605, 4.970999999999744, -0.8900000000022564], "0.15": [-0.749999999999498, 4.90299999999821, -18.034999999981864, 6.223999999998023, 6.5409999999975525, -15.875999999987165, -17.168999999999624, -6.275000000004881, -15.112999999985185, -4.203000000004328], "0.2": [-13.508999999994044, -20.196999999978853, -20.24199999997978, 9.729000000012748, -6.287000000001335, -13.075999999992154, -8.755000000002248, -0.8789999999994714, -26.26599999997539, -8.147000000005377], "0.25": [-13.982999999994995, -24.207999999985887, -26.873999999982953, -8.989000000006921, -11.842000000003804, -24.727999999978216, -16.315999999996535, 6.950000000003749, -34.73699999997703, -18.443999999987266], "0.3": [-19.217999999987594, -28.249999999979718, -35.553999999971076, -14.392999999998201, -13.072999999997178, -20.01099999998917, -22.953999999978663, 11.845000000001463, -29.032999999981634, -13.191999999991944], "0.35": [-20.6319999999935, -26.96399999997761, -35.0389999999731, -13.347999999992071, -24.540999999974538, -26.052999999974464, -24.962999999983275, 8.020999999995205, -22.727999999991784, -23.108999999982146], "0.4": [-20.714999999975536, -38.3879999999699, -32.61499999997152, -8.850000000004396, -27.479999999981622, -22.792999999975674, -26.615999999976406, 11.734000000003357, -31.1549999999766, -30.579999999971324], "0.45": [-14.650000000002292, -39.968999999974045, -36.28799999997113, -13.24999999999169, -23.45199999998842, -25.859999999982715, -24.038999999980476, 19.690000000019474, -30.64199999997666, -7.387000000005305], "0.5": [-26.867999999978533, -27.4039999999737, -38.450999999972645, -21.668999999977288, -21.86599999998298, -30.28999999997466, -29.25899999997296, 12.91800000001583, -23.95199999998364, -14.470999999983786]}, "goal_only": {"0.0": [95.34699999999148, 92.92699999998916, 92.03499999999224, 87.16499999998328, 96.19399999999591, 89.32499999999142, 97.16199999999473, 96.44999999999357, 83.21099999998789, 94.83899999999248], "0.05": [70.4359999999809, 81.21299999998656, 55.9220000000021, 39.34400000001292, 42.30099999998984, 76.17099999998338, 15.675000000001644, 25.406000000010476, 31.3230000000076, 58.627999999984986], "0.1": [62.52799999997848, 44.99800000001002, 55.06999999999601, 37.99400000001733, 31.91000000001791, 67.56899999998876, 15.451000000004822, -2.272000000003805, 27.04100000001121, 30.29000000000997], "0.15": [42.00500000001268, 30.063000000010632, 42.61900000000924, 35.174000000010416, 25.153000000011197, 42.59900000000831, 5.751000000000451, -3.4750000000027086, 30.25100000001224, 21.374000000013293], "0.2": [16.492000000005017, 11.197999999994442, 27.56000000001164, 35.19900000001317, 12.742000000000644, 21.418000000013816, 8.617999999997814, -22.242999999978025, 23.030000000013196, 11.46000000000448], "0.25": [2.016999999995491, 5.2639999999989735, 31.897000000013712, 27.560000000017578, -1.0569999999996862, 2.485999999997608, 24.779000000022517, -15.427999999996263, 39.83200000001493, 1.0080000000002598], "0.3": [-14.135000000000648, -12.406000000002116, -5.731000000005956, 17.216000000011267, -3.433000000002818, -10.192999999995758, 19.563000000011634, -27.162999999980794, 23.58900000000385, 1.178999999999059], "0.35": [-7.213000000000267, 2.983999999993334, 11.103000000011566, 8.072999999994728, -6.7340000000077325, -20.69499999999068, 29.629000000021616, -25.54599999997682, 44.48700000001133, -4.909000000002961], "0.4": [-9.280000000002877, -2.5240000000032454, 9.819999999996632, 9.04799999999497, 15.610000000017434, -19.074999999981557, 21.719000000015154, -28.638999999974676, 27.103000000019634, 8.232999999996734], "0.45": [-15.151999999998557, -2.484999999999122, 5.020999999998533, 0.5289999999967734, 10.63900000000386, -28.48299999998001, 19.378000000009102, -20.166999999979144, 23.285000000010697, -6.077000000004478], "0.5": [-17.289999999975308, -7.71300000000424, 1.0709999999960973, -4.912000000003499, 2.568999999999652, -23.814999999975576, 22.530000000010332, -28.794999999973026, 27.31300000002126, -9.501000000006893]}, "both_same": {"0.0": [94.71099999999043, 87.7439999999845, 87.9229999999899, 95.92699999999313, 97.6389999999955, 89.1709999999862, 96.98399999999387, 96.67699999999377, 90.37099999998938, 93.46599999999353], "0.05": [8.400999999994292, 43.07400000000981, 27.74400000001593, 18.696000000017175, 24.767000000010604, -6.34900000000685, -2.9440000000039435, -21.059999999986914, 6.556999999994702, 12.276000000007597], "0.1": [-13.621999999999423, 3.857999999999331, 16.434000000000605, -3.947000000002275, -2.8500000000013834, 2.468000000000205, -17.80099999999106, -7.935000000006625, -16.886999999990763, 12.505000000004948], "0.15": [-16.19999999998508, -12.083999999997145, -16.586999999982837, -15.810999999988498, -7.813000000004068, -6.051000000004158, -16.531999999995342, -18.23599999998606, -25.957999999978593, -18.434999999991454],