{"both": {"0.0": [95.1209999999901, 86.44099999998456, 84.21199999999548, 95.82299999999199, 85.86599999998347, 94.6759999999922, 93.03599999999058, 96.97899999999444, 96.52399999999376, 97.87599999999603], "0.05": [23.333000000006635, 93.47099999998927, 86.7839999999896, 64.87099999998912, 53.36099999998918, 72.1709999999951, 17.12700000001612, 48.73600000000318, 8.329000000006994, 63.56599999998224], "0.1": [3.140999999996534, 88.09999999998588, 59.70299999998504, 20.0160000000079, 21.59900000001246, 51.10200000000317, 9.792999999999495, 11.246000000010211, -7.1170000000011315, 32.06900000001759], "0.15": [8.11899999999742, 89.99999999999407, 46.14700000000853, 8.097999999995464, 1.684999999999383, 34.66400000001507, -9.860000000001856, -19.475999999980864, 8.554999999997637, 36.47600000001418], "0.2": [-1.6170000000014895, 51.839999999996316, 11.462000000012203, 6.943999999994666, -11.31899999999825, 17.146000000001862, -10.648000000002211, -32.376999999972185, 3.0669999999954256, 19.071000000004425], "0.25": [-6.738000000002083, 28.048000000008784, 1.4780000000009923, -2.0730000000034865, -0.7689999999992017, 8.164999999996388, -4.895000000002459, -18.490999999986105, 11.012999999998428, 29.778000000013485], "0.3": [-27.761999999977693, 17.280999999999082, -7.2570000000054184, -8.299000000006215, -0.8680000000035787, 4.616999999994747, -12.428000000001248, -24.960999999981997, -0.03900000000216627, 30.787000000018732], "0.35": [-30.587999999970403, 8.136000000001001, -23.256999999977644, -8.109000000001142, -6.695000000007372, -3.9990000000036083, -16.933999999982767, -21.0409999999858, 12.918999999997016, 5.339999999996908], "0.4": [-27.93499999997327, -10.129000000006592, -12.17700000000053, -8.696000000004508, -9.97800000000402, -16.40699999998923, -26.1889999999756, -20.904999999987034, 6.82299999999647, 12.633999999999103], "0.45": [-32.139999999976915, -15.813999999996788, -20.405999999988925, -1.1750000000028458, -6.796000000003208, -23.676999999978317, -20.05599999998044, -19.34999999998338, 1.1949999999969732, 7.329999999995697], "0.5": [-34.88199999997235, -9.921000000007936, -23.081999999982724, -13.727999999997392, 2.8369999999947857, -21.12299999998901, -20.333999999987626, -23.566999999974364, 16.5560000000079, -1.0610000000041482]}, "both_same": {"0.0": [95.70199999999221, 91.02499999998483, 92.47299999998812, 91.77699999998765, 83.81899999997944, 94.68499999999214, 92.09599999998792, 97.04399999999525, 96.51499999999388, 96.39199999999428], "0.05": [25.614000000014034, 88.09799999998582, 81.45999999998394, 71.4089999999872, 46.2290000000105, 73.85200000000032, 21.62700000002026, 50.06800000001045, 24.483000000010108, 65.06899999998707], "0.1": [13.663000000015584, 92.8999999999899, 64.31099999998133, 17.98800000001447, 20.508000000002525, 42.6810000000015, 0.6179999999985824, -2.7110000000017327, 0.5769999999986861, 34.1200000000169], "0.15": [-4.321000000003403, 91.36599999999531, 30.94900000001472, 22.68700000001252, 5.029999999995761, 40.6100000000102, 0.6280000000004818, -23.99299999997684, 11.762999999999789, 42.60400000000404], "0.2": [-7.249000000005196, 65.01999999999454, 9.004999999998724, 9.500999999997614, -6.0760000000014305, 15.182000000007209, -17.514999999988664, -16.57399999998058, 9.700999999999723, 30.254000000018767], "0.25": [-1.658000000000928, 24.8850000000094, -2.8180000000026615, -4.959000000005176, 6.169999999998001, 10.618999999995593, -8.480000000002782, -21.03099999997798, 8.679999999996324, 20.3760000000116], "0.3": [-19.597999999980072, 1.0660000000003838, -8.703000000001742, -2.305000000001825, -3.0930000000011306, -4.235000000001282, -12.332999999993001, -28.032999999975456, 16.437000000021623, 21.402000000010084], "0.35": [-25.50399999998, -10.8879999999944, -13.911999999985984, -4.524000000001571, -11.542999999989574, -6.806000000007041, -19.335999999980196, -11.467999999998426, 21.967000000017194, 9.28399999999524], "0.4": [-30.43899999997216, -3.512000000003827, -18.367999999991117, -14.268999999996865, -11.450000000005893, -10.873000000003588, -22.613999999978112, -18.554999999986816, 19.468000000008477, 21.636000000007666], "0.45": [-38.948999999970276, -1.3859999999992332, -17.32999999997967, -10.810000000004397, -4.927000000004621, -17.461999999986617, -25.63099999997844, -25.53899999997642, 23.34700000001223, 19.665000000022687], "0.5": [-38.95499999996917, -2.0200000000005285, -13.433999999993894, 0.9539999999953076, -8.307000000005553, -21.978999999981657, -12.256000000000029, -26.914999999980502, 11.812999999998057, 11.975000000012933]}, "action_only": {"0.0": [95.5539999999925, 92.75299999998796, 89.16099999998985, 93.1129999999939, 85.51499999998288, 96.13999999999385, 93.55399999999062, 96.71099999999386, 96.68799999999399, 93.37299999999297], "0.05": [39.55300000000695, 86.055999999987, 88.69599999998543, 81.24699999998765, 74.12199999998079, 81.31799999998829, 22.78500000001113, 45.579999999996744, 30.45600000001392, 89.30399999999207], "0.1": [35.06400000001661, 92.96399999999429, 88.82299999999306, 63.47199999999029, 58.65799999999296, 67.75799999998918, 6.8019999999963785, 4.094999999999998, 16.456999999998747, 31.497000000013326], "0.15": [12.93200000000295, 78.4359999999885, 69.86199999998703, 44.32700000001383, 34.07700000001731, 53.22000000000464, 0.19099999999892106, -2.8150000000001314, 7.251999999998478, 27.83600000001029], "0.2": [20.848000000018573, 56.410999999984725, 49.06699999998722, 25.078000000009286, 30.006000000012055, 56.72699999998663, -4.784000000001089, -21.693999999984452, 17.519000000012458, 18.427000000006903], "0.25": [7.819999999998585, 23.195000000006203, 26.263000000013577, 23.308000000007574, 9.052999999999978, 25.708000000015772, 0.659999999998974, -25.97499999997875, 5.935999999998177, 19.232000000019], "0.3": [-8.068000000006913, 1.3229999999988475, -4.65600000000414, 19.08600000001257, 10.38599999999667, 9.175999999999672, -21.750999999977402, -28.448999999978263, 11.460999999999924, 18.05000000000488], "0.35": [-21.112999999974928, -0.7210000000021495, -4.4690000000051295, 24.422000000016265, 6.253999999999062, 2.2379999999970197, -23.005999999982073, -17.27499999999338, 17.519000000018675, -0.5160000000018681], "0.4": [-16.869999999995894, -15.811999999988304, -6.029000000003792, 15.47999999999995, 9.439000000004272, 4.836999999994481, -26.489999999978522, -19.346999999984718, 12.82700000000942, 17.51500000001747], "0.45": [-34.974999999972844, -8.634000000004024, -25.071999999974565, 18.687000000005607, 13.588000000002337, -8.305000000006066, -20.594999999976483, -15.14999999999609, 14.576000000013403, 18.86700000001485], "0.5": [-29.28599999997584, -14.166999999991285, -9.796000000006712, 11.615000000003873, 0.7959999999966161, -3.753000000001817, -14.626999999987696, -19.57299999998423, 11.39199999999394, 7.332999999994561]}, "goal_only": {"0.0": [95.21299999999331, 90.5139999999875, 87.74199999998706, 94.48099999999336, 88.99999999998167, 94.67899999999217, 89.36299999998981, 97.09499999999501, 96.57199999999354, 93.34899999999301], "0.05": [58.19399999997816, 79.37199999998568, 82.45799999998144, 82.88499999999085, 47.03100000000549, 77.34399999999464, 90.70699999998865, 76.18299999998979, 68.46999999998488, 90.20799999999345], "0.1": [47.307000000008664, 84.06399999998291, 60.58499999998283, 50.82699999998629, 33.21600000001467, 68.57099999999248, 88.10699999998589, 44.095000000012426, 48.278999999996465, 87.76299999998965], "0.15": [22.584000000015244, 84.58499999998622, 73.60999999997982, 43.472000000002254, 12.308999999997981, 48.73200000000582, 89.4069999999874, 37.209000000012765, 28.931000000012776, 72.49399999999058], "0.2": [26.616000000012004, 85.91299999998691, 57.44799999999252, 42.26900000000929, 34.94100000001548, 39.53900000001235, 93.33599999999093, 28.57900000001345, 17.660000000008225, 63.39499999998095],