{"both": {"0.0": [97.46999999999527, 97.69699999999574, 96.1429999999931, 98.13499999999645, 93.7829999999928], "0.05": [86.23699999997838, 56.576999999990136, 41.2690000000128, 14.969000000011869, 16.188000000003534], "0.1": [34.21900000001736, 33.15700000001119, 32.656000000012774, -13.789999999993347, 32.09900000001799], "0.15": [-9.768000000006756, 6.446999999996693, 9.064999999993674, -19.634999999983094, 7.805999999995798], "0.2": [-29.58099999997852, -15.552999999994652, 1.0399999999992025, -11.475999999998827, 14.737000000010987], "0.25": [-35.631999999971725, -19.1929999999875, 10.563000000001237, -13.063999999991879, -16.36499999999324], "0.3": [-42.43899999997449, -21.05499999999158, 6.919999999994555, -9.648999999998258, -14.166999999989637], "0.35": [-44.99099999998676, -21.065999999985042, -12.05199999999988, -5.283000000003792, -15.354999999996217], "0.4": [-38.34199999997063, -32.733999999971054, -22.604999999976442, -11.820999999997827, -13.502999999996526], "0.45": [-36.190999999971616, -21.699999999978385, -23.084999999985776, -18.585999999991653, -21.990999999988393], "0.5": [-31.057999999972775, -28.448999999974166, -30.448999999971566, -18.719999999990783, -20.816999999976098]}, "action_only": {"0.0": [98.20199999999659, 97.79299999999597, 95.71299999999309, 98.10599999999658, 95.26199999999324], "0.05": [73.04099999998135, 71.98599999999087, 45.59700000000473, 14.79900000000871, 12.67200000000146], "0.1": [38.689000000011454, 32.16200000001837, 27.26200000001424, -25.057999999976655, 22.236000000018684], "0.15": [-0.5350000000020939, -2.0710000000045357, 21.205000000012134, -28.10299999997768, 13.005000000003038], "0.2": [-28.905999999974846, -14.108999999994742, 3.9089999999933966, -14.19899999999675, -4.367000000002723], "0.25": [-39.94599999997083, -24.54999999997766, -2.372000000001199, -13.050999999988969, -12.087000000003455], "0.3": [-36.11799999997128, -34.81699999997497, -11.418999999998427, -1.6640000000012913, -10.876999999997102], "0.35": [-41.80899999997474, -34.2489999999706, -20.84499999997825, -4.439000000002938, -21.595999999981736], "0.4": [-43.04899999997761, -34.53999999997176, -26.629999999971503, -12.556999999992918, -16.447999999982166], "0.45": [-29.11599999997332, -41.22199999996942, -33.95299999996912, -15.550999999994817, -18.254999999984303], "0.5": [-43.45199999997935, -26.097999999978345, -31.98399999997388, -9.868000000005646, -20.011999999992884]}, "goal_only": {"0.0": [97.53699999999459, 97.6939999999958, 96.15199999999308, 98.28499999999694, 95.30699999999737], "0.05": [98.25999999999671, 98.05999999999632, 92.76999999999128, 98.30799999999635, 87.66099999999511], "0.1": [98.36199999999695, 98.1469999999968, 95.00899999999201, 98.29899999999687, 71.66499999998472], "0.15": [96.85099999999518, 98.12799999999648, 95.83599999999142, 98.40799999999666, 76.05899999998461], "0.2": [95.13499999999601, 91.58299999999376, 97.01299999999526, 90.94199999999844, 77.02699999998795], "0.25": [95.36699999999344, 86.6709999999874, 90.95999999999161, 82.07299999999212, 73.38599999998624], "0.3": [86.22899999998955, 78.81199999998665, 92.56399999999427, 68.5939999999895, 70.50799999998975], "0.35": [85.8729999999934, 74.61299999999528, 91.60499999999514, 68.64999999998932, 73.93199999997641], "0.4": [81.7329999999885, 69.98499999998192, 89.95599999998824, 65.37299999999139, 74.64999999999227], "0.45": [81.7779999999887, 58.76000000000011, 84.03199999998795, 46.100000000006176, 55.76899999999276], "0.5": [70.47899999999181, 71.94199999998554, 84.17399999999448, 46.14699999999815, 56.5309999999838]}, "both_same": {"0.0": [97.86399999999561, 97.66499999999573, 95.56899999999173, 96.68099999999669, 93.77699999999142], "0.05": [90.178999999989, 60.0349999999687, 45.79700000000359, 3.0119999999953735, 12.844000000012903], "0.1": [49.79799999999771, 37.18500000001147, 20.786000000004275, -17.799999999996455, 33.101000000016626], "0.15": [10.969999999997752, 14.20000000000422, 22.779000000010566, -18.380999999989058, 3.902999999997156], "0.2": [-23.030999999982704, -4.737000000005985, 14.389000000014635, -1.207000000003226, 1.997000000000214], "0.25": [-40.16399999997147, -19.314999999983023, 1.5169999999945125, -4.251000000001948, -5.3970000000040965], "0.3": [-40.1219999999681, -36.48299999997436, -7.9980000000033655, -12.355999999984649, -2.2190000000001233], "0.35": [-40.83799999997313, -31.239999999976366, -14.173999999985387, -16.470999999987818, -14.757999999997743], "0.4": [-33.625999999974, -31.201999999970923, -18.632999999987398, -22.025999999986553, -24.86299999997766], "0.45": [-36.96799999997457, -26.946999999970966, -21.560999999987487, -14.444999999992708, -15.002999999988168], "0.5": [-36.085999999975414, -28.83799999997012, -29.229999999970957, -21.994999999988707, -18.364999999979247]}}