{"both": {"0.0": [86.3469999999895, 87.65399999998935, 91.60399999999292, 89.26899999998801, 88.74599999998608], "0.05": [55.524999999985376, 74.7739999999933, 63.81999999998437, 87.1229999999881, 41.05300000000923], "0.1": [24.802000000008366, 55.677000000000916, 33.979000000011816, 48.29699999999753, 22.91600000001603], "0.15": [-1.874000000001195, 58.548999999982826, -5.725000000002775, 29.801000000006514, -2.393000000003058], "0.2": [-26.797999999980362, 56.17599999999996, -27.662999999977302, 4.829999999999236, -15.586999999986508], "0.25": [-27.88699999998136, 22.825000000012075, -20.92799999998064, -9.39600000000651, -23.793999999983075], "0.3": [-35.85899999996834, 29.907000000016346, -20.545999999982314, 1.8349999999951092, -25.64999999997912], "0.35": [-28.625999999977736, 16.396000000008303, -35.75499999997244, -4.661000000002129, -30.269999999973102], "0.4": [-38.03599999996919, -5.017000000005212, -26.208999999979678, -19.08299999999252, -31.572999999975192], "0.45": [-33.44099999997778, -9.225000000006728, -23.830999999984925, -8.775000000005582, -33.13399999997293], "0.5": [-38.69199999996758, -21.327999999988982, -40.25199999997113, -28.36499999998271, -32.52299999997181]}, "action_only": {"0.0": [79.6429999999958, 94.0169999999898, 89.44599999998574, 89.33399999999011, 85.35299999999093], "0.05": [61.07699999998948, 70.41599999999465, 65.41999999998957, 79.8419999999934, 35.81100000001877], "0.1": [17.214000000005058, 57.116999999985964, 16.78699999999977, 46.66900000000867, 7.328999999997956], "0.15": [-9.359000000004709, 60.63999999998295, -5.5000000000030855, 27.628000000015273, -6.937000000006416], "0.2": [-19.129999999992027, 55.055999999994555, -26.497999999983094, 9.278999999996678, -23.018999999982128], "0.25": [-27.182999999975063, 33.216000000015825, -27.526999999975914, 3.811999999995667, -26.143999999972852], "0.3": [-29.666999999980558, 26.390000000018247, -27.567999999981854, -5.046000000006478, -15.495999999986859], "0.35": [-40.639999999969625, 7.551999999994045, -26.352999999972408, -7.0920000000031225, -14.878999999990691], "0.4": [-34.6259999999731, 1.4060000000002901, -27.19699999998373, -6.97800000000537, -23.958999999976573], "0.45": [-40.4169999999701, -3.8350000000067213, -23.658999999982566, -7.250000000003798, -40.337999999970236], "0.5": [-38.426999999971706, -15.964999999984284, -29.46599999997592, -14.10699999999513, -37.4899999999682]}, "goal_only": {"0.0": [85.49999999998208, 90.27299999998779, 90.82399999999171, 93.744999999995, 88.5589999999948], "0.05": [73.7489999999876, 86.13199999998803, 95.12799999999211, 88.49999999999314, 91.12199999998634], "0.1": [90.36599999998974, 94.00499999999145, 96.89199999999455, 91.86199999999143, 93.16699999998929], "0.15": [79.74099999998283, 88.13899999998452, 92.26399999998962, 96.2089999999954, 92.15199999999291], "0.2": [83.35299999999079, 86.9519999999878, 88.262999999986, 89.1079999999946, 87.40299999998467], "0.25": [91.39099999998592, 75.3839999999887, 73.80099999998896, 93.47599999999574, 90.52799999998905], "0.3": [93.32899999998921, 85.58099999999193, 84.04999999998958, 92.00799999999109, 84.34499999999312], "0.35": [88.41699999999129, 82.73099999998767, 83.68399999998181, 93.53999999999348, 84.58599999998464], "0.4": [94.34699999999287, 75.23299999999354, 75.28999999999246, 85.93599999999105, 91.74999999999517], "0.45": [90.43399999998728, 69.14999999998544, 73.23599999998838, 83.16799999999648, 89.57099999999318], "0.5": [76.46999999999348, 76.51199999999781, 76.72299999998471, 90.52399999999139, 84.93699999998427]}, "both_same": {"0.0": [79.26799999998829, 88.93599999998618, 92.08999999999008, 92.05499999998777, 88.02199999998318], "0.05": [65.02099999999031, 79.44799999998877, 52.67099999999499, 76.95199999998873, 50.38699999999266], "0.1": [30.39500000000683, 60.743999999989825, 21.270000000015894, 49.21399999998093, 8.824000000003691], "0.15": [-9.751000000007506, 62.986999999985464, -16.097999999999498, 39.41400000001159, -6.045000000004539], "0.2": [-19.30999999998804, 44.62099999998817, -27.500999999983897, 20.0410000000179, -14.559999999982583], "0.25": [-26.904999999973917, 37.94800000001537, -22.356999999981568, 10.370000000017317, -23.125999999976575], "0.3": [-36.647999999968626, 16.14300000001135, -28.23399999997186, 4.966000000003962, -34.607999999974524], "0.35": [-22.282999999974464, 15.069000000016723, -24.964999999981796, -2.8960000000058455, -33.547999999973314], "0.4": [-32.69299999997167, -6.546000000001744, -24.17699999998227, -0.023000000006989985, -32.10699999997676], "0.45": [-38.29099999997223, -8.963999999998231, -30.09699999997815, -9.765999999988287, -31.193999999974068], "0.5": [-32.8609999999713, -8.572000000001363, -33.76599999997054, -14.336999999996248, -35.047999999971346]}}