{"both": {"0.0": [95.2909999999919, 86.63399999998369, 93.59099999998845, 95.82699999999268, 82.86099999997796], "0.05": [78.10399999997867, 82.4339999999887, 51.135999999978964, 25.124000000013538, 78.31099999998806], "0.1": [44.27800000000538, 48.590999999998445, -3.143000000003118, 5.1549999999992835, 30.617000000012446], "0.15": [31.345000000021365, -6.330000000007147, -24.03099999997523, -14.66699999999627, -1.2210000000053645], "0.2": [10.017999999994569, -12.051000000001752, -19.47699999998875, -3.477000000002735, -23.570999999977563], "0.25": [-5.561000000002012, -18.417999999989856, -27.6629999999764, -5.881000000002434, -23.160999999976134], "0.3": [-18.698999999982536, -26.297999999979716, -20.65099999997652, -14.382999999983559, -41.75299999997135], "0.35": [-25.83199999997743, -22.90399999998143, -39.82999999996838, -15.63699999999387, -40.52799999997053], "0.4": [-27.708999999979145, -20.922999999981734, -42.39499999997662, -19.943999999991235, -45.146999999987564], "0.45": [-22.693999999986094, -29.68999999997741, -35.70699999997134, -30.742999999973076, -43.82799999998813], "0.5": [-27.021999999978583, -32.62399999997568, -31.962999999976546, -32.9909999999714, -44.001999999984534]}, "action_only": {"0.0": [95.30199999999166, 88.52299999998493, 93.60699999998842, 95.48499999999072, 81.22799999998507], "0.05": [81.63899999998573, 83.18199999998681, 85.97899999998273, 50.60600000000608, 89.05199999998824], "0.1": [63.00299999999265, 88.6749999999834, 74.31699999998244, 27.577000000017225, 71.9259999999859], "0.15": [33.00200000000814, 73.4799999999855, 56.92299999998438, 12.710000000005227, 54.288999999984114], "0.2": [25.028000000005797, 64.80199999998943, 38.09700000001057, 24.54500000001763, 59.48699999998503], "0.25": [17.199000000011623, 55.62199999998642, 20.017000000006522, 42.660000000012175, 56.025999999992834], "0.3": [26.37000000002001, 20.42600000001088, 3.1530000000005725, 40.35600000001543, 42.60500000001395], "0.35": [11.992000000000896, -11.299999999992702, 8.061999999995978, 18.135000000001487, 36.99200000001656], "0.4": [-0.4559999999992143, -18.852999999979705, 2.0989999999998266, -3.8560000000063726, 16.721999999999962], "0.45": [-13.065999999994723, -19.789999999987227, 2.586999999999339, -3.2130000000009757, 23.018000000020237], "0.5": [-29.70299999997987, -21.36899999997521, -10.934000000000491, -24.534999999976478, 14.391000000004976]}, "goal_only": {"0.0": [95.33499999999157, 91.29999999998626, 93.91699999999013, 95.6009999999929, 82.85999999997725], "0.05": [90.04299999999445, 81.58099999998245, 56.24699999999941, 41.92300000000236, 79.83699999997657], "0.1": [73.14399999997853, 43.439000000014985, 18.88300000000399, -2.1600000000025203, 32.23300000001611], "0.15": [54.07999999999349, 20.00900000000222, -5.391000000005116, -4.570000000006349, -11.505000000000953], "0.2": [25.11900000001559, -2.10600000000459, -15.927999999981886, -13.373999999999848, -34.40299999997073], "0.25": [12.64499999999871, -4.129000000006505, -33.416999999974216, -14.340999999990078, -45.830999999989714], "0.3": [8.581999999994709, -0.44200000000631307, -41.385999999971155, -18.89999999999105, -44.416999999986274], "0.35": [-10.018000000003735, -3.101000000000928, -33.943999999975084, -21.92799999997983, -46.510999999992016], "0.4": [-24.129999999976963, -6.752000000003262, -37.42599999997123, -26.471999999983495, -50.00000000000659], "0.45": [-30.950999999975465, -12.037000000005241, -35.70099999996956, -18.90099999998466, -50.00000000000659], "0.5": [-35.315999999973094, -12.719999999996539, -36.912999999972456, -23.31499999998268, -50.00000000000659]}, "both_same": {"0.0": [93.81199999998995, 88.69399999998515, 93.33499999998924, 95.807999999993, 80.10399999998602], "0.05": [76.42699999998078, 84.79799999998917, 41.81300000000162, 5.360999999998208, 74.40699999999315], "0.1": [57.40299999998928, 58.726999999982375, 6.667999999997147, -1.8880000000038668, 36.307000000017425], "0.15": [18.770000000001545, 29.536000000018795, -13.700999999994508, -10.656999999996817, 9.20200000000499], "0.2": [2.80199999999555, 7.198999999998173, -33.60599999997231, 0.9379999999962118, -9.064000000004832], "0.25": [-4.572000000007936, -26.13499999998094, -29.283999999974498, -19.04299999997892, -28.87299999997671], "0.3": [0.4539999999988095, -16.663999999985393, -28.807999999981057, -13.233000000000207, -39.68999999997099], "0.35": [-12.586999999999215, -18.52199999997714, -32.12299999997394, -16.607999999986767, -35.945999999973395], "0.4": [-16.563999999982933, -30.104999999975707, -38.43399999997072, -30.036999999973823, -36.7849999999695], "0.45": [-30.467999999971653, -28.27699999997295, -28.691999999977444, -32.42299999997433, -37.229999999969], "0.5": [-18.905999999988236, -29.499999999978172, -25.25299999997437, -32.53799999997977, -41.885999999978864]}}