{"0.0": [91.99899999998568, 96.52599999999386, 95.4109999999937, 95.17999999999294, 91.6919999999895, 93.87099999998826, 92.09399999998604, 86.11799999998317, 96.31299999999345, 96.23999999999428], "0.05": [37.16000000001536, 18.194000000012355, 35.97600000000711, 5.058999999995617, -22.95299999998041, 68.4659999999969, -26.442999999982217, 6.404999999995921, 22.396000000012542, 4.255999999996703], "0.1": [-5.401000000003332, 2.8829999999953757, 41.690000000015374, -26.990999999975493, -16.182999999979767, -5.439000000006087, -17.331999999988465, 1.4960000000002833, 20.123000000006083, -26.893999999973936], "0.15": [-29.912999999978034, -17.77699999998073, 35.14500000001401, -16.973999999994696, -36.08799999997321, -15.498999999988694, -20.36899999997934, -18.62299999998387, 6.319999999994682, -47.39700000000098], "0.2": [-23.121999999983345, -24.594999999973233, 9.048999999994901, -15.846999999997728, -35.50799999997498, -38.54399999997051, -26.57999999997928, -21.177999999986707, -13.140999999986866, -48.835000000005984], "0.25": [-33.12599999997467, -26.471999999975964, 15.405000000010345, -30.56899999997383, -29.790999999971355, -32.163999999977364, -22.25999999998497, -32.60199999997338, -11.998000000001882, -45.03499999998488], "0.3": [-31.97399999997395, -30.677999999973494, 14.53699999999768, -33.87399999997151, -30.032999999976433, -31.476999999974183, -29.745999999978935, -24.592999999983572, -18.77899999998899, -43.88699999998207], "0.35": [-33.373999999972824, -33.21099999997211, 4.875999999992762, -40.1499999999683, -20.192999999984217, -30.881999999975065, -26.625999999971704, -24.94599999997737, -30.4019999999735, -42.90299999997959], "0.4": [-37.5049999999698, -37.57699999997148, 4.78599999999411, -35.95199999997119, -14.429999999986107, -25.786999999981322, -28.67999999997575, -22.329999999988853, -26.39399999998108, -37.16299999997353], "0.45": [-30.270999999973842, -34.827999999971546, -7.592000000002323, -35.55099999997203, -28.464999999972733, -19.51799999998508, -29.32099999997269, -31.818999999974547, -27.433999999975775, -33.15199999997593], "0.5": [-29.959999999974183, -36.202999999969855, -7.8460000000076935, -28.02299999997342, -17.140999999988193, -38.230999999972326, -32.01999999997295, -28.391999999979575, -40.4989999999695, -27.006999999979854]}