{"0.0": [96.15199999999275, 96.18999999999261, 91.93599999998708, 95.17399999999188, 93.0599999999898, 92.28399999999048, 88.7809999999906, 94.40399999999033, 86.02699999998298, 87.31199999998506], "0.05": [61.38099999998539, 35.336000000013485, 82.2469999999841, 41.21300000001821, 27.840000000012836, 47.49900000000795, 19.828000000015326, 80.29299999998689, 52.82999999999056, 32.287000000013236], "0.1": [0.055999999997442436, 17.482000000010213, 62.473999999982134, 24.8240000000195, 18.923000000012657, 36.31900000001512, -14.374999999990433, 27.30600000001063, -4.992000000005382, 9.811000000009148], "0.15": [-4.09200000000582, -9.046000000006796, 54.88900000000565, 22.152000000009853, 33.642000000016736, 14.007000000001762, -19.6129999999959, -3.887000000006345, -22.52899999998834, 14.57200000001467], "0.2": [-11.476999999998208, -11.987000000001629, 19.078000000014846, 13.72600000000277, 13.585999999999228, 1.7479999999980997, -22.340999999976084, -18.891999999988148, -24.413999999976422, 4.876999999994739], "0.25": [-5.003000000005428, -19.714999999978982, -0.8579999999962117, 9.46399999999668, 8.974999999998506, 1.702999999998321, -24.67699999997775, -15.31499999999748, -16.407999999992484, -10.970000000004436], "0.3": [-11.89700000000449, -21.345999999987267, -4.677000000000406, 23.91900000001585, 6.526999999996492, -9.161000000001437, -30.609999999974484, -18.33799999999175, -17.371999999992205, -26.270999999981203], "0.35": [-4.484000000002766, -25.66999999997912, -11.573000000004527, 19.215000000013106, -5.500000000003483, 3.8319999999987044, -37.41899999996988, -37.558999999969885, -6.466000000004973, -28.11299999997651], "0.4": [-26.221999999972528, -28.751999999973435, -2.0050000000006176, 40.72800000001326, -24.607999999975906, -4.174000000001719, -17.958999999995388, -30.212999999976436, -0.5730000000040476, -23.68799999997776], "0.45": [-17.959999999983637, -31.76899999997251, -16.713999999992524, 36.17400000001436, -17.065999999984143, -14.701999999992704, -27.057999999984332, -38.89899999997058, -1.325000000005823, -24.857999999977633], "0.5": [-29.599999999979286, -28.28499999997718, -12.165999999998354, 35.92000000001256, -12.274000000005174, -9.20899999999704, -26.911999999977635, -41.9249999999763, 6.561999999997851, -20.027999999983475]}