{"both": {"0.0": [90.47199999998625, 88.39099999998513, 90.7309999999889, 88.45099999998054, 91.15199999998971], "0.05": [89.4869999999837, 93.24799999998795, 92.62899999998746, 92.02299999998553, 94.68599999999101], "0.1": [91.21499999998642, 90.90899999998567, 92.61499999998635, 90.70199999998697, 92.85399999998836], "0.15": [90.95299999998502, 91.00299999998501, 91.70299999998804, 91.3469999999848, 94.13999999999021], "0.2": [90.99899999998628, 89.4699999999805, 89.41899999998193, 88.43099999998007, 93.12299999998895], "0.25": [89.98899999998606, 87.52999999997974, 80.66399999997658, 81.15699999997197, 91.65699999998445], "0.3": [82.89599999998005, 80.61799999997865, 72.70199999998047, 76.58899999996886, 88.20899999998406], "0.35": [75.16299999997683, 70.34799999996771, 50.234999999996546, 66.67399999997859, 79.27799999997332], "0.4": [44.124000000006575, 52.609999999990976, 29.5280000000186, 53.97299999998187, 71.17599999998069], "0.45": [29.3830000000148, 43.51200000000169, 14.281000000008012, 42.733000000020574, 67.73399999997285], "0.5": [25.872000000013436, 21.916000000019608, -1.44399999999866, 33.39200000002015, 52.454999999998975]}, "action_only": {"0.0": [90.51499999998822, 88.96799999998534, 90.90699999998705, 87.16299999997962, 93.4349999999874], "0.05": [90.77499999998848, 91.60199999999006, 91.46199999998693, 92.56599999998772, 92.46599999998995], "0.1": [90.9429999999895, 87.92299999998235, 92.52399999998852, 91.90799999998904, 94.70999999999054], "0.15": [91.82999999998647, 90.69699999998711, 91.3109999999872, 91.84399999998422, 93.99099999998944], "0.2": [91.71499999998522, 90.10099999998583, 90.11499999998324, 89.50599999998418, 92.39199999998671], "0.25": [88.26899999998155, 87.14999999998047, 87.78299999998026, 86.70799999997882, 91.10299999998426], "0.3": [82.96999999998104, 83.39299999997124, 76.377999999976, 82.06599999997408, 88.8419999999834], "0.35": [68.25199999996538, 78.22699999996979, 63.57299999997339, 79.16099999996555, 88.58799999998608], "0.4": [62.2339999999845, 67.57499999996911, 31.85800000002177, 62.27599999997574, 75.63899999997427], "0.45": [45.82000000000585, 57.59299999998575, 35.0630000000193, 42.157000000013596, 76.04099999997509], "0.5": [36.61600000002265, 47.38000000000224, -2.8670000000036793, 35.233000000022955, 59.66899999997926]}, "goal_only": {"0.0": [91.56999999998793, 87.00399999998261, 88.32499999998407, 91.45699999998727, 93.72999999998746], "0.05": [88.6179999999853, 89.00999999998929, 86.94099999998474, 90.51399999998412, 88.60899999998564], "0.1": [93.3009999999867, 92.01499999998596, 92.03599999998617, 92.60099999998849, 92.29099999998736], "0.15": [94.09199999998887, 93.32899999998827, 90.72399999998566, 89.57999999998505, 94.24499999998956], "0.2": [94.46599999998952, 92.8919999999885, 93.4199999999868, 92.0889999999868, 92.74499999998801], "0.25": [91.11899999999254, 92.63499999998864, 92.71799999998794, 91.91199999998385, 94.7019999999912], "0.3": [93.6839999999902, 92.57199999998892, 92.75399999998722, 91.59899999998689, 93.11299999998757], "0.35": [93.13399999999162, 92.94899999998694, 92.85699999998847, 91.73799999998526, 94.5589999999903], "0.4": [93.97399999998945, 92.13899999998692, 92.85899999998675, 90.233999999989, 94.62999999999077], "0.45": [91.99299999998995, 92.84199999998815, 92.19799999998747, 92.00799999998726, 94.24199999999033], "0.5": [87.8099999999837, 92.43599999998794, 92.72599999998661, 89.25199999998216, 94.03399999998847]}, "both_same": {"0.0": [88.91499999998477, 89.50999999998335, 92.05799999998627, 90.5699999999828, 91.3279999999879], "0.05": [92.30599999998712, 90.49499999998585, 92.81299999998924, 91.64599999998914, 94.32899999998925], "0.1": [90.56499999998519, 91.62299999998415, 92.75099999998571, 91.97099999998645, 94.26299999998966], "0.15": [92.28099999998632, 90.62499999998441, 91.28099999998392, 91.22799999998448, 93.7409999999889], "0.2": [90.71899999998492, 89.12899999998388, 89.55799999998499, 88.33499999998281, 92.94799999998823], "0.25": [86.94399999998424, 86.38199999997914, 85.78899999998062, 83.72399999997717, 90.56999999998536], "0.3": [88.8129999999836, 78.29699999997993, 74.8549999999841, 76.50799999997517, 90.16799999998089], "0.35": [79.35699999997657, 60.54799999997876, 55.30299999998504, 51.894999999990496, 84.53399999997849], "0.4": [65.82799999996949, 53.1749999999922, 17.8190000000091, 62.86599999998013, 73.82299999997626], "0.45": [44.69400000000934, 32.6630000000202, 18.938000000019915, 38.57000000002352, 60.14099999997083], "0.5": [39.77100000001431, 25.242000000020642, 12.218999999997045, 32.44100000002214, 43.14300000001613]}}