{"both": {"0.0": [[1.0, 200.0], [0.49825, 200.0], [0.52005, 200.0], [0.4093, 200.0], [0.2424, 200.0], [0.99965, 200.0], [1.0, 200.0], [0.1362, 200.0], [1.0, 200.0], [0.50055, 200.0]], "0.03": [[0.8433472606367328, 169.93], [0.6195227765726681, 184.4], [0.578505793048342, 150.18], [0.4874289237514558, 145.97], [0.4315270261012537, 145.97], [0.8044301952783445, 171.55], [0.8779783772436234, 190.54], [0.2794162826420891, 195.3], [0.9422024418115114, 166.27], [0.5864305453725114, 177.31]], "0.06": [[0.7679768157942402, 55.21], [0.6129947957735373, 63.41], [0.5850045167118337, 110.7], [0.4987564008778347, 68.35], [0.4817531633962956, 54.53], [0.6814966200282975, 63.61], [0.7273146440427887, 108.44], [0.4014436710492395, 193.95], [0.8353340883352208, 44.15], [0.6277269528501056, 113.68]], "0.09": [[0.704398447606727, 30.92], [0.5939686369119421, 41.45], [0.5708984072985929, 64.67], [0.5182596934174932, 44.36], [0.4924975798644724, 41.32], [0.6337621422945655, 38.09], [0.6436632747456059, 54.05], [0.44614031781923247, 159.21], [0.7041540020263425, 19.74], [0.6173136865967697, 70.58]], "0.12": [[0.6539138082673702, 22.74], [0.576073985680191, 33.52], [0.5712664548343168, 44.06], [0.5142225904446286, 36.21], [0.4857545839210155, 35.45], [0.6001287830006439, 31.06], [0.6273693943596856, 43.26], [0.4565758884091664, 120.44], [0.6203763789746918, 15.41], [0.6093184559710495, 66.32]], "0.15": [[0.6395484624367458, 25.69], [0.5912642045454546, 28.16], [0.5582854155776268, 38.26], [0.5179661016949153, 29.5], [0.5296819787985866, 28.3], [0.5875781948168007, 22.38], [0.6012514220705347, 35.16], [0.4694109297374024, 70.45], [0.5521207764198418, 13.91], [0.5931931931931932, 49.95]], "0.18": [[0.6313897763578274, 25.04], [0.5806332842415317, 27.16], [0.5580011897679953, 33.62], [0.49099595736861446, 27.21], [0.48149492017416545, 27.56], [0.5857002938295789, 20.42], [0.598951048951049, 28.6], [0.4757815183785641, 58.22], [0.5205479452054794, 13.14], [0.5711703569814731, 44.26]], "0.21": [[0.6049222797927462, 23.16], [0.5471933471933472, 24.05], [0.5536795157693533, 31.39], [0.49960191082802546, 25.12], [0.5046142488002953, 27.09], [0.5712809917355371, 19.36], [0.5713819013394316, 30.61], [0.5031372549019608, 51.0], [0.4582995951417004, 12.35], [0.5354552780016116, 24.82]], "0.24": [[0.6088235294117647, 23.8], [0.5512073272273106, 24.02], [0.5514814814814815, 27.0], [0.5256053989678444, 25.19], [0.5014825796886583, 26.98], [0.5785753126699293, 18.39], [0.5601042054335691, 26.87], [0.5088872656440224, 41.07], [0.4181360201511335, 11.91], [0.5164427975914775, 21.59]], "0.27": [[0.5941223193010325, 25.18], [0.5563811188811189, 22.88], [0.5477903391572456, 29.19], [0.5237936772046589, 30.05], [0.5222222222222223, 26.1], [0.5414049114791548, 17.51], [0.5511176255038476, 27.29], [0.5065608788526091, 32.77], [0.38824577025823687, 11.23], [0.4816666666666667, 18.0]], "0.3": [[0.5963800904977375, 22.1], [0.5628917676556624, 23.93], [0.546530612244898, 24.5], [0.5030651340996168, 26.1], [0.5123661867847914, 27.09], [0.5543920884235021, 17.19], [0.5453131077401789, 25.71], [0.4991023339317774, 38.99], [0.3971119133574007, 11.08], [0.44928478543563066, 15.38]]}, "action_only": {"0.0": [[1.0, 200.0], [0.4992, 200.0], [0.5219, 200.0], [0.4085, 200.0], [0.24465, 200.0], [0.99955, 200.0], [1.0, 200.0], [0.1337, 200.0], [1.0, 200.0], [0.5, 200.0]], "0.03": [[0.87035, 200.0], [0.5675484175720359, 169.36], [0.5419251411444901, 143.47], [0.4817183540485097, 165.74], [0.3979143019296254, 140.96], [0.777738799238248, 199.54], [0.86165, 200.0], [0.22262571241236698, 198.27], [0.98635, 200.0], [0.5564252731163419, 177.58]], "0.06": [[0.7528552174221466, 140.97], [0.5800125707102451, 79.55], [0.5788976377952756, 95.25], [0.5176746523705813, 59.69], [0.49736897495264154, 47.51], [0.6911738901561677, 113.98], [0.7537808095759058, 155.39], [0.3164983164983165, 198.99], [0.945277399161997, 198.09], [0.5832965090587715, 113.15]], "0.09": [[0.6849126034958601, 65.22], [0.5738498789346247, 41.3], [0.5787985865724382, 70.75], [0.5353139013452914, 35.68], [0.5239090671544291, 38.27], [0.6354733405875952, 55.14], [0.6897724607084214, 85.26], [0.38840080071174377, 179.84], [0.7653363418417712, 70.91], [0.5870488322717622, 75.36]], "0.12": [[0.64398018522507, 46.43], [0.5792079207920792, 34.34], [0.5763873535264206, 45.23], [0.5328162291169452, 33.52], [0.518751969744721, 31.73], [0.5951807228915663, 37.35], [0.6658522563955159, 69.58], [0.4284065617014261, 121.31], [0.5391047712739794, 20.33], [0.5848237541239799, 57.59]], "0.15": [[0.625453665618195, 41.33], [0.5649371575894296, 31.03], [0.5634517766497462, 37.43], [0.5318406513521372, 34.39], [0.5140630294815317, 29.51], [0.5824915824915825, 29.7], [0.6399431702861782, 49.27], [0.45673925838728663, 84.95], [0.47305389221556887, 15.03], [0.5655801319363601, 51.54]], "0.18": [[0.6136858475894246, 32.15], [0.5539647577092511, 27.24], [0.5477216748768473, 32.48], [0.5330965450435906, 30.97], [0.5250286587695835, 26.17], [0.5867219917012448, 24.1], [0.6264822134387352, 40.48], [0.4836716681376876, 56.65], [0.40261627906976744, 13.76], [0.5399272104474416, 46.71]], "0.21": [[0.5977188655980271, 32.44], [0.5560693641618497, 25.95], [0.5480949406620862, 32.02], [0.5249741646572511, 29.03], [0.4937563280458994, 29.63], [0.560485754320411, 21.41], [0.6253581661891118, 41.88], [0.49249892841834547, 46.66], [0.36846213895394225, 12.81], [0.4971172325432415, 31.22]], "0.24": [[0.5727242190124286, 29.77], [0.5420393559928444, 27.95], [0.5264595425059747, 29.29], [0.5340947262344642, 29.77], [0.5049577671685641, 27.23], [0.5516883116883117, 19.25], [0.6127646517336607, 32.59], [0.4883567662565905, 45.52], [0.33866891322662174, 11.87], [0.45356835769561477, 23.26]], "0.27": [[0.5722872508699779, 31.61], [0.5569007263922519, 24.78], [0.535426731078905, 24.84], [0.5159074475777295, 27.66], [0.5028328611898017, 28.24], [0.5400788436268068, 15.22], [0.6096791162546028, 38.02], [0.47544303797468357, 39.5], [0.33756345177664976, 11.82], [0.42268565615462866, 19.66]], "0.3": [[0.562457337883959, 29.3], [0.5340953882538432, 25.37], [0.5374479889042996, 28.84], [0.5095771593783881, 27.67], [0.5274095306341813, 27.91], [0.5166872682323856, 16.18], [0.6056791569086651, 34.16], [0.5061431623931624, 37.44], [0.3139635732870772, 11.53], [0.3925549915397631, 17.73]]}, "goal_only": {"0.0": [[1.0, 200.0], [0.49805, 200.0], [0.522, 200.0], [0.40865, 200.0], [0.25115, 200.0], [0.99965, 200.0], [1.0, 200.0], [0.13795, 200.0], [1.0, 200.0], [0.50015, 200.0]], "0.03": [[0.9267266118232256, 156.81], [0.67635, 200.0], [0.58965, 200.0], [0.37985855728429985, 176.75], [0.322257304665965, 199.53], [0.961640916355887, 187.7], [0.9765637125562626, 193.29], [0.1914, 200.0], [0.9837732036873342, 158.38], [0.4869, 200.0]], "0.06": [[0.8965580040065562, 109.82], [0.57595, 200.0], [0.5642, 200.0], [0.30012908777969016, 185.92], [0.29344073647871116, 199.87], [0.913851041730311, 163.67], [0.8272486383041366, 135.86], [0.184, 200.0], [0.9500900437355286, 77.74], [0.4862, 200.0]], "0.09": [[0.8980190755685987, 81.78], [0.5464773238661933, 199.99], [0.5702181633688483, 197.1], [0.2820362785254535, 187.99], [0.29375470278404814, 199.35], [0.884510969256732, 136.29], [0.6561679790026247, 106.68], [0.1995, 200.0], [0.9203765757140577, 62.67], [0.48625, 200.0]], "0.12": [[0.8935500125976317, 79.38], [0.55505, 200.0], [0.5554398750650703, 192.1], [0.2702207805796798, 191.14], [0.2999749812359269, 199.85], [0.853625170998632, 124.27], [0.5870948790756878, 102.13], [0.20952095209520952, 199.98], [0.911060232476224, 56.78], [0.4793, 200.0]], "0.15": [[0.8717179294823706, 79.98], [0.58415, 200.0], [0.5616320840705592, 186.51], [0.26668755875900974, 191.46], [0.29829488465396187, 199.4], [0.8409804605722261, 114.64], [0.5541325977736183, 101.51], [0.20854170834166832, 199.96], [0.9024686361796843, 49.42], [0.46895, 200.0]],