{"both": {"0.0": [[1.0, 200.0], [1.0, 200.0], [1.0, 200.0], [1.0, 200.0], [1.0, 200.0], [1.0, 200.0], [1.0, 200.0], [1.0, 199.99], [1.0, 199.8], [1.0, 199.69]], "0.03": [[0.9670995130478212, 160.18], [0.9713871308016878, 75.84], [0.9961272475795298, 144.6], [0.994373302289484, 103.08], [0.9916275954454119, 89.58], [0.9680956608010025, 191.51], [0.9640409797136847, 147.39], [0.9921468359053968, 109.51], [0.9319071588366891, 71.52], [0.9977076591154261, 74.16]], "0.06": [[0.8847705873561501, 66.91], [0.9243136284936928, 40.43], [0.9836923076923076, 65.0], [0.9553765781454071, 45.94], [0.9531040643144261, 44.78], [0.9410052613903503, 89.33], [0.851842070513667, 75.73], [0.8794010522055847, 49.42], [0.8577666874610106, 32.06], [0.9858017817371938, 35.92]], "0.09": [[0.8396846254927727, 38.05], [0.8845907928388747, 31.28], [0.9649122807017544, 42.18], [0.9442780107849011, 33.38], [0.932790837854129, 33.18], [0.9416031244188209, 53.77], [0.7761341222879684, 40.56], [0.8538993089832182, 40.52], [0.7873134328358209, 26.8], [0.973162549557792, 32.79]], "0.12": [[0.8192660550458716, 32.7], [0.8756963788300836, 28.72], [0.9455295735900963, 36.35], [0.931917762049208, 29.67], [0.926853055916775, 30.76], [0.9305049453409683, 38.42], [0.7441306566859476, 29.39], [0.8287825248955991, 31.13], [0.7419853225183468, 25.89], [0.9467737139458816, 33.63]], "0.15": [[0.8235112619561864, 32.41], [0.8585672082717873, 27.08], [0.9306898774983882, 31.02], [0.9182130584192439, 29.1], [0.9186184994045256, 25.19], [0.9465954606141522, 37.45], [0.7345537757437071, 30.59], [0.8415841584158416, 27.27], [0.7319919517102615, 24.85], [0.9316949765088544, 27.67]], "0.18": [[0.8236925515055468, 25.24], [0.8604329801934593, 21.71], [0.9167482859941234, 30.63], [0.920817843866171, 26.9], [0.9056530214424952, 25.65], [0.9233625928426739, 29.62], [0.6994362226920366, 28.38], [0.8122362869198312, 23.7], [0.7248609328198545, 23.37], [0.9464906184850591, 28.78]], "0.21": [[0.8268847227762266, 25.07], [0.8529533250722842, 24.21], [0.8982057854265837, 27.31], [0.941469013006886, 26.14], [0.9306320907617504, 30.85], [0.932182103610675, 31.85], [0.7230514096185738, 24.12], [0.8284569138276553, 24.95], [0.705187684521299, 23.71], [0.9520112914608327, 28.34]], "0.24": [[0.8482596793116934, 25.57], [0.8660049627791563, 24.18], [0.8671454219030521, 27.85], [0.9293796332422942, 25.63], [0.9489996076892899, 25.49], [0.9316306483300589, 25.45], [0.7478016180091452, 28.43], [0.8367016976556184, 24.74], [0.7137078651685393, 22.25], [0.9480626545754328, 24.26]], "0.27": [[0.832201358369956, 25.03], [0.9247699079631853, 24.99], [0.8658055256548259, 27.87], [0.9440924338427134, 26.83], [0.9316928298684769, 23.57], [0.9294871794871795, 26.52], [0.7568039078855547, 28.66], [0.8185894822666123, 24.53], [0.6977491961414791, 21.77], [0.9479522184300341, 23.44]], "0.3": [[0.8711111111111111, 27.0], [0.9030769230769231, 26.0], [0.8372423596304194, 28.14], [0.9285397248113626, 22.53], [0.949648711943794, 25.62], [0.9319009468317553, 27.46], [0.7592031182330014, 23.09], [0.8646917534027222, 24.98], [0.6801864801864802, 21.45], [0.9328743545611016, 23.24]]}, "action_only": {"0.0": [[1.0, 200.0], [1.0, 200.0], [1.0, 200.0], [1.0, 200.0], [1.0, 199.98], [1.0, 200.0], [1.0, 200.0], [1.0, 199.99], [1.0, 199.62], [1.0, 199.61]], "0.03": [[0.99975, 200.0], [0.95555, 200.0], [0.9949, 200.0], [0.9972, 200.0], [0.9944, 200.0], [0.9688344172086043, 199.9], [0.99435, 200.0], [0.9746765620298866, 199.42], [0.887584489505514, 196.77], [0.9918426583925533, 199.82]], "0.06": [[0.8215, 200.0], [0.8399235335546835, 198.78], [0.95585, 200.0], [0.83685, 200.0], [0.7489, 200.0], [0.8440582903500425, 199.69], [0.8942394239423942, 199.98], [0.8047069587759874, 196.73], [0.5517346782821336, 130.86], [0.8756697210955886, 199.71]], "0.09": [[0.5999491482329011, 196.65], [0.6799719131468078, 185.14], [0.8397845673730306, 198.67], [0.7453218178079375, 194.52], [0.591697960012179, 197.06], [0.7538185573734848, 183.97], [0.6659624767365827, 198.81], [0.7113623827909542, 181.3], [0.4381724186111499, 71.57], [0.7023411371237458, 197.34]], "0.12": [[0.46217376940865545, 151.35], [0.559479305740988, 149.8], [0.6988598599110384, 195.59], [0.6743240955014957, 177.17], [0.4979064039408867, 162.4], [0.67565682399442, 172.04], [0.5366300366300366, 185.64], [0.6199487482751823, 152.19], [0.39081687132941806, 37.46], [0.5787281935846933, 177.7]], "0.15": [[0.4165908861271092, 98.97], [0.486626317844592, 102.44], [0.5948910912078011, 188.69], [0.5824420357476132, 139.31], [0.4627245001694341, 118.04], [0.5688948558507632, 141.52], [0.46887121162316747, 152.11], [0.5224452402765054, 120.07], [0.33638025594149906, 27.35], [0.4992754123248913, 144.91]], "0.18": [[0.37218785151856015, 71.12], [0.4156769596199525, 75.78], [0.5051046025104603, 179.25], [0.522955948253995, 118.27], [0.4431237218813906, 78.24], [0.5128412865591834, 123.43], [0.42473340497644047, 120.97], [0.42444110060189166, 93.04], [0.2797902764537655, 20.98], [0.45817111385433484, 105.31]], "0.21": [[0.323943661971831, 45.44], [0.3553925952423538, 55.91], [0.452644602536344, 161.65], [0.4410606762389995, 86.36], [0.43157334751961696, 75.19], [0.45648992457503096, 88.83], [0.4007104007104007, 90.09], [0.36402934241550955, 76.34], [0.2219730941704036, 17.84], [0.42654405086285196, 88.08]], "0.24": [[0.2983928999760134, 41.69], [0.3164128595600677, 41.37], [0.4134763707754873, 142.62], [0.38195577978928624, 67.39], [0.3910338517840805, 54.65], [0.43057974620552375, 80.38], [0.38989117983963345, 69.84], [0.32323232323232326, 45.54], [0.2325933400605449, 19.82], [0.3981212874706451, 72.39]], "0.27": [[0.3113207547169811, 42.4], [0.3025, 36.0], [0.37622610141313384, 120.3], [0.345561880666245, 47.43], [0.36260162601626017, 49.2], [0.39673040432053713, 68.51], [0.37777777777777777, 61.2], [0.3198063177311506, 43.37], [0.16698172652804033, 15.87], [0.36610546378653114, 62.96]], "0.3": [[0.2657018022938285, 36.62], [0.30179704016913317, 37.84], [0.35625833492093734, 104.98], [0.32047986289631536, 46.68], [0.37587006960556846, 43.1], [0.3530856113930267, 61.09], [0.35583872194750854, 52.58], [0.3164431197218082, 40.26], [0.18619934282584885, 18.26], [0.3416651997887696, 56.81]]}, "goal_only": {"0.0": [[1.0, 200.0], [1.0, 200.0], [1.0, 200.0], [1.0, 200.0], [1.0, 200.0], [1.0, 200.0], [1.0, 200.0], [1.0, 200.0], [1.0, 199.54], [1.0, 199.33]], "0.03": [[0.9984396671289875, 173.04], [1.0, 70.21], [0.9969738832971515, 152.01], [1.0, 116.23], [1.0, 86.65], [0.9886029784216391, 197.42], [0.9984641161686679, 143.24], [0.9992942214380238, 113.35], [0.990084416454509, 74.63], [0.9981904546482696, 88.42]], "0.06": [[0.9997658353822737, 85.41], [1.0, 39.06], [0.9988499137435307, 69.56], [0.9988853798996842, 53.83], [1.0, 47.44], [0.984925588094095, 104.15], [0.9975025708829146, 68.07], [0.9998162440279309, 54.42], [0.9932325738777351, 44.33], [1.0, 38.9]], "0.09": [[0.9966270193502574, 56.33], [1.0, 32.13], [0.9975990396158463, 41.65], [1.0, 30.7], [1.0, 33.33], [0.9891969751530428, 55.54], [0.999195494770716, 49.72], [0.9967439967439967, 49.14], [0.9996869129618033, 31.94], [1.0, 34.83]], "0.12": [[1.0, 44.89], [1.0, 29.42], [1.0, 34.75], [1.0, 29.29], [1.0, 30.34], [0.9905223716111968, 45.37], [0.9997464503042597, 39.44], [1.0, 36.34], [0.9996635262449529, 29.72], [1.0, 31.54]], "0.15": [[1.0, 40.15], [1.0, 23.19], [1.0, 34.11], [1.0, 29.12], [1.0, 28.22], [0.9973346256360552, 41.27], [1.0, 33.78], [1.0, 31.45], [1.0, 27.47], [1.0, 27.75]], "0.18": [[1.0, 33.25], [1.0, 23.76], [1.0, 32.8], [1.0, 29.38], [1.0, 27.4], [0.9910714285714286, 32.48], [1.0, 28.07], [1.0, 26.85], [1.0, 25.43], [1.0, 26.56]], "0.21": [[1.0, 31.29], [1.0, 24.86], [1.0, 32.66], [1.0, 28.0], [1.0, 27.93], [0.9977763659466328, 31.48], [0.9997030878859857, 33.68], [1.0, 27.77], [0.999252895031752, 26.77], [1.0, 25.41]],