{"0.0": [93.3147705578694, 93.26575117160588, 92.89307556034828, 94.08222222333461, 93.24113360284251, 93.39114247024521, 91.9868280424584, 93.35625628656862, 94.3288675814969, 94.26761911800533], "0.025": [93.03316070409717, 92.47080176174526, 94.43143939373637, 92.09065724566919, 92.99238763718766, 93.26844058196632, 92.5373456218862, 93.27054571955709, 94.27909459060244, 93.98949622700039], "0.05": [92.53453992240622, 92.37679754555992, 94.33404163667169, 94.27060532007981, 92.28761781050505, 93.02244133297802, 92.99906505082022, 93.1759157750067, 94.23515009277234, 93.57108781531173], "0.07500000000000001": [91.2818200959551, 91.83423663420572, 94.42245766217071, 94.19410321801455, 92.31193795419642, 92.52023810845202, 92.56328614477708, 92.65067041475011, 94.18235890253499, 94.0747967193135], "0.1": [91.15066159594811, 91.16550740942616, 94.41231811670596, 93.68690283678801, 91.96181783940918, 91.61337819723538, 93.80814327893292, 91.81840450798455, 94.16410221966134, 93.71666092419771], "0.125": [91.06504693861768, 85.639749244519, 94.46093550563084, 93.9172307638095, 91.18146940956598, 86.37084077317914, 93.67630335270621, 85.26354155645309, 94.15170275465945, 93.86703725169491], "0.15000000000000002": [79.56181409957881, 75.52549673063844, 93.23014014864434, 93.43562760711083, 87.75714970608506, 83.0749728852332, 93.5808933580572, 74.5638499836843, 94.11889682781306, 93.43238987494188], "0.17500000000000002": [75.12675853979336, 71.26165576548696, 94.18295143921495, 92.20140564703615, 64.80721512402754, 67.55558045762737, 93.54603447805667, 55.82121038138949, 93.96851446544107, 93.18488251177514], "0.2": [61.22532748701441, 48.753629192725654, 94.14414274383724, 92.89129343079098, 66.82739993096581, 62.92339146592933, 93.45248881186352, 51.170852684135774, 93.69898652861592, 89.79128576556982], "0.225": [54.64159185925266, 56.981183905420906, 83.85570019402324, 92.85537284738837, 49.629313302023846, 51.267508852938136, 93.41475410118942, 38.94545032512065, 93.09199096011393, 77.76447758738047], "0.25": [54.47141380940523, -17.011969659416522, 70.54735067665142, 92.5446075045309, 41.51670146155834, 50.77561509871601, 93.33794769456428, 28.804072168354125, 88.98067155218716, 73.3033663872974], "0.275": [40.39487038025895, -17.356324086879216, 57.54331567155616, 88.15840666411238, 25.636561758169936, 38.71777448192826, 93.26699629408728, 10.698226899601382, 81.23653039364387, 56.1324148138572], "0.30000000000000004": [22.938565173520104, -18.369211157805697, 58.369058571447624, 81.30286095597643, -17.627649768184753, 26.639997956615346, 93.18211507325805, -18.76130826916386, 61.40018333720197, 55.50014915236592]}