{"goal": {"0.0": [], "0.02": [], "0.04": [], "0.06": [], "0.08": [], "0.1": [], "0.12": [], "0.14": [], "0.16": [], "0.18": [], "0.2": []}, "action": {"0.0": [91.0069999999852, 94.13799999998945, 89.71399999998232, 95.0269999999919, 91.50599999998538], "0.02": [63.68999999997289, 31.348000000014498, 64.94299999998469, 92.7779999999889, 73.01899999997799], "0.04": [14.712000000003831, 17.42700000000507, 21.484000000012728, 92.1489999999904, 6.4859999999949745], "0.06": [-9.573000000005925, -25.365999999976697, -24.009999999974884, 88.00699999998237, -24.215999999975956], "0.08": [-31.353999999973126, -41.60399999997176, -38.833999999971375, 40.5640000000133, -35.21899999997241], "0.1": [-31.202999999971468, -47.34699999999511, -47.62399999999612, -28.087999999976905, -43.38699999998], "0.12": [-41.18999999997221, -50.00000000000659, -47.25299999999932, -46.58299999999426, -43.546999999987655], "0.14": [-41.03299999997237, -50.00000000000659, -48.62800000000068, -50.00000000000659, -43.4319999999802], "0.16": [-46.82399999999322, -50.00000000000659, -44.58799999998326, -44.86399999998632, -44.055999999982525], "0.18": [-48.70100000000095, -50.00000000000659, -46.81399999999387, -48.66200000000081, -48.634000000000704], "0.2": [-48.64600000000075, -50.00000000000659, -43.7229999999792, -42.19599999997501, -44.54699999998963]}}