{"goal": {"0.0": [95.68199999999226, 89.28699999998904, 87.51099999998416, 97.3039999999952, 91.52599999998851], "0.02": [29.7020000000192, -0.1120000000010666, 62.65299999998316, 68.999999999996, 56.846999999985876], "0.04": [1.6689999999967224, 13.58900000000305, 25.10700000000859, 0.23299999999859097, -50.00000000000659], "0.06": [-0.17900000000339417, -9.308000000006484, 17.94400000000187, 12.485000000017651, -50.00000000000659], "0.08": [15.7820000000045, -25.692999999976987, 2.277999999998559, -2.23100000000167, -50.00000000000659], "0.1": [-15.062999999992913, 44.34200000000965, 9.042000000001476, -11.76199999999941, -50.00000000000659], "0.12": [7.557999999994243, -2.7670000000017207, -13.176999999989635, -14.511999999990168, -48.706000000002106], "0.14": [13.549999999999777, -32.719999999973204, -18.51999999999139, -36.71699999997052, -50.00000000000659], "0.16": [-0.172000000004291, -9.492000000003458, -36.52199999997152, -30.288999999978913, -50.00000000000659], "0.18": [19.92600000000492, -1.4299999999998807, -17.63199999999517, -34.36299999997325, -50.00000000000659], "0.2": [-20.631999999987475, -3.1100000000059698, -32.8739999999754, -36.5869999999726, -50.00000000000659]}, "action": {"0.0": [95.68999999999224, 86.48699999998577, 88.45399999998811, 97.4439999999952, 90.09899999999148], "0.02": [10.127999999997122, -41.384999999972955, -3.2910000000003583, 68.93799999998681, 29.275000000018576], "0.04": [32.91100000001952, -37.09299999996993, -43.15499999998282, 28.46400000000814, -50.00000000000659], "0.06": [20.25300000001154, -34.999999999972985, -37.23399999997118, 9.173999999999042, -45.66699999999264], "0.08": [-6.880000000004912, -21.656999999982787, -48.570000000000476, 19.72100000001416, -50.00000000000659], "0.1": [0.23999999999625743, -25.10999999997516, -45.124999999990614, 30.0410000000182, -45.654999999989926], "0.12": [-20.507999999980814, -34.4049999999751, -37.906999999970566, -2.7130000000025114, -50.00000000000659], "0.14": [-33.11599999997106, -24.796999999974627, -36.60499999997369, 24.371000000022544, -50.00000000000659], "0.16": [-33.162999999977835, 4.131999999997722, -39.26799999996796, 23.231000000019943, -50.00000000000659], "0.18": [-38.87699999997047, -35.070999999971555, -32.211999999970814, -0.037000000003495834, -50.00000000000659], "0.2": [-37.62099999996969, -44.805999999985104, -32.28699999997517, 26.112000000016636, -50.00000000000659]}}