{"goal": {"0.0": [], "0.02": [], "0.04": [], "0.06": [], "0.08": [], "0.1": [], "0.12": [], "0.14": [], "0.16": [], "0.18": [], "0.2": []}, "action": {"0.0": [90.45499999998498, 94.04099999998914, 89.78899999998244, 95.26399999999205, 91.5439999999854], "0.02": [75.06599999998556, 81.1359999999862, 24.36700000001929, -29.621999999974456, 85.09299999997917], "0.04": [-0.024000000004946287, 30.68100000002078, -33.10299999997487, -47.38099999999524, 2.808999999997326], "0.06": [-14.272000000000704, -29.439999999974237, -45.985999999989254, -44.694999999985924, -31.15599999997754], "0.08": [-10.083000000006804, -45.19499999999091, -48.98300000000652, -46.063999999991566, 4.398999999997708], "0.1": [-7.620000000002157, -45.05599999998496, -50.00000000000659, -41.88299999997487, -12.436000000003592], "0.12": [-13.934999999992876, -50.00000000000659, -47.49899999999567, -36.650999999972775, -30.062999999972472], "0.14": [-36.20999999996887, -48.74400000000202, -44.87699999998544, -36.40399999996989, -22.76999999998923], "0.16": [-40.647999999967844, -50.00000000000659, -43.43099999998813, -34.80999999997133, -28.535999999973168], "0.18": [-47.58899999999713, -50.00000000000659, -43.98599999998016, -40.39799999996984, -27.391999999972985], "0.2": [-43.62399999997998, -50.00000000000659, -42.28299999997391, -41.72699999997644, -26.84999999998144]}}