{"goal": {"0.0": [95.69999999999227, 89.38199999998616, 86.18099999998894, 97.37399999999525, 88.54199999998954], "0.02": [89.50099999998993, -42.99299999998309, -32.49999999997503, 76.72599999997898, 43.7409999999991], "0.04": [-6.555000000005501, -42.719999999975556, -14.566999999994666, 2.4659999999983824, 39.78500000001644], "0.06": [31.81300000001211, -37.22899999997119, -5.636000000005297, -44.44099999998386, 40.03600000001552], "0.08": [8.641999999997429, -27.314999999983925, -45.85999999998993, -9.740000000000686, 24.486000000003877], "0.1": [30.937000000013107, -48.55500000000127, -44.60699999998788, 6.834999999993646, 6.191999999998751], "0.12": [13.961999999998774, -50.00000000000659, -39.06999999997241, 34.3290000000139, 9.28299999999443], "0.14": [-10.205000000004935, -48.70200000000095, -50.00000000000659, 30.80700000001752, -24.70899999998984], "0.16": [-16.77299999999464, -47.38299999999524, -50.00000000000659, 18.801000000008244, -34.33199999997571], "0.18": [-10.622999999998337, -47.35499999999969, -44.632999999984285, -21.733999999976078, -35.3349999999745], "0.2": [-33.238999999971746, -50.00000000000659, -47.70599999999642, -37.6399999999728, -35.293999999973295]}, "action": {"0.0": [95.69499999999225, 86.49099999998705, 86.94199999998466, 97.3109999999956, 83.93199999999432], "0.02": [74.0759999999865, 5.922999999996289, -18.392999999988835, 59.46599999998678, 36.056000000011565], "0.04": [-17.3939999999953, -17.464999999992354, -6.755000000005403, 37.45000000001379, -35.69699999997338], "0.06": [19.739000000002747, -15.28599999999745, -11.335000000004804, 4.6429999999965, -28.28399999997869], "0.08": [-10.90500000000547, -32.245999999975446, -19.768999999983013, -30.307999999975912, -32.090999999978365], "0.1": [-32.99999999997202, -25.783999999977468, -18.925999999979002, -4.38800000000003, -31.07599999997337], "0.12": [-31.23599999997436, -24.217999999975248, -33.011999999972495, -10.271000000003793, -42.08299999997451], "0.14": [-32.162999999973856, -27.521999999972735, -34.59399999997086, -29.173999999973454, -36.76699999997017], "0.16": [-40.94899999997028, -26.08199999997149, -21.192999999985126, -29.582999999973136, -46.20399999999215], "0.18": [-47.581999999998786, -18.92999999998291, -26.291999999978078, -34.03199999997133, -43.56299999998676], "0.2": [-45.0249999999894, -16.410999999974884, -14.10999999999559, -40.24599999997108, -50.00000000000659]}}