{"goal": {"0.0": [], "0.02": [], "0.04": [], "0.06": [], "0.08": [], "0.1": [], "0.12": [], "0.14": [], "0.16": [], "0.18": [], "0.2": []}, "action": {"0.0": [92.26299999998929, 90.60799999999084, 89.05099999998828, 83.68599999999428, 87.92699999998949], "0.02": [69.02299999999, 80.93899999998392, 73.32199999998785, 29.06600000001322, 75.96899999998996], "0.04": [-4.7120000000058635, 43.96900000000751, 44.119000000008946, 2.3039999999991347, 58.047999999991944], "0.06": [-28.09199999997699, 25.84400000001358, 7.146999999992408, 9.57699999999325, 18.558000000009866], "0.08": [-43.47699999998275, 18.02300000002186, -7.543000000001867, 5.888999999996503, -10.62999999999102], "0.1": [-43.10199999997775, 2.266999999997421, -9.886999999998382, -4.5300000000045255, -24.42799999997305], "0.12": [-43.95499999998324, -16.220999999984027, -26.163999999977396, -9.38500000000605, -38.8439999999683], "0.14": [-47.805999999996786, -8.430000000002673, -37.449999999969776, -25.235999999973224, -46.57799999999368], "0.16": [-46.57699999999254, -16.855999999995365, -47.268999999997106, -27.89299999998001, -48.91000000000171], "0.18": [-50.00000000000659, -26.06799999997362, -44.9689999999893, -27.98999999997661, -50.00000000000659], "0.2": [-50.00000000000659, -35.91699999997073, -50.00000000000659, -35.39999999997301, -50.00000000000659]}}