{"goal": {"0.0": [97.17799999999487, 91.00099999998632, 93.18799999999224, 97.86599999999608, 97.68299999999579], "0.02": [38.48200000001634, 97.69799999999577, 82.52799999998882, 93.20599999998765, -19.04799999998846], "0.04": [30.500000000009777, 86.64599999998681, 58.151999999975445, 52.152999999981745, -19.85499999999123], "0.06": [63.32299999998191, 37.18800000001513, 29.48800000000659, 28.263000000010337, 67.21499999998875], "0.08": [15.1250000000028, -20.151999999984895, 33.181000000017185, -27.187999999977816, 57.19100000000085], "0.1": [37.174000000014566, -12.823999999994797, 42.7380000000109, -26.076999999975875, 0.05799999999907945], "0.12": [5.028999999999612, -4.818000000006438, 44.66100000000657, -15.692999999992855, -12.7629999999987], "0.14": [-4.286000000006214, -36.979999999975455, 33.3140000000109, -12.783999999998917, -38.062999999969776], "0.16": [-5.905000000005804, -48.58000000000506, 0.1329999999986125, -29.30999999997202, -41.20299999996935], "0.18": [-22.57699999998124, -50.00000000000659, -15.778999999986004, -30.274999999971143, -48.77100000000209], "0.2": [-24.368999999984876, -44.4309999999927, -13.191999999987273, -22.018999999981975, -46.53499999999239]}, "action": {"0.0": [95.91599999999549, 90.52199999998494, 94.67899999999455, 97.85399999999603, 97.66999999999571], "0.02": [95.73999999999303, -6.730000000003295, 61.93399999997664, 83.07999999998405, -40.59799999997038], "0.04": [10.925000000003136, 16.590000000003414, 40.40200000002496, 71.01799999996561, -23.052999999979292], "0.06": [8.394999999994972, -15.765999999999446, 0.49199999999752436, 16.120000000003753, -38.874999999968495], "0.08": [-35.29499999997204, -24.8559999999801, -26.045999999975475, -24.368999999981785, -39.45799999997279], "0.1": [-32.295999999973446, -43.37199999997906, -40.361999999968106, -35.299999999971575, -48.8930000000062], "0.12": [-46.13599999999286, -47.315999999995, -47.3429999999951, -29.20999999997757, -50.00000000000659], "0.14": [-30.949999999975486, -47.73699999999747, -50.00000000000659, -44.570999999982284, -48.96100000000275], "0.16": [-41.38599999997002, -43.93299999998027, -50.00000000000659, -50.00000000000659, -48.97100000000193], "0.18": [-33.82399999997483, -50.00000000000659, -50.00000000000659, -48.787000000001264, -50.00000000000659], "0.2": [-47.47100000000125, -48.93300000000179, -50.00000000000659, -48.90500000000169, -45.82999999998778]}}