{"both": {"0.0": [96.21499999999402, 87.01699999998976, 95.90899999999186, 91.3889999999976, 97.15699999999484, 96.4079999999936, 97.85799999999604, 97.69799999999583, 89.98399999999009, 98.11499999999654], "0.02": [64.077999999987, 92.525999999989, -15.099999999983668, 87.03599999998725, 39.59700000001407, 9.379999999996858, 66.90999999997659, -20.410999999984337, 54.199000000002215, 22.172000000006932], "0.04": [53.8049999999922, 59.253999999993624, -33.78599999997244, 61.63599999998575, -32.731999999973866, -42.884999999977055, 12.681000000006298, -1.450000000002217, 78.19799999997493, -0.011999999999621026], "0.06": [1.212999999996913, 18.3610000000118, -44.51799999998869, 27.305000000014488, -36.358999999967885, -24.94099999997844, 5.834999999998612, -26.054999999974775, 61.269999999989835, -13.367000000000566], "0.08": [-14.217999999984706, -11.079999999991387, -35.9409999999723, 27.17100000001647, -36.155999999974696, -20.494999999983335, -10.011000000000985, -40.111999999968106, 29.347000000022664, -13.528999999993278], "0.1": [-6.840000000002565, -28.50699999997698, -42.091999999974085, 20.217000000006273, -44.14699999998275, -32.304999999974484, -14.748999999982376, -44.58999999998326, 9.562999999994785, -25.150999999981494], "0.12": [-34.60299999997185, -28.176999999975756, -37.234999999971336, 24.503000000015014, -34.59699999997085, -35.044999999971076, -6.331000000005118, -44.61199999998507, -1.7190000000020518, -17.95899999999076], "0.14": [-14.176999999999152, -32.04399999997498, -44.29499999998434, 19.955000000020878, -47.633999999996156, -46.042999999995146, -19.8839999999778, -45.961999999990304, -8.86900000000206, 1.1089999999968745], "0.16": [3.251999999994324, -27.062999999976945, -45.82399999998952, 21.551000000012365, -48.89900000000206, -48.67800000000541, -36.441999999968715, -45.796999999994576, 4.185999999994741, 5.540000000009847], "0.18": [-5.858000000002953, -31.974999999970052, -42.99399999997769, 1.1849999999957908, -50.00000000000659, -40.74099999996867, -7.416000000007046, -44.69099999998695, 6.283999999996378, -10.39799999999465], "0.2": [-4.98400000000634, -30.54399999997713, -34.11299999997371, 16.640000000011465, -50.00000000000659, -47.818999999996834, -3.7420000000079985, -47.558000000000426, -3.630000000003258, -8.988000000004508]}, "goal_only": {"0.0": [97.69299999999573, 91.44199999999213, 95.63899999999079, 93.90199999999386, 97.1819999999949, 96.40399999999352, 97.85199999999605, 96.1489999999938, 93.9849999999896, 96.62599999999476], "0.02": [97.69199999999574, 91.0669999999886, 43.86700000000983, 94.32999999999396, 96.5359999999937, -30.986999999974756, 97.83699999999607, -9.728000000003089, 20.50900000001927, 98.09099999999646], "0.04": [96.22099999999641, 82.91099999999071, -22.33499999998443, 93.86799999999168, 95.20399999999162, -47.119999999999266, 85.05299999998607, -20.62599999998997, 14.138000000016905, 96.6129999999947], "0.06": [96.216999999994, 56.096999999984135, -31.381999999978547, 97.28099999999515, 95.57199999999187, -48.54500000000493, 86.78299999998282, -27.167999999973, 10.585999999995757, 96.61099999999473], "0.08": [97.69399999999574, 58.11899999997459, -31.451999999975072, 92.87499999999, 96.31099999999327, -45.66099999998921, 85.14899999998956, -27.272999999977007, 37.638000000014955, 98.10499999999651], "0.1": [97.68199999999575, 47.495000000005454, -29.832999999973936, 94.31099999999579, 96.99899999999448, -47.10799999999424, 75.9559999999806, -26.087999999979548, 35.32600000001136, 95.13499999999298], "0.12": [94.73799999999406, 40.817000000012, -25.276999999973405, 94.3479999999917, 97.01499999999446, -50.00000000000659, 66.0979999999776, -20.90099999997825, 20.199000000000648, 98.08199999999644], "0.14": [96.2119999999964, 48.666999999996925, -25.199999999977255, 95.77299999999344, 97.11399999999472, -47.09999999999422, 30.474000000018734, -30.65999999997876, 25.88800000001101, 98.08899999999645], "0.16": [97.69499999999574, 40.93100000001791, -12.549999999995437, 95.79699999999501, 96.96399999999453, -48.54500000000493, 68.34399999998736, -37.90099999997114, 57.88299999998642, 96.60299999999474], "0.18": [97.68699999999573, 50.75300000000282, -23.91399999998449, 95.74299999999323, 96.80299999999424, -50.00000000000659, 61.13499999998873, -35.56699999997258, 54.185000000000926, 96.62799999999476], "0.2": [97.69499999999574, 74.15599999997406, -18.052999999978862, 89.92699999998817, 96.65899999999395, -48.555000000004966, 81.64899999998646, -31.480999999978074, 45.74700000000563, 96.6199999999971]}, "action_only": {"0.0": [96.21499999999399, 87.0679999999919, 95.21499999999475, 95.80299999999333, 95.71799999999315, 96.40999999999357, 97.81999999999601, 94.71599999999451, 93.39699999998986, 98.10499999999651], "0.02": [63.00499999999698, 77.53899999998386, 5.681999999994219, 91.46299999999, 71.33499999997173, 88.2499999999915, 65.47199999999215, 52.00699999999818, 92.69299999998755, 14.668000000008337], "0.04": [57.90999999998914, 55.24600000000101, 19.122000000007173, 45.46100000000586, -28.68399999997168, 63.10099999996855, 46.106000000011434, 37.48400000001178, 89.92999999998615, -0.0050000000019992654], "0.06": [17.65600000000808, 10.384000000008406, 14.221000000000766, 32.031000000010174, -32.08799999997275, 10.67100000000246, 10.982999999994682, 24.44700000001368, 66.77499999998042, -16.283999999995373], "0.08": [-12.956000000001724, -1.5279999999989413, 14.530000000013503, 20.27700000000545, -32.1919999999748, 35.5920000000139, 4.9149999999985186, -3.770000000000498, 55.26899999999454, -15.34799999998827], "0.1": [-38.319999999969966, -31.809999999973858, 4.4529999999988705, 7.083999999996628, -36.27399999997286, 19.114000000013554, 5.79399999999775, -19.408999999986897, 54.87799999999875, -17.808999999983975], "0.12": [-36.156999999971056, -28.81299999997565, -20.27299999998425, 12.46500000000027, -44.5869999999832, 1.005000000001048, -8.062999999996697, -34.4509999999754, 37.00100000001568, -26.427999999978837], "0.14": [-11.46700000000431, -35.81799999997374, -29.22399999997445, 16.786000000001682, -42.009999999973424, -23.264999999976986, -13.923000000003599, -41.41599999997531, 28.686000000019245, -27.802999999976574], "0.16": [4.212999999999081, -48.92300000000176, -34.481999999973475, 2.5959999999948105, -48.92000000000175, -20.64099999998911, 13.22100000000814, -47.32099999999502, 13.732000000015326, -4.312000000001499], "0.18": [-1.1700000000020574, -43.00499999997773, -40.10899999997266, 14.423000000006878, -50.00000000000659, -33.92299999997032, 11.35199999999709, -48.724000000001034, -27.435999999972815, 4.621999999999482], "0.2": [-8.958000000007472, -41.85899999997557, -46.19599999999115, -3.559000000006175, -48.63000000000069, -27.378999999972866, 25.249000000014433, -46.336999999991576, -30.71599999997541, -4.204000000003083]}}