{"both": {"0.0": [96.06099999999361, 94.89499999999153, 93.01399999999374, 92.25999999998754, 94.90899999999485, 97.94799999999623, 95.12999999999249, 92.7779999999881, 97.44999999999541, 90.96199999998942], "0.01": [83.49499999999078, 72.6779999999844, 88.42399999999348, 89.89699999998669, 82.34099999999228, 95.0909999999953, 93.59099999998912, 76.95199999998341, 42.84500000000778, 49.15299999999898], "0.02": [81.98799999998177, 56.57499999999658, 77.0739999999887, 80.72599999998184, 62.38099999999751, 96.5509999999946, 85.77299999998519, 69.03299999997743, 29.89600000001753, 42.47700000000877], "0.03": [51.804000000001004, 13.80800000000339, 38.474000000011586, 81.29599999998335, 41.55100000000785, 55.55299999998517, 83.14499999998486, 53.402000000000264, 53.72099999998991, 4.335999999998515], "0.04": [67.0629999999837, -3.445000000004484, 5.87099999999614, 80.6979999999883, 31.24400000001896, 44.738999999995265, 65.70199999998427, 21.334000000016516, 38.276000000013894, -6.924000000006154], "0.05": [56.709999999994814, -9.302000000003225, -23.57199999998145, 79.17599999997817, 30.32600000001394, 35.945000000013685, 26.663000000008783, -20.933999999984948, 25.84000000002303, -11.207999999999913], "0.06": [27.38800000001701, -39.88299999996945, -19.34899999999358, 58.88399999998768, 63.12599999998759, 7.005999999994099, 7.419999999996801, -1.139000000000872, 20.967000000010753, -6.832000000001277], "0.07": [19.48700000001289, -22.4389999999819, -35.422999999972205, 65.34699999998996, 32.17300000001599, -1.7820000000029972, -8.608000000006856, 19.305000000012047, -12.064000000003668, -3.0760000000027583], "0.08": [0.43000000000066807, -31.264999999971614, -38.434999999968724, 18.579000000007273, 32.63800000001336, -9.923000000005386, 23.567000000010704, 10.5940000000097, -19.463999999988477, -14.17200000000277], "0.09": [-26.63599999997627, -43.20399999997845, -44.17299999998743, 20.485000000016875, 11.145999999997287, -9.893000000000722, 2.6999999999956708, 10.385000000000941, -34.831999999974435, -11.375000000006496], "0.1": [-11.026999999981593, -35.17799999997163, -45.63899999999012, 12.187000000003268, 15.47300000000379, -5.322000000005403, 27.952000000011108, 7.694999999996192, -37.56399999997202, -22.732999999972545]}, "goal_only": {"0.0": [96.0649999999961, 95.04499999999376, 89.9429999999904, 93.40999999999042, 93.44199999999286, 97.92699999999613, 96.64599999999386, 92.50399999998683, 97.44199999999542, 93.82199999998946], "0.01": [96.1099999999963, 93.51199999999022, 89.84199999999261, 92.87199999999159, 89.12299999999225, 97.85599999999589, 95.03999999999137, 92.99699999998661, 46.02400000000264, 91.54699999999015], "0.02": [96.02599999999381, 94.77699999999157, 81.90499999998455, 94.33999999999261, 93.5329999999975, 97.90699999999617, 96.682999999994, 89.30399999998662, 32.15000000002139, 85.98699999998928], "0.03": [95.9719999999963, 93.36899999999245, 93.14799999999255, 95.78799999999242, 93.54699999999302, 97.9219999999961, 93.97099999999587, 84.88399999998741, 30.54600000001629, 91.87499999998974], "0.04": [96.04899999999381, 94.74799999999142, 42.370000000011125, 92.34099999998955, 94.8609999999926, 97.93799999999621, 96.84299999999439, 82.05499999998443, 37.54500000001344, 87.881999999985], "0.05": [97.46899999999525, 94.80099999999149, 58.39099999998052, 77.66299999998272, 88.95999999999016, 97.92699999999617, 96.9919999999948, 77.25099999998089, 42.082000000003546, 89.38999999998381], "0.06": [96.00999999999378, 96.25799999999359, 33.2700000000168, 63.367999999984576, 91.69199999999249, 97.89799999999609, 96.61199999999388, 75.04899999998503, 34.81400000001811, 87.0969999999831], "0.07": [97.3639999999951, 94.98299999999382, 5.220000000000214, 63.30399999998463, 89.18699999999009, 97.91899999999612, 95.61899999999534, 68.22999999997717, 43.52900000000967, 88.31499999999397], "0.08": [97.52099999999545, 91.90599999999114, -12.381999999996264, 62.997999999986824, 93.51099999999505, 97.90799999999615, 96.76599999999378, 79.96799999997914, 46.410000000011635, 87.14499999998935], "0.09": [97.52899999999545, 96.55199999999375, 10.875999999995567, 61.70899999998035, 94.92499999999428, 97.91599999999612, 96.51799999999378, 85.80199999997994, 40.43400000001674, 87.01199999998954], "0.1": [94.58899999999437, 96.32399999999312, -3.824000000001439, 63.185999999989534, 88.98999999999178, 97.91899999999616, 95.2929999999924, 87.13199999998426, 39.102000000016695, 93.19699999998994]}, "action_only": {"0.0": [95.4299999999927, 96.35499999999324, 87.09399999998952, 91.9429999999908, 94.86099999999684, 97.92499999999626, 96.30299999999306, 92.53199999998725, 97.45199999999542, 87.9299999999927], "0.01": [85.20099999999572, 76.64799999999263, 88.74499999998947, 85.21899999998652, 90.87499999999449, 93.60899999999465, 90.54499999998703, 90.34099999998762, 88.32499999998969, 56.68899999998177], "0.02": [85.7289999999898, 58.122999999987215, 90.45399999999199, 75.15299999997285, 63.20799999999394, 98.02199999999634, 95.12599999999182, 68.5309999999817, 90.13999999999041, 28.829000000013792], "0.03": [63.358999999986715, 19.880000000012938, 53.45499999999147, 82.90699999998216, 36.800000000010776, 43.59400000001005, 92.41699999998973, 68.04799999997554, 94.22199999999285, 15.8910000000023], "0.04": [59.18199999999368, 0.5529999999983027, 22.453000000009983, 44.14300000000497, 36.309000000013526, 40.0640000000138, 81.44399999999227, 23.066000000005037, 83.28299999998936, 0.32299999999789764], "0.05": [50.518000000005365, -17.939999999990675, 10.572999999997188, 74.20399999998261, 21.72400000001142, 24.50700000001731, 44.0490000000097, -12.324999999997372, 53.66899999998664, 1.2280000000004911], "0.06": [17.276000000011432, -28.374999999981743, 17.91100000001442, 86.27999999998814, 57.12199999998541, 4.122999999995941, 22.911000000018067, 7.280999999995803, 42.226000000009606, -7.099000000006968], "0.07": [13.085000000004346, -25.845999999978527, 28.155000000010784, 79.69299999998483, 29.903000000021095, -8.744000000002272, 9.53099999999671, -0.03500000000220605, 15.346000000015822, -4.639000000002817], "0.08": [17.120000000006026, -31.780999999977485, 32.399000000016734, 71.3989999999855, 30.15500000001466, -21.363999999986515, 28.44600000001511, 17.042000000000744, -16.608999999992463, -9.558000000007251], "0.09": [-14.693999999990424, -35.4889999999712, 13.192000000008683, 48.556000000009305, 15.472999999998224, -5.427000000003614, 14.149000000009853, 37.7030000000126, -43.216999999978896, -26.43399999997319], "0.1": [-20.54299999997539, -41.25599999997387, 2.9149999999970864, 42.075000000007456, 9.12999999999407, -10.982000000000733, 12.979000000019361, 9.976000000000676, -43.33999999998463, -19.01399999998292]}}