{"goal": {"0.0": [97.76199999999584, 92.11799999998506, 88.7949999999923, 97.86499999999607, 97.67899999999575], "0.02": [85.28699999999209, -6.078000000003319, 84.24699999999417, 91.41999999998397, 91.38599999999204], "0.04": [6.8179999999969985, 28.418000000008302, 79.96699999998002, 83.26099999998503, 56.924999999998796], "0.06": [-26.58499999998092, -10.583999999996514, 73.11199999998766, 60.47799999997672, 51.11199999998826], "0.08": [-20.281999999983665, 6.4129999999957965, 47.370000000004204, 75.68799999998276, 64.769999999991], "0.1": [-13.813999999997026, 31.614000000008055, 21.148000000013063, 54.38199999997837, 59.41099999997817], "0.12": [-15.303999999994817, 15.697000000017253, -10.276999999991755, 21.543000000014864, 50.2049999999955], "0.14": [15.617000000010513, -14.408999999989101, -18.835999999977453, 25.83900000001829, -4.578000000006705], "0.16": [-5.809000000006777, -6.8990000000063985, -17.72799999998594, 17.582000000000086, -19.888999999984453], "0.18": [-14.816999999993351, -20.597999999991547, -18.512999999984064, 6.496999999996009, -20.530999999989227], "0.2": [-28.074999999976303, -19.724999999988686, -39.287999999967944, 0.9550000000001586, -23.846999999985385]}, "action": {"0.0": [93.14299999999108, 90.86099999998628, 96.17099999999391, 97.85699999999608, 91.72699999999517], "0.02": [48.73699999999115, 38.319000000012444, 45.44200000001054, 95.1929999999949, 94.73799999999638], "0.04": [66.66999999999274, 37.737000000015044, 28.43700000002117, 14.279000000008923, 96.05499999999621], "0.06": [85.94599999999036, 30.940000000017285, 53.30800000000233, 55.308999999992785, 53.35299999999174], "0.08": [73.19699999998278, 17.09100000001512, 40.45200000002296, 71.44499999997603, 3.3759999999997388], "0.1": [58.81699999998678, -19.439999999980657, 11.100999999997601, 57.430999999986135, -28.08699999998324], "0.12": [8.315999999997679, -9.958000000001206, -36.98199999997399, 61.11599999997631, -35.97499999997132], "0.14": [12.15100000000141, -6.501000000003839, -42.08699999997712, 36.70000000001129, -39.34299999996835], "0.16": [2.8489999999943985, 3.8459999999987406, -47.85799999999697, -10.705000000003775, -36.920999999973816], "0.18": [-1.71300000000055, -15.629999999996448, -44.986999999986985, -11.293999999989445, -39.9389999999673], "0.2": [-24.948999999978923, -28.12899999997598, -44.84799999998989, -28.04199999997404, -40.68199999996759]}}