{"goal": {"0.0": [95.3769999999928, 96.94599999999386, 97.12499999999483, 96.40099999999354, 97.85499999999605], "0.02": [69.02399999998906, -15.691999999992543, -34.82599999996854, 3.8669999999937876, -22.597999999976533], "0.04": [-31.013999999974185, -4.41800000000517, -2.1900000000021547, -12.766000000001823, 19.6960000000091], "0.06": [-11.344000000000475, -11.154000000002132, -25.945999999974802, -43.18299999998087, 20.781000000018025], "0.08": [-30.284999999974758, -9.995999999999594, -24.382999999984303, -39.76999999996774, 52.5599999999889], "0.1": [-38.95099999996939, -28.529999999974976, -26.09899999998066, -41.162999999968015, 18.352000000014957], "0.12": [-39.004999999968206, -17.47899999999062, -15.876999999984875, -50.00000000000659, -38.21099999997108], "0.14": [-39.1189999999681, -12.811999999998248, -18.385999999987774, -43.368999999977916, -39.09599999997039], "0.16": [-34.850999999974654, -10.673000000006718, -26.542999999977706, -48.58800000000509, -42.666999999980135], "0.18": [-31.341999999975965, 0.3829999999970888, -6.584000000006636, -39.45499999996941, -41.24999999997379], "0.2": [-31.60999999997061, 18.63600000001162, -9.322000000006392, -48.554000000000414, -38.05999999996838]}, "action": {"0.0": [95.75699999999199, 93.5819999999943, 97.19799999999492, 96.41799999999357, 97.85399999999603], "0.02": [12.632000000004226, 91.33799999999506, 46.05200000000056, 85.10899999998739, 79.62099999999101], "0.04": [-33.654999999973555, 25.312000000005813, -37.10099999997058, 57.125999999984906, 27.73400000001595], "0.06": [-37.451999999968706, 18.73700000001343, -39.847999999967385, -0.41200000000274367, -9.355000000001468], "0.08": [-44.5339999999842, 22.56300000000933, -44.49599999998656, -14.827999999992095, -23.436999999982586], "0.1": [-40.09899999996926, -4.576000000001643, -35.07999999996905, -24.463999999986257, -28.708999999976847], "0.12": [-14.708999999986716, 0.8489999999989135, -47.07199999999411, -31.032999999976887, -21.150999999984773], "0.14": [-16.830999999988567, 1.7739999999974905, -50.00000000000659, -25.52599999997478, -17.848999999989587], "0.16": [-28.206999999976993, 17.015000000003944, -47.20699999999461, -40.58699999997055, -28.422999999979897], "0.18": [1.828999999999021, 10.415999999996473, -42.26899999997485, -33.06299999997645, -37.142999999972126], "0.2": [-3.716000000001452, 18.826000000019917, -35.60699999997425, -30.83099999997359, -15.614999999996314]}}