{"goal": {"0.0": [], "0.02": [], "0.04": [], "0.06": [], "0.08": [], "0.1": [], "0.12": [], "0.14": [], "0.16": [], "0.18": [], "0.2": []}, "action": {"0.0": [94.04499999999238, 91.26399999998979, 90.85899999999071, 86.96499999999237, 84.83299999998698], "0.02": [91.17799999999372, 78.60399999998694, 83.24599999999256, 50.71799999999719, 84.51399999999192], "0.04": [61.23899999998941, 50.546000000001634, 74.21999999998695, 43.174000000010736, 81.00499999998763], "0.06": [57.88899999997363, 21.2430000000141, 59.615999999983714, 39.476000000016285, 65.15399999998874], "0.08": [53.40300000000178, 30.215000000014893, 45.78600000001027, 40.19000000001335, 64.83599999998117], "0.1": [47.95799999999078, 16.65100000000761, 45.22200000000725, 29.966000000015246, 57.36699999999308], "0.12": [36.42400000001663, -7.557000000008777, 32.605000000019594, 16.526000000008175, 60.305999999982056], "0.14": [31.294000000017377, -2.1520000000040636, 17.54600000000915, 7.392999999997341, 45.977000000001354], "0.16": [20.647000000012962, -17.879999999985145, 8.405999999995617, 4.914999999998553, 34.46200000002189], "0.18": [34.57400000001631, -14.954999999989116, -5.67000000000287, -4.159000000003759, 11.34200000001343], "0.2": [19.4450000000063, -25.735999999979864, -12.704000000000274, -12.685999999982885, 4.348999999998699]}}