{"goal": {"0.0": [94.73399999999226, 96.02299999999416, 97.14999999999485, 96.43399999999357, 97.85999999999605], "0.02": [-50.00000000000659, 34.69500000001336, -25.83799999997881, -47.085999999994726, 92.66099999999122], "0.04": [-50.00000000000659, -43.0079999999766, -28.673999999978037, -46.41199999999535, 67.1519999999935], "0.06": [-31.047999999979282, -50.00000000000659, -4.4450000000054795, -32.976999999973685, 51.66199999999497], "0.08": [-40.023999999971096, -45.314999999991585, -22.061999999983037, -14.396999999999778, -17.518999999990054], "0.1": [-45.70899999998938, -44.64699999998461, -39.17199999997146, -19.440999999985852, -23.617999999978334], "0.12": [-45.77099999999415, -47.3429999999951, -38.3289999999688, -31.121999999976737, -39.70999999996984], "0.14": [-50.00000000000659, -45.962999999991446, -48.763000000005725, -18.996999999986084, -39.385999999968995], "0.16": [-50.00000000000659, -46.25799999999479, -47.38299999999524, -33.65199999997756, -40.59999999996876], "0.18": [-50.00000000000659, -47.25899999999569, -50.00000000000659, -29.294999999977495, -40.99499999996963], "0.2": [-50.00000000000659, -42.20099999997276, -50.00000000000659, -30.323999999977715, -50.00000000000659]}, "action": {"0.0": [96.2119999999964, 95.76599999999189, 97.11999999999489, 96.37799999999346, 97.84799999999599], "0.02": [-36.248999999972305, 12.194000000014423, -38.33699999997388, 9.24299999999361, -41.60599999996968], "0.04": [-34.72999999997458, -26.872999999977843, 5.420999999998697, 55.44999999998566, 37.96000000001927], "0.06": [-39.332999999971044, -27.881999999977744, 1.5079999999947904, -36.1629999999717, 38.2810000000171], "0.08": [-28.638999999976953, -40.9159999999705, -14.52799999998906, -38.12699999996832, 15.607999999997752], "0.1": [-40.51699999997026, -44.55199999998767, -34.171999999973224, -27.399999999973705, -14.619999999993023], "0.12": [-48.86300000000154, -43.506999999982966, -31.733999999975403, -44.44699999998361, -26.197999999978943], "0.14": [-42.027999999972124, -46.253999999991365, -36.45199999996893, -31.30599999997446, -32.293999999967944], "0.16": [-31.533999999972952, -41.83999999997167, -41.35299999997053, -31.11299999997375, -9.740000000005354], "0.18": [-22.98999999997989, -42.62299999997543, -43.071999999982374, -22.908999999984793, -23.101999999976755], "0.2": [-26.624999999976417, -38.80799999997203, -46.011999999995034, -28.78799999997183, -33.99699999997162]}}