{"0.0": [97.80999999999597, 95.60599999999312, 96.29599999999607, 97.94299999999623, 95.17499999999453], "0.02": [-41.63899999997277, -46.795999999996745, 25.883000000016406, 40.34400000001263, -33.765999999972784], "0.04": [-17.889999999986298, -34.43199999997088, -50.00000000000659, -37.394999999971034, -19.338999999975716], "0.06": [-17.354999999987832, -36.16599999996913, -50.00000000000659, -43.10899999998151, -23.558999999984366], "0.08": [-35.579999999974106, 9.039999999998228, -48.70600000000097, -45.8129999999909, -30.451999999968706], "0.1": [-42.07299999997629, -0.01799999999945533, -50.00000000000659, -45.909999999997446, -36.374999999973554], "0.12": [-44.86999999998728, -22.303999999976803, -50.00000000000659, -48.90400000000254, -29.534999999982578], "0.14": [-47.228999999994684, -34.16899999997636, -50.00000000000659, -48.75000000000568, -27.039999999981752], "0.16": [-48.62800000000068, -35.36999999997106, -48.69100000000091, -47.41499999999536, -43.3349999999787], "0.18": [-48.97400000000308, -34.483999999974365, -46.56499999999704, -46.73199999999311, -48.56400000000045], "0.2": [-48.68700000000204, -39.939999999970325, -46.073999999989574, -47.2619999999955, -46.27799999999145]}