{"0.0": [97.82399999999602, 96.03999999999343, 97.7829999999959, 97.94099999999618, 90.77099999998882, 97.84899999999602, 96.01799999999267, 96.11199999999286, 97.00899999999463, 97.96199999999624], "0.01": [91.1549999999918, 95.53399999999259, 97.82999999999598, 97.92199999999619, 24.12900000001712, 96.68599999999437, 97.69399999999575, 94.88099999999176, 97.06299999999473, 97.97699999999627], "0.02": [5.806999999992624, 86.40299999998913, 97.21399999999507, 97.91899999999616, 15.787000000008847, 79.61499999998277, 94.48399999999212, 93.22299999999144, 82.3399999999859, 97.45099999999573], "0.03": [-31.858999999974625, 74.71699999998656, 86.6329999999907, 96.66499999999417, 26.894000000005825, 25.853000000020117, 77.30599999998911, 90.3969999999929, 76.06999999997943, 93.74299999999253], "0.04": [-18.721999999989677, 53.104999999994355, 78.6989999999817, 96.00199999999397, 22.675000000005735, -20.285999999980344, 75.66199999998588, 90.24399999999358, 50.964999999989324, 93.9419999999937], "0.05": [-40.551999999968615, 32.76600000001906, 74.02599999999339, 95.3299999999891, 38.76100000001731, -36.48999999997105, 62.05199999998536, 66.96799999998413, 45.355000000005674, 94.07099999999487], "0.06": [-7.301999999999132, 8.452999999993077, 30.39300000001514, 95.79899999999596, 46.36500000000222, 9.389000000013679, 25.67800000000821, 6.785999999997546, 74.70599999998834, 90.51899999999212], "0.07": [-17.05299999998422, 11.606000000006981, 50.674000000001406, 97.83799999999599, 30.42200000001645, 15.431000000014784, 7.612999999998405, -29.61799999997356, 47.864000000001994, 96.42999999999682], "0.08": [-6.992000000004985, 8.324999999996775, 17.223000000017826, 97.84499999999603, -12.660000000002567, 6.259999999994233, 0.5279999999999017, -34.062999999975375, 25.098000000003672, 93.45499999999285], "0.09": [4.370999999996793, -5.875000000005025, -4.955000000001571, 80.78199999999191, -36.87399999997037, 1.3179999999983198, -0.7800000000017405, -31.148999999974887, 53.25399999998734, 93.44799999999786], "0.1": [4.571999999997587, -4.290000000003385, -36.044999999973406, 85.06999999998976, -47.40999999999534, -17.395999999981264, 6.732999999996183, -29.66999999997764, 57.19199999997505, 87.54999999998633]}