{"0.0": [95.57199999999243, 96.19799999999323, 94.81699999999242, 97.9369999999962, 96.64399999999395, 97.85999999999605, 95.92999999999223, 96.2319999999931, 97.01499999999461, 97.96599999999627], "0.02": [35.51200000001988, 90.58899999998599, 73.89699999999209, 97.86099999999605, 22.522000000013207, -20.712999999990046, 77.60999999998342, 80.30499999998672, 31.939000000019064, 89.75199999998918], "0.04": [26.968000000013845, 65.82299999997052, 1.3969999999971012, 97.82599999999601, -11.029000000002043, -30.563999999977636, 46.20999999999979, -14.923999999991544, 15.293000000012748, 78.39199999999352], "0.06": [58.230999999987546, 9.583000000000402, -12.918999999990211, 92.02999999999116, -24.49799999997799, -27.016999999972967, 55.218999999998566, -39.74599999996958, -9.693999999991156, 74.25999999997873], "0.08": [23.172000000012527, 24.187000000015917, -21.81999999998329, 67.29799999999072, -33.33399999997277, 16.935000000008753, 68.79399999997432, -41.49399999997805, 29.113000000009084, 77.17699999999063], "0.1": [53.25399999999027, -0.2180000000023696, -12.198999999996294, -2.6900000000004285, -23.889999999981434, 5.224999999996488, 49.12600000000882, -44.240999999981995, -15.395999999989506, 91.66699999998907], "0.12": [8.550999999994978, 4.264999999995929, -16.995999999992122, 2.5499999999963503, -31.487999999974814, 1.6220000000001022, 7.224999999995686, -47.94599999999843, -33.16599999996982, 17.830000000009445], "0.14": [-30.374999999974666, -9.393999999993381, 15.905000000014029, 8.213999999998551, -29.69999999997737, 6.232999999995797, -24.67299999997783, -47.961999999999215, -33.98299999996913, -48.90400000000169], "0.16": [-29.086999999976868, -17.957999999990374, 37.8360000000115, -2.723000000001943, -30.860999999973792, 3.4049999999957494, -27.45899999997346, -45.63099999998819, -47.39000000000087, -50.00000000000659], "0.18": [-45.469999999988744, -26.167999999978083, 43.729000000003595, 5.205999999996762, -27.704999999978522, -11.222000000003717, -29.884999999981346, -46.85599999999242, -44.8159999999875, -50.00000000000659], "0.2": [-40.65899999996761, -18.59899999998767, 8.997999999994933, -22.16799999998375, -22.78599999998103, -3.604999999999342, -32.1539999999753, -43.005999999975685, -38.074999999970984, -50.00000000000659]}