{"both": {"0.0": [[0.010094382476152021, 486.54], [0.01, 448.25], [0.010152799634499212, 421.6], [0.01, 407.79], [0.009958963066760085, 380.91], [0.008553421368547419, 367.12], [0.01144950767117014, 361.68], [0.011432040062724467, 300.93], [0.005, 286.77], [0.011894789747026303, 243.24]], "0.03": [[0.004454342984409799, 41.52], [0.01626163158370223, 211.67], [0.011546856297965218, 286.18], [0.00923936398796734, 290.21], [0.007670114699880375, 238.72], [0.011580670587521978, 372.46], [0.012503422469654102, 213.29], [0.005541303232426886, 243.65], [0.007753846153846154, 302.4], [0.01045992924165513, 122.87]], "0.06": [[0.002362470469119136, 32.51], [0.0024057738572574178, 40.68], [0.008734249713631157, 108.14], [0.004296235679214402, 63.0], [0.003708987161198288, 82.14], [0.008284023668639054, 98.77], [0.0037690594483467533, 72.02], [0.01158264502041204, 142.31], [0.0027942717429269995, 70.45], [0.0016795431642593216, 32.91]], "0.09": [[0.00034234851078397807, 29.52], [0.0, 26.16], [0.0034474833371638705, 50.89], [0.0021945866861741038, 45.04], [0.0010154346060113728, 54.39], [0.002398604448320977, 52.31], [0.001894736842105263, 53.88], [0.015339027366219279, 65.68], [0.0014316392269148174, 47.43], [0.00033189512114171923, 31.31]], "0.12": [[0.002178649237472767, 35.14], [0.0, 21.6], [0.002871500358937545, 45.65], [0.001129305477131564, 36.71], [0.000948316737790422, 44.26], [0.0029069767441860465, 49.77], [0.0019277108433734939, 45.83], [0.01882693700217234, 44.45], [0.001238390092879257, 33.27], [0.001651073197578426, 40.54]], "0.15": [[0.00031645569620253165, 32.47], [0.0, 19.83], [0.0014232849416453174, 37.14], [0.0006476683937823834, 31.28], [0.001768867924528302, 35.1], [0.0015109544195416771, 42.35], [0.0009573958831977022, 44.98], [0.014807250446770488, 42.78], [0.0013033561420658195, 32.45], [0.00033955857385398983, 29.92]], "0.18": [[0.0011248593925759281, 26.72], [0.0, 17.9], [0.0003191828917969997, 31.57], [0.0013114754098360656, 31.51], [0.0014249073810202336, 38.05], [0.0014322543683758235, 36.32], [0.0005892751915144372, 35.93], [0.01857311320754717, 35.61], [0.0003465003465003465, 29.13], [0.0014119308153900459, 29.66]], "0.21": [[0.002904564315352697, 24.2], [0.0018427518427518428, 16.28], [0.0024769992922859165, 28.76], [0.002258185923974407, 27.04], [0.004653868528214078, 35.61], [0.0029145077720207253, 31.81], [0.0020491803278688526, 42.7], [0.01807426881367072, 31.13], [0.0029662588060808304, 27.02], [0.0028169014084507044, 28.41]], "0.24": [[0.007893643539675945, 24.08], [0.007397444519166106, 14.87], [0.007939508506616257, 26.7], [0.0065099457504520794, 27.77], [0.006435006435006435, 31.66], [0.008189529102076631, 35.17], [0.005427841634738187, 31.66], [0.025954764553207266, 27.09], [0.007369196757553427, 27.97], [0.007692307692307693, 27.34]], "0.27": [[0.01106104055714871, 24.48], [0.013265950726468731, 15.83], [0.00850546780072904, 24.69], [0.006884057971014493, 28.18], [0.008307372793354102, 29.18], [0.012516469038208168, 31.53], [0.008182748039549948, 29.98], [0.025330812854442344, 26.45], [0.011202389843166542, 27.0], [0.007760532150776054, 27.5]], "0.3": [[0.014764565043894652, 25.2], [0.020080321285140562, 14.94], [0.013061224489795919, 24.5], [0.013471901462663588, 26.93], [0.011666059059423988, 27.82], [0.014876632801161103, 27.67], [0.010267579340385812, 32.36], [0.029411764705882353, 29.3], [0.01650943396226415, 26.23], [0.012371134020618556, 24.31]]}, "action_only": {"0.0": [[0.010063532401524777, 480.35], [0.01, 444.64], [0.010156408693885842, 419.93], [0.01, 403.3], [0.009904952476238118, 381.87], [0.008303321328531413, 360.59], [0.011375917183322905, 362.53], [0.011143485150539284, 291.42], [0.005, 286.36], [0.011648745519713262, 225.28]], "0.03": [[0.003663003663003663, 36.35], [0.016270227252630647, 215.43], [0.010948191593352884, 313.73], [0.00929368029739777, 251.14], [0.008153218983155143, 222.9], [0.01163706891326747, 380.46], [0.012371478726072055, 234.08], [0.006480814730994754, 235.68], [0.007205764611689352, 295.73], [0.010252100840336134, 110.51]], "0.06": [[0.0023902001792650133, 38.34], [0.0037304153195722458, 44.17], [0.007617155158138765, 90.49], [0.0031970769582096367, 53.46], [0.0035883450552605138, 86.7], [0.00787037037037037, 94.52], [0.004056047197640118, 67.64], [0.011435425829668134, 182.6], [0.0022310756972111555, 76.11], [0.003777971519907004, 42.0]], "0.09": [[0.0013568521031207597, 30.88], [0.0, 26.95], [0.004363183045917307, 59.94], [0.0006036824630244491, 34.08], [0.00106928999144568, 50.13], [0.0033738191632928477, 51.41], [0.0018096272167933405, 64.07], [0.020591165725672534, 66.85], [0.0004968944099378882, 41.3], [0.0011823825007389892, 35.7]], "0.12": [[0.00032362459546925567, 31.37], [0.0, 22.35], [0.001080205238995409, 39.99], [0.0, 36.99], [0.0002781641168289291, 36.83], [0.0016843118383060634, 44.53], [0.0017271157167530224, 44.6], [0.013799805636540331, 59.14], [0.000302571860816944, 33.48], [0.0003487966515521451, 29.24]], "0.15": [[0.0003827018752391887, 26.59], [0.0, 17.63], [0.0, 31.57], [0.0, 31.54], [0.0005729017473503294, 36.36], [0.0010772959870724481, 39.63], [0.0005215123859191656, 39.85], [0.01576872536136662, 49.47], [0.0, 31.44], [0.0, 31.19]], "0.18": [[0.0, 28.71], [0.0, 16.74], [0.00064, 31.98], [0.0006559527714004591, 31.5], [0.0006802721088435374, 30.05], [0.0008004268943436499, 39.4], [0.00027085590465872155, 38.69], [0.015499425947187142, 35.12], [0.0, 27.02], [0.0, 31.41]], "0.21": [[0.0, 28.15], [0.0, 16.21], [0.00032071840923669016, 31.47], [0.0003367003367003367, 31.05], [0.0, 32.13], [0.0002983293556085919, 34.31], [0.0002947244326554671, 36.29], [0.016836086404066072, 32.44], [0.0, 29.37], [0.0, 28.51]], "0.24": [[0.0, 30.27], [0.0, 15.24], [0.0, 28.08], [0.0, 30.8], [0.0010111223458038423, 30.15], [0.0003191828917969997, 32.15], [0.0005955926146515784, 35.78], [0.008477053493130663, 34.69], [0.0, 28.41], [0.0, 23.8]], "0.27": [[0.0, 24.21], [0.0, 14.22], [0.0, 23.71], [0.0003707823507601038, 27.69], [0.0007135212272565109, 28.73], [0.0010567101091933778, 29.14], [0.0, 28.84], [0.019011406844106463, 33.04], [0.0009930486593843098, 31.43], [0.0, 27.04]], "0.3": [[0.0, 26.04], [0.0, 14.64], [0.0, 24.34], [0.0, 26.84], [0.0, 26.96], [0.0, 30.06], [0.0, 31.93], [0.012373819602735266, 31.17], [0.0, 25.43], [0.0, 25.85]]}, "goal_only": {"0.0": [[0.010063905801841695, 487.19], [0.01, 446.84], [0.010173457449514218, 422.71], [0.01, 405.8], [0.009914872308462695, 382.0], [0.008054027013506753, 346.19], [0.011439029970258523, 362.07], [0.010332366264569655, 298.99], [0.005, 287.59], [0.011953800177691624, 252.42]], "0.03": [[0.010360082880663046, 425.13], [0.01, 453.06], [0.010238558410975734, 417.65], [0.010020542111328223, 406.11], [0.009610090595124882, 385.41], [0.008447304907481898, 357.68], [0.011529371072807978, 360.08], [0.0072952023912052286, 288.99], [0.005, 289.34], [0.012165839603009444, 255.98]], "0.06": [[0.010778644809970246, 420.03], [0.01, 461.01], [0.010369141435089175, 409.57], [0.01000300090027008, 409.83], [0.009050683829444892, 371.84], [0.008873615100533442, 360.15], [0.011765397964586153, 355.45], [0.00411836485661989, 314.96], [0.005, 299.74], [0.012491559756921, 243.34]], "0.09": [[0.011478097915202623, 398.78], [0.01, 467.94], [0.010513588813541502, 407.14], [0.00981226533166458, 396.52], [0.007788944723618091, 345.92], [0.008765979650404383, 341.05], [0.0122517955217575, 347.34], [0.002345981232150143, 337.01], [0.00565, 307.36], [0.012628111273792094, 220.08]], "0.12": [[0.012603750384260683, 372.16], [0.010059556578749813, 473.69], [0.010514577027242313, 404.65], [0.00978228152904585, 392.68], [0.008660858995137763, 351.32], [0.008807921658734067, 299.57], [0.012712910392495681, 335.39], [0.0017319545616626764, 344.87], [0.00625, 319.86], [0.014322033898305084, 239.78]],