{"0.0": [98.13799999999655, 97.73499999999599, 96.12599999999301, 98.13499999999652, 96.741999999995], "0.05": [98.01999999999575, 97.4419999999954, 83.46699999998113, 98.16099999999683, 67.14699999999189], "0.1": [97.54299999999455, 97.52999999999537, 59.323999999992296, 94.94099999999248, 50.693999999998475], "0.15": [98.08199999999626, 93.10999999999285, 57.4249999999942, 80.00099999999124, 39.944000000012366], "0.2": [95.97099999999443, 93.16399999999008, 27.87500000000848, 75.5879999999997, 28.556000000004623], "0.25": [91.63899999999921, 76.7709999999792, 31.58600000001814, 60.69899999999754, 34.43500000001151], "0.3": [88.13699999999224, 81.31099999998831, 31.034000000016, 59.55899999998783, 16.681000000012236], "0.35": [73.33599999999042, 50.285999999997784, 21.29700000000697, 38.765000000005706, 10.59399999999581], "0.4": [80.5439999999849, 42.949000000004396, 42.1870000000138, 19.359000000006386, -4.510000000003244]}