{"0.0": [95.44499999999128, 90.06899999998274, 88.00699999999104, 94.55599999999153, 96.14499999999386, 90.99999999998664, 97.0999999999947, 96.41599999999272, 93.42199999998874, 94.9579999999925], "0.05": [95.3999999999917, 89.11599999998919, 81.50699999999077, 87.9319999999874, 93.28299999999295, 81.83599999998732, 93.60599999999495, 94.78899999999399, 81.36599999998685, 72.58499999999282], "0.1": [94.03699999999236, 78.08399999998227, 76.73499999999493, 84.82399999998871, 91.31599999998963, 78.76499999998512, 71.13199999997822, 70.96699999998725, 66.75299999999257, 66.68499999998218], "0.15": [94.04799999999324, 69.13299999998137, 72.58599999998597, 86.29499999998814, 91.01399999999003, 60.248999999987156, 72.9879999999872, 62.56499999999385, 46.08400000000275, 41.606000000003945], "0.2": [89.60499999999023, 60.61899999999437, 59.81399999999276, 74.47399999998618, 82.34899999998439, 48.48499999997889, 42.16800000001723, 64.15099999998169, 43.32500000000374, 36.968000000014975], "0.25": [75.1459999999871, 54.73599999998436, 62.098999999981686, 61.1379999999888, 74.7129999999733, 50.146999999997135, 32.917000000012415, 50.433000000002814, 29.05400000002128, 44.392000000012985], "0.3": [65.60199999998177, 41.67400000001556, 48.145999999996576, 53.73400000000786, 75.83799999997808, 57.14499999999433, 25.761000000013816, 45.21900000001185, 40.33300000001278, 23.896000000011924], "0.35": [52.56599999998234, 47.028999999992095, 50.50799999999881, 37.97700000001683, 53.847999999997185, 40.031000000013336, 10.826000000012517, 38.647000000016895, 24.03200000001668, 25.43100000000503], "0.4": [45.32799999999969, 41.25500000001174, 43.607000000001655, 35.44100000001266, 37.741000000011255, 37.10800000001778, 8.501999999995622, 28.589000000020828, 25.19200000001165, 16.632000000002314]}