{"0.0": [90.16799999998669, 89.86699999998471, 93.18499999999513, 97.92999999999628, 93.59799999998991], "0.05": [81.55399999998917, 90.65999999998564, 83.56799999998822, 94.90099999999255, 93.6539999999919], "0.1": [83.2689999999858, 82.93899999998186, 73.80699999998964, 84.51799999998435, 78.6819999999837], "0.15": [81.77599999998235, 81.24099999998052, 62.068999999987966, 71.22999999998179, 78.80799999998236], "0.2": [86.80899999998466, 70.11499999999252, 54.64899999999656, 68.210999999983, 71.13299999998105], "0.25": [82.18799999997776, 47.17000000000119, 44.25300000000354, 63.77799999999005, 56.35099999998511], "0.3": [82.27099999998532, 26.287000000007765, 42.98400000000898, 71.12799999998808, 56.91299999999752], "0.35": [84.56499999998044, 23.599000000018545, 23.726000000012906, 54.91900000000068, 41.02300000000299], "0.4": [83.05599999997848, 4.584999999997118, 20.38000000001654, 48.96000000000208, 48.873999999996286]}