{"0.0": [87.83499999998595, 84.60699999999022, 91.44599999999166, 93.47599999999237, 88.80399999999136], "0.05": [86.42999999999063, 83.16299999999214, 90.10799999999021, 92.2049999999912, 81.1019999999827], "0.1": [86.13099999998465, 78.73299999998625, 81.09199999998891, 87.60099999999431, 75.69999999998217], "0.15": [83.83199999998413, 68.63999999998236, 75.55599999998823, 83.22999999999182, 63.99799999998606], "0.2": [75.51699999998505, 59.29599999998996, 71.61999999998596, 72.72099999998129, 67.56299999998846], "0.25": [55.6919999999836, 58.13699999999591, 71.42799999998779, 80.13099999999328, 72.96399999998239], "0.3": [67.25799999997898, 58.55600000000108, 65.62499999997799, 71.30399999997971, 54.95999999998682], "0.35": [44.82899999999858, 59.87099999999237, 53.29099999999781, 65.29999999998743, 41.652000000011974], "0.4": [40.73700000001616, 58.03199999998519, 49.757999999998304, 65.75599999999496, 60.43599999999781]}