{"0.0": [95.22699999999162, 88.05799999998773, 88.1219999999847, 93.76799999999014, 95.28699999999219], "0.05": [93.84499999999167, 74.29299999997713, 88.43099999998874, 93.96899999999022, 95.97399999999303], "0.1": [89.4839999999894, 82.50699999998378, 70.98699999998067, 91.91799999998734, 95.87199999999262], "0.15": [89.49099999998742, 79.86399999998241, 75.2909999999852, 88.40199999998252, 87.20599999998889], "0.2": [72.07999999998204, 78.475999999983, 75.63799999997518, 81.18999999998526, 88.15399999999329], "0.25": [74.93799999999125, 72.68499999999194, 54.62200000000524, 77.6529999999898, 75.63299999998799], "0.3": [45.68000000000614, 75.27999999997718, 48.44199999999572, 71.34899999999597, 69.41499999998807], "0.35": [41.407000000009646, 64.39199999999022, 38.61500000001587, 69.05699999998372, 32.67100000001164], "0.4": [24.016000000002734, 55.416999999982934, 52.80699999998491, 70.92799999998557, 27.248000000019925]}