{"0.0": [95.31699999999103, 75.82499999999044, 94.2009999999891, 94.58799999999127, 97.72299999999579, 74.84399999998253, 96.39799999999401, 96.10999999999385, 62.49699999998007, 60.85499999998351], "0.05": [95.27999999999132, 61.77999999998304, 72.91199999998022, 75.49799999998687, 94.58299999999467, 73.40099999998252, 63.39399999998679, 85.81999999998595, 68.47599999999548, 48.87899999999746], "0.1": [77.85099999998155, 61.92599999998597, 76.8689999999954, 78.85299999997298, 89.5959999999904, 65.4669999999846, 42.22000000000976, 82.35499999998494, 50.80999999998624, 45.66300000000528], "0.15": [83.57399999999177, 45.94299999999694, 64.31999999999952, 66.49799999999112, 79.22799999998229, 64.45499999998695, 47.516000000005725, 59.23999999999042, 43.455000000003004, 38.5570000000117], "0.2": [75.07699999998877, 51.35600000000411, 63.48899999998554, 52.35099999999326, 77.55499999998996, 45.40800000001133, 12.809000000012123, 45.694000000000095, 38.160000000016154, 12.007000000000486], "0.25": [67.11499999998817, 43.10600000001022, 47.092999999978645, 45.93899999999403, 63.75999999999185, 54.02399999998995, 23.01100000000856, 35.82900000001157, 26.952000000013435, 18.029000000008804], "0.3": [50.06700000000426, 31.961000000014145, 55.398999999996924, 29.052000000011258, 54.97199999999036, 39.55300000001429, -12.657999999996306, 41.66600000001339, 11.663000000006289, 29.871000000016835], "0.35": [42.519000000007196, 17.12800000001349, 40.78200000001786, 21.61500000001736, 40.52900000001344, 29.76500000001158, -12.152999999987019, 19.70800000001015, 18.715000000011255, 13.611999999996923], "0.4": [21.511000000020346, 10.486000000001559, 53.68199999998566, 14.462000000009896, 21.401000000004004, 41.300000000013334, -16.874999999991328, 26.748000000017992, 24.784000000012508, 19.410000000018957]}