{"0.0": [92.41099999998673, 96.67499999999403, 82.62899999998199, 94.94299999999086, 91.80099999998981, 93.15599999998884, 94.19799999999051, 88.7789999999827, 96.2359999999932, 96.15099999999406], "0.05": [92.39799999998621, 82.71099999998486, 57.15799999998824, 91.45199999998937, 73.94799999998179, 91.60799999998954, 93.54699999998829, 83.97899999998684, 84.45899999998682, 95.91199999999326], "0.1": [90.09599999998632, 61.4769999999846, 45.24700000001113, 87.09499999998633, 47.15700000000742, 88.76699999998775, 93.33699999998802, 74.12999999998196, 69.81299999998187, 89.4399999999875], "0.15": [81.38699999998663, 61.09099999998176, 37.396000000016095, 79.59199999999525, 32.7180000000184, 71.3369999999825, 90.53099999998753, 59.882999999982715, 64.06499999999866, 71.867999999978], "0.2": [67.82199999998174, 17.94500000000202, 28.193000000005853, 73.17099999998172, 39.7640000000165, 54.034999999986105, 85.18499999998397, 67.49799999998798, 43.046000000011546, 55.95099999999441], "0.25": [57.964999999996046, 21.838000000011174, -2.101000000003077, 49.11799999999876, 22.310000000015208, 46.43800000001014, 78.86799999998276, 65.73499999998455, 33.0930000000166, 44.13399999999979], "0.3": [39.54700000001472, 2.41399999999824, 5.183999999994578, 39.016000000009946, 21.042000000010866, 27.859000000018888, 71.78999999998656, 51.06899999997777, 24.393000000012147, 35.73000000001751], "0.35": [15.490000000004795, -6.524000000005607, -3.7530000000059363, 26.41100000001753, 23.890000000016443, 16.29200000001608, 63.344999999991906, 48.52300000000393, 21.027000000008147, 26.814000000015113], "0.4": [14.154000000002622, -11.999999999998558, -9.198999999999517, 20.13400000000373, 9.216999999998155, 3.415999999992779, 53.3059999999906, 34.19100000000548, 12.67900000001004, 27.18400000001095]}