{"0.0": [92.84199999998754, 60.8159999999935, 34.69100000001572, 98.10999999999642, 80.72799999998585, 74.39899999998343, 93.15999999998782, 73.74199999998677, 71.11299999998296, 95.36499999999192], "0.05": [91.23499999998631, 33.33700000001479, 19.8990000000037, 90.42099999998702, 35.420000000013715, 85.8039999999864, 92.9289999999869, 77.19699999998028, 66.93099999998881, 92.01399999999018], "0.1": [89.2759999999852, 26.43500000000708, 16.407000000005617, 74.91799999999239, 35.353000000014234, 77.21099999998485, 93.08299999998839, 79.00199999998851, 58.197999999996185, 77.16499999998463], "0.15": [67.2569999999848, 14.9720000000011, 14.844999999998118, 66.64599999998161, 20.71000000000121, 58.163999999991844, 90.14699999998673, 73.3279999999854, 42.090999999992626, 52.32799999999125], "0.2": [58.10399999998428, -3.9360000000036335, 0.4140000000003822, 52.4319999999934, 36.68400000001832, 33.341000000019015, 81.65899999998258, 73.7119999999899, 34.815000000014194, 42.061000000014644], "0.25": [41.5790000000111, -10.743999999991658, 2.3489999999982745, 37.827000000013186, 28.047000000015352, 11.937000000001335, 78.55799999997932, 57.44799999998886, 17.204000000015814, 32.17500000001381], "0.3": [17.84100000001255, -8.428000000006447, -12.418000000001173, 31.533000000011658, 6.251999999999384, 22.889000000010327, 67.177999999988, 45.76800000000837, 9.461999999997452, 7.907999999996472], "0.35": [-11.575000000002522, -18.095999999988184, -9.47400000000517, 11.342000000006259, 2.0589999999952515, -2.614000000000999, 61.660999999990636, 38.48300000001132, -2.294000000004541, 13.941000000012957], "0.4": [-4.874000000005282, -27.13099999998262, -12.500999999991459, 4.391000000002501, 1.8889999999982001, -8.139000000003811, 54.60399999998623, 32.60700000001047, -9.175000000005724, 13.603000000002629]}