{"both": {"0.0": [89.79999999998823, 83.20499999998754, 88.53699999999066, 86.8459999999876, 91.60699999998806], "0.05": [85.89999999998871, 79.66199999998655, 80.93199999998646, 38.88600000001531, 81.08199999999182], "0.1": [64.1159999999965, 64.50199999998335, 73.09299999998349, 20.761000000010096, 72.82799999998672], "0.15": [55.05099999999851, 49.64399999999251, 51.63999999999055, 10.285999999999653, 76.25499999998087], "0.2": [24.27700000001135, 49.970000000005, 45.794999999994104, 16.903000000015105, 70.07599999998152], "0.25": [21.681000000013785, 21.03100000000747, 34.00900000001882, 13.991000000005679, 68.38799999997833], "0.3": [5.58499999999894, 9.21699999999442, 2.7149999999940326, 18.229999999998213, 61.68599999997475], "0.35": [7.813999999997176, 8.317999999995418, -0.9510000000028265, 23.194000000010014, 42.1720000000163], "0.4": [-9.73000000000673, 12.104000000002486, -19.942999999985055, 27.072000000015706, 30.908000000017992], "0.45": [-4.133000000006307, 12.46500000001124, -18.77899999999143, 12.854999999999022, 28.27400000001674], "0.5": [13.52700000000348, -2.344000000000675, -22.12199999997971, 24.939000000014694, -1.701999999999015]}, "action_only": {"0.0": [91.14599999999187, 92.26399999998893, 80.73699999998783, 86.86599999998676, 83.73199999998612], "0.05": [76.28499999998583, 81.50799999999407, 82.65999999998269, 37.85800000001429, 79.8169999999889], "0.1": [64.33299999997963, 71.3099999999942, 56.80099999999294, 25.543000000011872, 74.12799999999696], "0.15": [49.37900000000134, 50.7599999999992, 59.75899999998357, 16.67100000001009, 76.75399999999108], "0.2": [29.050000000021846, 19.68100000001134, 34.221000000017334, 18.945000000013994, 58.64699999998726], "0.25": [16.215000000003393, 28.636000000015297, 23.975000000023037, 27.740000000015783, 65.0479999999771], "0.3": [2.2769999999984303, 25.112000000016625, 2.82399999999713, 28.76200000002002, 51.99299999999561], "0.35": [8.938000000000587, 15.546000000002783, 0.5399999999974943, 16.569000000001946, 41.390000000023065], "0.4": [1.5539999999970706, 5.4680000000004485, -14.442999999991832, 23.706000000015738, 6.853000000000048], "0.45": [-5.948000000002885, 11.023999999997733, -17.187999999984633, 21.356000000017108, 5.267999999993027], "0.5": [-11.078999999999008, 2.4139999999978268, -26.27099999997246, 22.04600000001777, 4.752999999991454]}, "goal_only": {"0.0": [91.47599999999082, 88.78799999998752, 86.29099999999139, 84.03599999999287, 90.76799999999065], "0.05": [82.71099999998385, 87.5849999999857, 89.26499999998838, 81.16899999999146, 86.64499999998782], "0.1": [89.65099999999113, 86.26999999998823, 95.172999999993, 83.73199999998413, 92.24499999999038], "0.15": [94.78199999999686, 89.1359999999922, 93.9389999999911, 78.93799999998342, 86.78399999999249], "0.2": [85.07399999998715, 86.15099999999008, 89.31399999998828, 67.31099999999509, 88.3619999999897], "0.25": [92.79299999999323, 94.8459999999912, 85.9999999999971, 68.49799999997408, 86.22199999998988], "0.3": [89.88899999998627, 93.25799999999249, 81.79099999997939, 80.52099999998772, 85.95199999999313], "0.35": [91.6289999999907, 86.59799999998651, 86.15099999998407, 67.36099999998751, 88.86699999998741], "0.4": [91.46099999999302, 82.35999999998572, 89.6769999999882, 74.31499999999151, 88.75899999999028], "0.45": [88.27099999999362, 87.68299999999131, 88.56499999999195, 57.00199999999553, 92.18099999998907], "0.5": [84.80599999999008, 83.91999999999362, 76.3119999999843, 53.256999999995784, 88.4409999999934]}, "both_same": {"0.0": [93.1209999999905, 84.90699999998435, 94.99199999999324, 89.68799999999264, 92.7959999999975], "0.05": [86.416999999982, 74.32599999999498, 87.43599999999228, 41.133000000007925, 86.64499999999039], "0.1": [62.36399999998739, 62.037999999967525, 79.48899999998284, 22.301000000016767, 69.11199999998253], "0.15": [30.421000000010487, 49.639000000002305, 63.51499999999467, 12.836999999999419, 74.05199999999203], "0.2": [33.333000000016916, 25.7550000000216, 49.03499999999667, 13.047999999997677, 65.00699999997249], "0.25": [20.860000000020936, 22.023000000019323, 42.24600000001703, 25.002000000016213, 63.08599999997105], "0.3": [3.491999999998643, 15.312999999998874, 18.038000000006157, 13.76399999999784, 61.329999999982], "0.35": [11.176999999996283, 11.369000000006137, -5.860000000001422, 23.566000000004507, 50.05300000000255], "0.4": [11.172999999998916, 7.4949999999938814, -11.402999999992977, 9.000999999996667, 35.76400000001385], "0.45": [-2.7499999999996727, 7.2519999999937825, -17.01599999998405, 11.349999999999302, 26.577000000014806], "0.5": [-9.59900000000348, -7.0750000000091084, -18.485999999983186, 19.114000000009447, 13.22199999999916]}}