{"both": {"0.0": [96.79199999999425, 91.84299999999062, 89.67099999999242, 97.98899999999628, 91.32699999999208, 89.69299999999741, 95.76799999999332, 76.69599999999373, 97.6669999999957, 76.2779999999887], "0.05": [96.67799999999386, 68.37599999998199, 43.16800000000878, 97.80699999999577, 97.1669999999951, 62.83899999999326, 77.05799999998604, 87.796999999984, 97.4739999999951, 37.95000000001849], "0.1": [94.81399999999407, 78.92099999998712, 65.09699999998038, 95.88499999999347, 93.92199999999085, 65.71199999998545, 82.4349999999861, 88.18099999999009, 90.94199999999415, 30.394000000011502], "0.15": [95.4789999999915, 91.65099999998678, 71.39799999998395, 95.30799999999222, 89.58299999998476, 81.64899999998619, 86.36999999998096, 93.60099999998972, 85.79999999998623, 26.111000000010293], "0.2": [85.39499999998638, 91.49899999998556, 78.51999999998876, 96.10599999999287, 79.09799999998752, 58.605999999999, 84.82799999997998, 88.29299999998888, 79.42199999998803, 29.952000000015783], "0.25": [72.63599999998775, 90.06699999998233, 64.77199999997764, 94.8499999999916, 70.33799999998512, 56.02299999998767, 65.00899999997172, 83.683999999985, 53.01299999999485, 22.69900000001362], "0.3": [69.1099999999817, 84.77399999997746, 50.228999999999985, 91.05899999998935, 44.73500000000704, 44.23000000000633, 43.36700000001348, 83.63499999998352, 28.53800000001149, 20.358000000011433], "0.35": [59.381999999980486, 74.23399999997388, 17.650000000009936, 80.18299999998285, 37.51700000001385, 29.57200000001556, 5.628999999993051, 74.73399999997824, 15.480000000013412, 5.988999999997208], "0.4": [33.40800000001901, 54.562999999999505, -4.990000000007471, 63.15199999999487, 18.391000000012493, 0.29199999999929843, -19.511999999993016, 54.1429999999731, -5.6100000000038595, -2.2040000000022975], "0.45": [15.188999999998284, 29.291000000018347, -17.150999999985004, 59.85699999998991, 19.753000000014463, -12.377000000004282, -21.70899999998121, 45.85300000000668, -3.9710000000028645, -1.2100000000008224], "0.5": [12.631999999998266, -4.2360000000016305, -30.85999999998226, 47.35700000000429, 2.009999999997348, -21.22699999997842, -28.07699999997262, 6.72799999999561, 0.9499999999993016, -4.327000000005944]}, "action_only": {"0.0": [96.81899999999425, 84.54999999999156, 91.16999999999423, 97.9869999999963, 92.83099999999227, 91.19799999999219, 86.8549999999853, 84.07699999999029, 97.65599999999567, 79.22699999998675], "0.05": [93.84999999999549, 65.49999999998349, 34.70800000001363, 96.34799999999419, 94.1819999999936, 55.59899999999377, 78.43899999998698, 60.35299999999623, 96.0049999999938, 33.30500000001138], "0.1": [94.78999999999178, 66.46499999998497, 22.767000000016175, 94.18299999999311, 92.28999999999132, 53.45499999999801, 82.97699999998912, 59.99699999999112, 91.01099999998952, 27.350000000007938], "0.15": [89.76399999999543, 72.74699999998677, 54.32499999999569, 95.35299999999285, 85.61599999999056, 70.17099999997868, 80.09699999998826, 64.9790000000001, 91.49299999999339, 11.05300000000159], "0.2": [80.90699999997747, 88.54799999999088, 27.641000000018156, 94.4179999999914, 70.43399999998198, 59.04599999998799, 76.33399999997425, 70.15299999997055, 67.5879999999857, 9.188999999996884], "0.25": [77.11099999997387, 90.01499999998309, 24.296000000016164, 92.64299999998858, 64.40299999998952, 41.97200000001184, 56.630999999977846, 74.57599999997532, 56.029999999976596, 4.47799999999342], "0.3": [70.36699999997866, 86.43599999997794, 17.18300000001083, 90.9969999999877, 47.69499999999019, 28.016000000019645, 35.24700000001261, 65.47099999997894, 16.246000000011676, 2.522999999998348], "0.35": [54.45099999999937, 76.6369999999713, -2.7909999999997783, 78.79699999998847, 37.41000000001091, 13.922000000006937, -8.574000000005771, 55.96699999998123, -5.455000000002622, -21.987999999984464], "0.4": [42.30400000001788, 61.87699999997709, -19.00699999999418, 67.53399999999029, 15.680000000018612, 4.348999999998463, -21.38899999998448, 52.345000000004966, -20.90499999997646, -25.66199999998072], "0.45": [16.85700000001956, 26.110000000012842, -31.89399999997007, 57.635999999980825, 4.915999999994084, -28.6659999999806, -34.79699999997044, 32.120000000019374, -20.490999999984997, -23.43499999997644], "0.5": [5.822999999997146, -6.748000000006008, -38.492999999968504, 47.133999999995865, 18.054000000008244, -33.08899999997217, -34.42699999997101, 15.455000000015339, -30.886999999975572, -31.630999999974]}, "goal_only": {"0.0": [96.8329999999943, 90.41299999999137, 85.24499999999026, 97.98299999999628, 94.30999999999389, 89.75699999999125, 89.76799999999037, 73.86699999999058, 97.66499999999569, 83.61099999999648], "0.05": [96.8269999999943, 65.39599999998978, 93.93499999999321, 97.95599999999631, 91.17199999999042, 87.9839999999857, 86.78499999998252, 89.87999999998961, 97.6699999999957, 79.08499999998601], "0.1": [93.84799999999079, 77.14599999999011, 90.75599999998701, 97.98599999999628, 94.19599999999129, 86.49699999999228, 95.47899999999292, 95.71199999999288, 97.65999999999569, 76.02499999998415], "0.15": [95.26099999999248, 88.34599999998746, 94.17799999999073, 97.96199999999622, 92.64399999999193, 84.91399999999004, 83.59799999998741, 95.99299999999313, 97.6679999999957, 61.697999999989385], "0.2": [92.3219999999931, 88.64799999999045, 95.24899999999168, 97.94999999999618, 92.40199999999139, 80.00599999998377, 87.5579999999943, 94.71899999999145, 97.65899999999573, 61.67499999998042], "0.25": [93.7539999999925, 87.44599999999262, 94.1999999999902, 97.8849999999962, 96.93599999999425, 84.08299999998637, 81.5559999999907, 95.02999999999157, 97.64899999999562, 48.40900000000618], "0.3": [95.1749999999924, 91.84499999999318, 94.23599999998989, 97.87899999999603, 93.8829999999935, 84.6929999999893, 84.79399999998755, 96.20799999999261, 96.135999999994, 61.45299999997623], "0.35": [90.52999999999116, 91.67499999999029, 95.2339999999917, 97.22999999999618, 93.63499999999061, 81.02499999998993, 84.07199999999442, 94.83699999999118, 93.20299999999035, 58.20999999997622], "0.4": [93.10099999999038, 93.11599999999213, 93.63599999999138, 97.23699999999587, 96.4099999999948, 88.40199999998707, 84.83599999998764, 96.18299999999313, 94.56199999999644, 57.14099999998368], "0.45": [92.6329999999906, 88.734999999987, 92.16699999999233, 97.58999999999592, 96.43499999999327, 86.99899999999133, 91.24199999999017, 95.91699999999162, 92.77099999999126, 63.80299999998485], "0.5": [96.49599999999356, 90.04099999999262, 92.34199999998847, 97.49499999999571, 92.29099999999346, 86.2709999999875, 91.03999999999014, 96.03399999999259, 91.07699999999127, 68.25999999997686]}, "both_same": {"0.0": [96.80599999999426, 81.6249999999868, 89.70299999999506, 97.96299999999631, 94.28999999999563, 92.72899999999197, 92.753999999996, 72.26099999999109, 97.66399999999568, 83.57999999999191], "0.05": [96.68899999999408, 75.3229999999874, 48.771000000003134, 94.9039999999966, 97.10999999999471, 72.64999999998618, 75.56899999998036, 84.19199999998453, 93.16399999999516, 42.38400000000438], "0.1": [93.29999999998955, 81.5169999999823, 62.18699999997813, 97.32499999999503, 95.37499999999507, 64.87399999998165, 81.40299999998867, 91.35999999998688, 94.74899999999225, 37.33400000001669], "0.15": [88.21699999998839, 90.16099999998329, 77.86999999998699, 96.63799999999407, 90.12299999998861, 81.6969999999859, 85.48699999998759, 93.25499999999009, 89.37399999998652, 27.926000000010113], "0.2": [82.97299999998673, 89.9039999999866, 77.49699999998526, 96.10999999999343, 78.7969999999927, 72.68099999998054, 83.05999999997901, 92.80199999998793, 66.58899999998003, 31.293000000017752], "0.25": [87.10399999997979, 89.59399999998381, 69.66499999997696, 94.58499999999086, 54.674999999989524, 64.80099999998484, 62.615999999978314, 88.50799999998509, 57.7789999999924, 32.17400000000734],