{"0.0": [97.01299999999463, 97.72499999999583, 97.80599999999589, 97.54099999999556, 97.65999999999568, 97.78299999999594, 97.7149999999958, 97.78399999999593, 97.59299999999556, 97.38799999999529], "0.05": [90.64299999998622, 97.63499999999559, 63.1849999999926, 62.0329999999927, 97.55999999999553, 91.58099999999537, 85.77799999999688, 81.08799999998459, 97.47699999999553, 88.45399999999121], "0.1": [62.882999999999875, 83.7049999999902, 23.021000000013736, 13.961000000002839, 94.42899999999347, 83.74199999998616, 73.68799999999086, 50.44400000000068, 94.40799999999172, 92.72499999999376], "0.15": [59.23399999998679, 67.20599999999683, 0.8140000000004419, -11.209999999991856, 83.59599999998376, 77.24199999999044, 84.08799999998497, 31.955000000020068, 85.22499999999141, 89.48399999998792], "0.2": [78.13799999998548, 41.19800000001376, -21.56599999997594, -44.22599999998763, 77.52099999998477, 57.63399999999693, 73.90599999997677, 18.569000000001562, 74.0519999999887, 87.54999999999272], "0.25": [79.15099999997966, 31.551000000016852, -39.07399999997135, -40.73799999996867, 73.025999999977, 41.2800000000155, 80.88299999998408, 5.499999999994885, 68.163999999992, 88.75999999998841], "0.3": [79.73499999998253, 1.4179999999994968, -41.162999999969614, -44.74699999998952, 57.18899999998901, 30.0740000000177, 81.58999999998258, -13.388000000000158, 65.92899999998616, 75.59399999999036], "0.35": [69.73499999998053, -18.275999999987178, -46.38099999999069, -47.328999999999596, 46.01300000000376, -1.2460000000023137, 77.3669999999832, -9.930999999994857, 57.75899999998696, 59.52899999996755], "0.4": [72.77199999998383, -18.488999999979, -47.54199999999696, -46.0709999999916, 43.47400000001396, -5.952000000008037, 48.98499999999458, -13.698999999999193, 57.02699999999602, 44.94599999999631], "0.45": [58.12799999997874, -21.77999999998042, -44.23299999998219, -47.854000000001506, -3.2580000000003815, -14.447999999990861, 64.92899999998242, -20.512999999987645, 32.94600000001182, 38.90900000001699], "0.5": [59.883999999994394, -20.199999999978203, -48.7040000000021, -48.62500000000522, -15.859999999996807, -22.15499999997417, 41.172000000015586, -26.560999999974776, 20.561000000002313, 23.52100000002227]}