{"both": {"0.0": [93.8314225698464, 93.92023067366725, 94.53884111025145, 94.01082026783635, 93.48687742316791, 93.91282252589593, 94.3153990968144, 94.65581239573456, 92.66751295860162, 86.62242743271442], "0.025": [92.17632844530289, 93.34774087646333, 94.64143158244802, 93.60997356164573, 93.97629040562319, 94.18258756697816, 93.1867165526663, 94.62823837986264, 92.19800348037879, 89.46198138438696], "0.05": [94.11130100837583, 93.40901651286698, 94.62878026850436, 93.2906246022272, 94.23750783985804, 93.6182783282148, 93.03992394780971, 94.68437191896294, 91.59844014872206, 89.2322777128791], "0.075": [88.9313309946977, 93.49406526627003, 94.54752369540225, 93.31618631766722, 94.07826455667599, 93.59474880909913, 92.89143342909671, 94.5267458479354, 91.22928898094948, 89.43479372687081], "0.1": [80.21431033832087, 93.30012491927877, 94.34648252483285, 93.36557139416455, 94.05981512634658, 93.79654089681667, 92.62191497739838, 94.23229243924594, 91.69083195541367, 89.01962934425872], "0.125": [73.13969163422374, 93.37421234607258, 94.01113445761983, 93.22878623801743, 93.65822135317843, 93.2322534255169, 92.1907092516812, 93.8771682160986, 91.04619001625866, 88.81757861165994], "0.15": [76.26659475589946, 91.1981647940952, 93.68409850605438, 92.74118526567257, 93.46410811448725, 92.85181701382959, 91.80233296838465, 93.65306888549547, 91.0207930933348, 88.74376190816747], "0.175": [29.935284081260683, 71.6461792926723, 93.18060970895799, 90.0871254203134, 93.68750531095183, 91.64791451284995, 91.35006108991801, 93.18806652712509, 90.24393572768659, 88.72404389191149], "0.2": [36.97014612885636, 83.69596438148403, 92.6666168609277, 91.96227527260909, 93.56948344200316, 90.83054956953309, 76.97401078541029, 93.1758649528023, 90.28213235114976, 88.74485048598874], "0.225": [37.532592276477956, 68.38731739335024, 92.66529599933924, 90.81385153907908, 92.72347907723866, 85.33513098003947, 70.86720672281226, 92.6778994586106, 86.28136008164589, 88.7990495816969], "0.25": [40.04614878834503, 70.65389130310373, 91.35153722779408, 84.62213519582953, 92.39786240378858, 89.90810026833981, 74.03517221560045, 92.28091107339243, 80.86364002838398, 88.87912624374654], "0.275": [55.847419959602966, 67.60408149895461, 91.240601480054, 73.60070969353369, 92.05241147276007, 85.3261192148455, 47.650639897358154, 92.13680546360224, 71.54395190299579, 88.81051879429383], "0.3": [49.5706450185435, 56.477136106494555, 91.3806237993104, 67.53615170872241, 91.69786233908792, 67.57214214298466, 40.54388739964276, 88.88953604688015, 56.49340783169192, -15.003525186455638]}, "goal_only": {"0.0": [93.91293568381681, 93.71137071411398, 94.55726525181552, 94.1345034901812, 93.85570590457053, 92.94218618577317, 94.02445949652284, 94.66496683158131, 92.7167902316335, 87.62204297361313], "0.025": [92.90948573382737, 92.643012479752, 94.64914903408535, 93.6996939601111, 94.00199484401551, 94.01342374009519, 93.66163185799789, 94.63388995793433, 92.11713100313071, 89.35077184379263], "0.05": [92.0277728563186, 93.71143274429201, 94.61013003297622, 93.72757796442156, 93.9849318798413, 93.88013129248019, 93.3068775245618, 94.49777597194367, 91.72862132815693, 88.71640093552273], "0.075": [84.22830292664293, 93.27938770808345, 94.5700588926662, 92.89199256650423, 94.41279540784956, 93.66456843242959, 93.01478908012628, 94.26435170285818, 91.09520456654693, 86.40854480272225], "0.1": [78.29085011081722, 93.27710347401923, 94.39263051828435, 93.31375824914643, 94.02666321509385, 92.62769430203703, 92.17475891986534, 94.27916916494416, 91.21495291560237, 89.0609774890319], "0.125": [78.22363723844127, 93.31216795149801, 94.23744010248986, 92.92379219576944, 94.08557378694559, 93.34142905191312, 92.24996918190962, 94.04924962658087, 90.97017957601784, 88.96973595792008], "0.15": [57.06771978990634, 88.9920978641728, 93.82440458747519, 92.73008734554877, 93.8133276980084, 90.12474034958093, 91.9514632396879, 93.70947021697769, 90.55369649671924, 88.74698389942272], "0.175": [20.86183588826175, 74.67422706535734, 93.01963688547791, 90.31651544799836, 93.69076264826818, 90.49709808032082, 91.23880342331469, 93.43021056655917, 90.47768604882005, 88.73432388054024], "0.2": [34.22683492313501, 68.48546700908986, 92.39206846832775, 91.96431695197727, 93.53600348893717, 81.00157868266446, 78.05758495289955, 93.06388811112782, 87.29151766097348, 88.71945421322069], "0.225": [37.75409434371617, 61.44398150617264, 91.90410575449089, 91.99268543851403, 93.1852735393575, 85.73919846395944, 73.00262166866962, 92.93691694777897, 86.05919770646868, 88.80936507736996], "0.25": [44.55063979879333, 54.37015446259573, 91.45911549619535, 76.72364939651148, 92.58638179046869, 80.74715231170357, 68.22503789419883, 92.55307224472959, 76.69927967152933, 88.88920289504107], "0.275": [49.94784806064659, 58.547162191373616, 91.07163307318642, 58.39663712608058, 91.93728938842786, 76.75822347502913, 49.818247896794745, 92.2056230618204, 65.27993592410779, 88.92128788789027], "0.3": [43.93830914389634, 49.45985017252759, 91.55340736282102, 50.30938872654204, 91.68680345591183, 71.48395980174303, 40.602299080574184, 91.23567962173819, 59.90810346785916, -15.061038384689844]}, "action_only": {"0.0": [94.02433001678769, 94.02252251781391, 94.60227062391198, 93.97466306387031, 93.57608746456904, 94.02791979469652, 94.01021749093056, 94.45417464279332, 92.17920115569815, 88.85416414385594], "0.025": [92.82531924057963, 93.81892122029778, 94.60007744206911, 94.24513349860328, 93.62351049704897, 93.84225988815005, 94.50056309243196, 94.57309196515227, 92.21591354035573, 84.61669222719864], "0.05": [92.99729393387297, 93.57028796114678, 94.65420012448351, 94.02418424146907, 93.75607098579844, 93.91483792969758, 94.1349183517037, 94.64678434496336, 92.5627862591971, 85.54904339382469], "0.075": [94.09321850456205, 93.5187122548122, 94.60327743427784, 94.02727206436207, 93.46726591337537, 94.11281690519547, 94.10553485912953, 94.57969177812201, 92.61028871885895, 84.5644783487915], "0.1": [93.88473909864348, 93.99484005974178, 94.58485311724137, 94.21982894669847, 93.78758359970296, 93.86089190985953, 94.06510145264888, 94.6223351031618, 92.41385684203847, 84.63204434460644], "0.125": [93.88633997101505, 93.59909787135352, 94.65015968722619, 94.2268815940769, 93.93352863794011, 93.91606557277589, 94.20808242427852, 94.65996735891903, 92.47317017082327, 87.62619736015547], "0.15": [94.02703532774656, 93.48755998284149, 94.65083960771125, 93.9745825930205, 93.69210918084077, 93.84025064160843, 93.92889979335959, 94.63808356107651, 92.44749306492055, 88.75387634064069], "0.175": [92.83067669103451, 92.86882654934647, 94.61235728388965, 93.99599749301366, 93.80473271654074, 93.82709852430868, 94.07746505353032, 94.58667003140135, 92.30472894056454, 90.7241781768586], "0.2": [93.65533160239669, 93.5406028191089, 94.62798080371951, 94.26085175780437, 93.56240225022799, 93.75269895518268, 94.21808451616442, 94.5269651007118, 92.23908565167898, 86.92506616351828], "0.225": [93.90424288523792, 93.86837363320967, 94.61328694629707, 94.32223084986622, 93.7948806246513, 93.91233089696414, 93.88529469144248, 94.65965016048403, 92.7756064309396, 89.76020713771649], "0.25": [94.11884709177758, 93.78150462189947, 94.56056817506587, 93.91469319532487, 93.894741725221, 93.90451492622815, 94.12583877279373, 94.34936455380355, 92.80661530235864, 86.81803010691041], "0.275": [93.9909963031579, 94.02386725486544, 94.59882760976377, 94.1406063361252, 93.57655739921405, 94.07978398612622, 94.34499654726604, 94.63280516822749, 92.63740874297892, 86.86167738104417], "0.3": [93.92402042480325, 93.76378637670264, 94.6315655330152, 94.19889854342877, 93.5449384269182, 93.88831335562418, 93.97132838236607, 94.64195680337836, 92.1948340611795, 89.60262617611345]}}