{"goal": {"0.0": [90.224999999986, 91.69299999999268, 95.59899999999203, 89.28299999998374, 97.29099999999512], "0.02": [87.95299999998997, 59.11599999999246, 47.25699999999242, 82.86099999998382, 11.65400000000831], "0.04": [84.66899999997754, 60.09399999998399, 3.4739999999956606, 22.627000000012348, -48.535000000000345], "0.06": [88.2849999999814, 42.04700000000902, -22.95499999998619, 15.708000000012433, -50.00000000000659], "0.08": [86.0399999999773, 36.603000000016465, -37.144999999969016, -11.966999999992941, -50.00000000000659], "0.1": [54.14999999999347, -5.5990000000058195, -48.90500000000624, -36.673999999969645, -50.00000000000659], "0.12": [33.316000000019415, 21.835000000002466, -48.841000000006005, -39.84499999996744, -50.00000000000659], "0.14": [-2.8630000000006124, 2.125999999992855, -47.59500000000057, -41.22199999997134, -50.00000000000659], "0.16": [-40.14999999996919, -14.669999999988901, -47.7999999999979, -43.85799999998019, -50.00000000000659], "0.18": [-34.65499999996959, -26.775999999972292, -50.00000000000659, -41.33699999997837, -50.00000000000659], "0.2": [-48.9350000000018, -33.66099999997079, -47.698999999996396, -44.85199999998535, -50.00000000000659]}, "action": {"0.0": [95.26599999999137, 89.1309999999903, 92.47999999999104, 92.54799999998737, 95.71699999999306], "0.02": [85.71399999998648, 59.133999999981604, 89.44799999998409, 78.05999999999125, 3.6679999999938184], "0.04": [42.94700000001539, 9.78599999999942, -30.38699999997591, 56.58199999999172, -37.255999999974215], "0.06": [26.66600000002088, -1.8140000000017287, -41.762999999976266, 12.312999999998658, -28.697999999973653], "0.08": [37.932000000015876, -19.396999999983933, -46.34099999999623, -8.367000000003667, -34.43199999997251], "0.1": [30.9190000000253, -15.541999999989057, -43.893999999985255, 6.004999999996642, -37.43199999997185], "0.12": [11.552000000003293, -25.148999999980322, -47.7279999999965, -3.1470000000044065, -37.61599999997153], "0.14": [-12.15899999999499, -34.92299999997144, -46.60899999999375, -18.537999999991317, -43.23199999997934], "0.16": [-21.866999999981516, -30.236999999975502, -50.00000000000659, -26.45599999998212, -35.51599999997092], "0.18": [-38.30099999996999, -41.901999999981854, -50.00000000000659, -29.008999999976044, -31.738999999970602], "0.2": [-47.73799999999654, -41.772999999974466, -48.860000000002664, -32.296999999971064, -22.382999999986428]}}