{"goal": {"0.0": [], "0.02": [], "0.04": [], "0.06": [], "0.08": [], "0.1": [], "0.12": [], "0.14": [], "0.16": [], "0.18": [], "0.2": []}, "action": {"0.0": [90.69299999998441, 90.31399999998379, 80.59699999998946, 92.50799999998713, 91.34099999998463], "0.02": [84.93599999997936, 63.934999999976895, 90.36399999998976, 83.49099999998262, 89.39799999998331], "0.04": [55.90499999998094, 25.119000000010587, 71.52599999998439, 22.345000000005392, 70.25399999998112], "0.06": [2.576999999999184, -9.590000000008025, 48.077000000001036, -7.417000000002491, 63.14899999998383], "0.08": [-18.446999999984158, -22.740999999977543, -17.831999999986703, -25.11899999998652, 28.7270000000186], "0.1": [-28.514999999976403, -21.747999999981165, -35.84199999997305, -31.290999999973014, -14.839999999995639], "0.12": [-39.68699999996667, -40.59799999996789, -41.16999999997187, -38.37599999997014, -13.011999999986628], "0.14": [-48.58300000000052, -46.07899999999108, -42.57999999997641, -50.00000000000659, -22.878999999980664], "0.16": [-48.78200000000125, -43.73099999997923, -47.36199999999972, -45.996999999992866, -30.029999999970457], "0.18": [-48.77000000000234, -36.59099999997161, -48.942000000001826, -43.81299999998408, -36.869999999968556], "0.2": [-46.4359999999918, -41.21699999997168, -48.67700000000086, -44.831999999985285, -35.90899999997731]}}