{"goal": {"0.0": [], "0.02": [], "0.04": [], "0.06": [], "0.08": [], "0.1": [], "0.12": [], "0.14": [], "0.16": [], "0.18": [], "0.2": []}, "action": {"0.0": [90.67899999998444, 90.27699999998384, 92.48699999998689, 89.70999999998598, 88.34899999998873], "0.02": [88.90799999998143, 78.75699999997416, 89.38999999998677, 87.39899999998202, 49.178000000011664], "0.04": [75.40099999998027, 75.43699999997884, 79.0009999999895, 81.82999999998418, 6.847999999995681], "0.06": [35.42600000001603, 56.24299999999325, 54.83299999997011, 63.75799999998981, -35.79599999997485], "0.08": [-30.61999999997724, 36.0930000000225, 15.849000000002741, 57.11199999998296, -38.90799999997032], "0.1": [-34.94699999996917, -6.987000000003979, -16.401999999987076, 37.362000000017716, -44.39099999998254], "0.12": [-38.82099999997564, -23.317999999978372, -35.249999999974136, 11.389999999998201, -41.89199999997472], "0.14": [-38.86799999997291, -22.22099999997845, -27.27399999998037, 5.846999999996231, -42.413999999976696], "0.16": [-48.690000000001945, -36.219999999970625, -23.782999999987492, -6.195000000006115, -48.65400000000078], "0.18": [-47.64899999999824, -37.257999999970586, -44.414999999988886, -5.712000000002215, -48.60300000000514], "0.2": [-50.00000000000659, -40.14499999996717, -38.41699999997048, -11.054000000001288, -48.92000000000175]}}