{"goal": {"0.0": [88.27999999998546, 93.59499999998805, 94.52699999999425, 91.12499999999362, 91.22499999999265], "0.02": [-47.398999999995304, 84.3629999999788, -31.04399999997793, 43.51099999999971, 27.584000000012992], "0.04": [-50.00000000000659, 76.70199999996719, -23.79199999998481, 53.5809999999836, 85.88199999998413], "0.06": [-50.00000000000659, 11.929000000015035, -21.547999999980462, 39.924000000014054, 92.89399999999212], "0.08": [-50.00000000000659, 12.72600000001143, -36.859999999970384, 24.747000000011443, 42.800000000012076], "0.1": [-50.00000000000659, 7.328999999997643, -37.69699999996848, -23.513999999979454, -41.17499999997036], "0.12": [-50.00000000000659, -26.9119999999751, -20.5819999999881, -32.330999999975944, -43.34199999997873], "0.14": [-50.00000000000659, -22.144999999978953, -20.912999999976822, -20.6409999999924, -23.354999999981455], "0.16": [-50.00000000000659, -19.400999999987615, -27.00899999998002, -38.46699999997006, -35.06399999997106], "0.18": [-50.00000000000659, -4.718000000006989, -29.16399999997103, -42.52499999997621, -33.65599999997389], "0.2": [-50.00000000000659, -25.586999999977458, -35.74399999997046, -48.70500000000551, -45.92799999999359]}, "action": {"0.0": [90.78799999998557, 93.1209999999873, 84.91899999998921, 93.80699999998919, 86.65299999998798], "0.02": [-18.121999999986013, 43.52100000001702, 0.1819999999997971, 63.729999999989, 59.46899999999158], "0.04": [-40.83099999996745, 73.08899999997301, 19.73000000000508, 82.87899999998001, 65.64899999997618], "0.06": [-35.61699999997032, 79.1579999999779, -9.235000000003451, 85.48999999998163, 53.538999999983716], "0.08": [-27.06899999997877, 76.79799999997324, -16.845999999994405, 74.28299999998512, 22.031000000009712], "0.1": [-31.12099999997143, 49.63200000000012, -24.85999999997823, 66.02299999998448, 43.182000000017425], "0.12": [-36.7749999999695, 19.154000000018264, -23.495999999980263, 50.99699999998881, 49.805999999992395], "0.14": [-25.246999999980662, 9.938999999998707, -27.26399999997893, 43.396000000018056, 28.242000000016297], "0.16": [-24.44299999997733, 9.25699999999933, -29.439999999976145, 33.16300000001588, 27.304000000022416], "0.18": [-21.167999999988297, 29.279000000017295, -12.215999999986911, 28.704000000015427, 28.403000000014814], "0.2": [-25.51499999997278, 21.907000000014342, -25.489999999982512, 15.387000000011756, 24.5070000000138]}}