{"goal": {"0.0": [98.02299999999633, 97.60699999999562, 93.44599999999302, 81.92399999997423, 97.5949999999953], "0.02": [97.67599999999572, 97.35399999999525, 90.36299999998909, 58.96799999997947, 93.71899999998847], "0.04": [54.49899999997199, 74.65499999998953, 69.22799999998249, 87.12399999998503, 90.53699999998463], "0.06": [27.975000000007803, -15.080999999993331, 21.77100000000355, 72.68399999996859, 82.74599999997736], "0.08": [14.926999999999914, -14.958999999987958, 16.07400000000494, 43.054000000017574, 69.93599999998054], "0.1": [1.8100000000000156, -21.335999999982647, 27.378000000010132, 34.64800000002201, 67.92299999997482], "0.12": [-22.92099999997777, -22.95999999998069, -7.666000000002164, 1.2959999999971177, 29.7640000000199], "0.14": [-36.16099999997246, -18.888999999991853, -27.451999999970013, -28.892999999972417, 25.63100000001383], "0.16": [-41.64099999997072, -31.234999999973454, -38.92899999996941, -46.340999999990544, -3.683000000002335], "0.18": [-37.74299999997439, -40.31099999996702, -44.855999999984235, -47.65899999999625, -26.36199999997561], "0.2": [-46.18799999999113, -42.056999999974735, -44.74199999998382, -50.00000000000659, -39.974999999969825]}, "action": {"0.0": [98.01499999999632, 97.57099999999548, 92.51399999998895, 82.59699999997747, 97.84499999999622], "0.02": [39.24600000001172, 88.19399999998717, 80.68099999997985, 81.10299999997099, 87.01899999998797], "0.04": [33.459000000007435, 89.59099999998283, 16.84300000001363, 72.96099999998154, 44.818999999996485], "0.06": [-5.283000000006535, 74.80899999997669, 2.6389999999988727, 63.526999999977185, 16.898000000022318], "0.08": [-6.75500000000725, 33.13900000002013, -18.010999999987334, 45.64200000001051, -8.063000000006056], "0.1": [-4.294000000004008, 12.416000000007175, -33.0409999999714, 11.987000000003796, -33.462999999969114], "0.12": [-14.414999999996285, 3.487999999995716, -41.54299999997059, -21.752999999980954, -39.38399999997151], "0.14": [-26.853999999977546, -22.805999999972247, -48.75200000000113, -31.988999999973533, -50.00000000000659], "0.16": [-37.46899999996801, -24.481999999981678, -47.49899999999567, -44.65899999999056, -46.8099999999968], "0.18": [-41.195999999970425, -36.83099999996944, -50.00000000000659, -45.459999999987566, -48.991000000002], "0.2": [-40.90299999996761, -42.5289999999748, -50.00000000000659, -47.70699999999643, -47.79499999999675]}}