{"goal": {"0.0": [92.70099999998791, 91.54299999998756, 95.48499999999189, 97.28599999999513, 91.47399999998807], "0.02": [50.6059999999856, 76.26199999998907, 97.34199999999515, 89.36499999998333, 83.819999999983], "0.04": [63.29499999998459, 49.86499999998909, 59.07099999999828, 89.51099999998296, 28.63200000001247], "0.06": [36.015000000019725, 40.86700000001631, -42.514999999975224, 90.71799999998379, 29.865000000014046], "0.08": [48.29000000000529, 29.8150000000173, -48.91300000000172, 90.27199999998388, 23.197000000009222], "0.1": [22.814000000011887, 2.7189999999956562, -50.00000000000659, 20.8980000000173, 41.58700000001288], "0.12": [-0.9000000000082974, -11.041999999990228, -46.42099999999197, -41.27899999997395, 47.80500000001015], "0.14": [-1.2400000000009919, -2.5470000000044726, -45.39899999998848, -48.61200000000063, 27.311000000017955], "0.16": [-9.656000000002104, -9.473000000003644, -47.712999999997585, -35.90699999997299, -41.38699999997116], "0.18": [-36.80099999997052, -10.406999999995831, -44.052999999986085, -40.38899999996786, -39.15299999996898], "0.2": [-38.34999999997017, -25.86299999998015, -45.11699999998632, -39.366999999970716, -39.555999999970204]}, "action": {"0.0": [90.3979999999835, 86.39899999998762, 92.54099999998881, 97.29299999999513, 85.69399999998306], "0.02": [76.2549999999882, 61.804999999974754, 69.15499999998829, 5.700999999998902, 85.97199999998655], "0.04": [74.55999999999354, 62.02599999999155, 44.13200000000079, 16.467000000006223, 78.1079999999796], "0.06": [72.8249999999792, 42.85400000001092, 35.4940000000133, -12.629999999998265, 82.70299999999074], "0.08": [79.46999999998206, 20.45000000000771, 51.10499999999559, -19.745999999985784, 86.93299999998273], "0.1": [56.98099999999683, 26.014000000015077, 19.620000000006677, -41.521999999970284, 85.7009999999889], "0.12": [56.180999999994036, 2.9579999999990605, 16.448999999996587, -42.836999999978254, 74.24399999998042], "0.14": [60.982999999987044, -4.054000000007616, 20.1340000000183, -42.73299999997646, 14.298000000013944], "0.16": [65.36299999998789, -2.3880000000061385, -0.24800000000209368, -44.50199999998749, 10.312000000010725], "0.18": [56.8589999999897, -1.0740000000047019, 6.498000000000498, -47.22599999999468, -15.471999999990105], "0.2": [52.68500000000101, -3.6530000000010534, 26.263000000012322, -47.27699999999573, -21.531999999986674]}}