{"both": {"0.0": [92.8069999999896, 85.69699999998406, 92.62799999999137, 88.16299999998724, 97.28799999999512, 88.37099999998637, 91.77299999998876, 93.49599999998917, 91.83399999998997, 97.70399999999577], "0.02": [68.95299999998169, 75.93899999997761, 88.98199999998894, 87.53399999999057, 91.90399999999553, 89.95399999998457, 68.33099999997282, 63.18599999998073, 41.10800000001801, 63.53099999997631], "0.04": [65.44199999996525, 51.118999999993896, 57.26099999997347, 78.59299999997826, 61.09299999998643, 77.78999999998203, 69.10899999998806, 49.88299999999744, 0.3929999999953779, 51.10699999999214], "0.06": [62.20399999997612, 28.659000000012885, 55.61199999999072, 51.10200000000051, 47.23000000000664, 64.24299999999025, 45.18399999999457, 30.461000000016416, -4.90900000000285, 44.021000000013025], "0.08": [66.31299999997792, 24.414000000004794, 48.48699999999947, 49.83500000000407, 41.65500000001554, 74.52399999998538, 49.821999999992244, 9.658999999995117, -3.1600000000069666, 8.55899999999668], "0.1": [66.28699999998777, 5.203999999995208, 39.139000000021234, 41.808000000015525, 32.77200000001192, 64.09499999997949, 44.51900000001105, -4.071000000004318, 6.888999999994643, -38.57199999997232], "0.12": [48.44800000001018, -1.4270000000030052, 13.968999999999873, 29.736000000011128, -26.774999999978633, 45.9040000000096, 39.537000000020576, 7.4579999999941124, -4.6480000000052435, -47.16799999999987], "0.14": [49.75600000001016, -5.319000000003074, 10.825999999993194, 14.249000000006268, -19.855999999987436, 23.45600000000609, 32.061000000013536, -16.658999999991714, -19.342999999989242, -50.00000000000659], "0.16": [37.77500000001954, -28.10799999997425, 13.64099999999764, -6.2970000000076345, -45.62699999998908, 7.64300000000463, 10.824999999997203, -20.08199999998301, -7.9330000000024405, -50.00000000000659], "0.18": [6.294999999998551, -35.46999999996778, 18.070000000012907, -25.604999999980784, -48.553000000001546, -22.346999999980426, 19.70900000001754, -23.304999999983114, -27.016999999973326, -47.30799999999952], "0.2": [0.9839999999958376, -40.70499999996666, 7.193999999994947, -34.660999999969654, -48.577000000000496, -17.194999999985754, 35.63100000001265, -35.037999999973856, -37.70499999997189, -48.663000000000814]}, "goal_only": {"0.0": [91.98199999999127, 87.70299999998927, 91.1559999999889, 86.1259999999891, 97.28499999999511, 87.01299999998919, 97.67999999999569, 95.58099999999109, 91.37299999998658, 96.19999999999392], "0.02": [94.15999999999389, 88.88599999999074, 95.53299999999211, 95.19599999999178, 97.27899999999512, 92.14999999998798, 91.79299999999498, 84.48599999998969, 76.91299999999148, 71.02599999998279], "0.04": [84.29599999998834, 91.27799999999198, 91.92499999998756, 95.10899999999351, 94.33799999999168, 94.26399999998988, 94.74599999999229, 83.72899999998457, 43.64800000001353, 97.05499999999489], "0.06": [76.29399999998732, 88.80299999998911, 75.55899999997429, 88.04199999998401, 97.28999999999513, 94.4939999999907, 91.79199999999483, 92.87599999999087, 57.612999999987736, 95.54399999999286], "0.08": [79.06299999999501, 84.67699999998658, 43.06300000001635, 88.67299999998465, 97.29599999999515, 91.65399999998812, 92.89599999999523, 87.50799999998904, 46.56800000000349, 96.92699999999499], "0.1": [85.9439999999873, 76.70799999998519, 39.742000000014684, 76.29999999997227, 97.28799999999514, 92.96499999998896, 94.74199999999408, 85.7839999999917, 39.382000000013846, 92.5739999999944], "0.12": [76.17699999998752, 73.39299999998879, 37.314000000014595, 78.84699999998811, 97.29499999999514, 91.19099999998953, 94.23899999999514, 80.01699999998753, 45.26300000000041, 94.1939999999915], "0.14": [67.54199999999125, 90.98199999998809, 29.300000000010055, 79.26099999998034, 97.29099999999511, 94.0109999999891, 91.00499999999379, 82.92399999999239, 21.804000000005622, 95.26399999999286], "0.16": [73.65499999998512, 84.97299999998226, 35.5810000000139, 81.3829999999791, 95.82299999999569, 90.66699999998498, 88.95799999998584, 74.4009999999721, 37.27300000001153, 86.58999999999715], "0.18": [60.33799999998818, 85.51599999998818, 44.50000000000968, 70.89499999999455, 97.29099999999512, 86.03099999998743, 92.04699999998942, 68.08899999998599, 37.164000000014966, 92.19099999999368], "0.2": [56.83300000000236, 78.42399999998995, 22.964000000012703, 76.1439999999863, 97.29099999999512, 71.92799999997273, 22.39200000000868, 51.410000000003066, 5.769999999994335, 90.8649999999908]}, "action_only": {"0.0": [91.02999999998507, 81.39299999998171, 94.09099999999033, 91.65099999998482, 97.29099999999512, 83.08799999998298, 93.25899999999518, 95.88799999999279, 89.04999999999114, 97.62399999999577], "0.02": [89.61599999998536, 86.05599999998718, 94.63199999999173, 79.75399999997632, 94.09299999999115, 76.11599999998558, 42.72600000001833, 97.29899999999503, 66.24399999999503, 38.19800000001193], "0.04": [87.3669999999846, 55.72899999998361, 91.30099999998406, 83.294999999987, 49.16399999999358, 77.56799999998636, 30.62300000001332, 84.24799999998673, 48.64399999998681, 8.570999999997246], "0.06": [87.05799999998585, 18.134000000007976, 67.79199999997873, 76.70699999997974, -7.61300000000764, 71.05799999998162, 47.84699999999725, 63.17499999997697, 59.64799999998996, 10.799999999999608], "0.08": [79.33699999998244, 28.71200000002083, 55.75699999998028, 62.660999999996555, -16.521999999995632, 72.7549999999905, 40.1020000000147, 34.45100000002327, 43.815000000013264, 2.4390000000001897], "0.1": [74.70599999998262, 5.731999999999288, 43.36400000001103, 43.758000000013325, -6.339000000001114, 70.4309999999749, 26.395000000011578, 13.8800000000113, 51.69599999998397, -48.72500000000104], "0.12": [74.79699999997634, -3.653000000001357, 35.23600000002215, 44.22000000001379, -31.15399999997824, 65.68099999999433, 17.5090000000138, 8.025999999993383, 33.161000000015804, -42.88499999997928], "0.14": [58.314999999994214, -13.466999999984646, 37.92300000002026, 13.256000000000064, -45.59599999998783, 47.47400000000275, 13.906999999998149, -15.2559999999804, 25.769000000016828, -50.00000000000659], "0.16": [43.06100000001388, -20.154999999987623, 23.954000000015174, -16.2869999999927, -47.13499999999434, 31.02800000001626, 13.087000000005581, -23.930999999980322, 22.461000000022768, -48.659000000000795], "0.18": [12.089000000006086, -31.157999999976365, 26.49500000001363, -18.774999999988935, -50.00000000000659, 8.392000000009569, 15.663000000011195, -34.93099999996827, -9.306000000007268, -47.34899999999512], "0.2": [-18.974999999988448, -32.62199999997493, 14.999000000001885, -32.660999999970564, -50.00000000000659, -0.1560000000012987, 22.265000000010446, -32.03999999997398, -14.331000000002396, -47.26799999999483]}}