{"both": {"0.0": [92.08999999998834, 94.11799999999155, 94.0989999999902, 90.92599999998629, 97.29499999999513, 86.88299999998439, 88.82799999999614, 95.98699999999263, 92.13199999998734, 94.71999999999458], "0.01": [85.5589999999917, 60.36699999999114, 90.69799999998975, 79.79599999997987, 97.10499999999448, 81.10699999997962, 80.36699999999094, 94.23799999999339, 73.19299999998901, 90.98199999999245], "0.02": [73.94399999999094, 67.084999999988, 92.28899999998757, 60.792999999998166, 91.06699999999145, 87.35699999998286, 70.19699999998147, 82.96799999997867, 58.83399999999275, 43.859000000011065], "0.03": [76.0039999999765, 78.14699999998025, 85.74299999998965, 78.54199999998372, 75.39799999998046, 75.21399999998633, 58.62999999999242, 81.16299999998769, 52.68599999999925, 73.00199999998023], "0.04": [78.3039999999813, 64.1949999999857, 75.52699999998289, 77.98899999997803, 62.30099999997936, 54.221999999991496, 85.12199999998745, 76.71899999998435, 46.49599999997285, 68.32899999998634], "0.05": [65.23199999997517, 53.29299999999593, 75.40899999998214, 74.98899999998764, 43.074000000012255, 36.276000000011855, 73.42599999998077, 72.75699999998676, 4.783999999993508, 52.97699999999238], "0.06": [60.072999999986514, 42.48300000000748, 75.98599999998422, 67.86199999997544, 34.77400000001333, 49.244000000004064, 66.2409999999833, 61.00199999998984, 13.681000000005593, 16.55400000001038], "0.07": [50.31300000000469, -2.594000000003947, 54.25699999999479, 62.513999999983795, 9.919999999995508, 39.84500000001579, 44.98500000000624, 56.54599999999343, -1.056000000003203, -24.747999999983406], "0.08": [41.07600000001512, -22.668999999977768, 49.28100000000441, 41.32400000001247, 21.424000000019877, 9.160999999998587, 4.241999999996182, 25.068000000015758, 7.224999999997748, -20.657999999981115], "0.09": [16.685000000007648, -36.79599999997128, 41.045000000011186, 3.0999999999961223, 15.449000000010798, -13.533999999983935, -32.12899999997138, 11.790999999997197, 16.595000000004806, -33.36899999997254], "0.1": [-7.040000000002527, -41.310999999973156, 37.33300000000912, -14.949999999996448, 2.4439999999956674, -30.543999999975963, -31.01799999997731, 9.65799999999605, -3.1469999999995646, -32.36899999997083]}, "goal_only": {"0.0": [90.20499999998874, 85.67299999998377, 92.50299999998838, 90.89299999999373, 97.28999999999513, 87.652999999987, 93.26999999999461, 95.06299999999112, 93.07799999998808, 97.5829999999954], "0.01": [89.38099999998684, 87.63699999998624, 94.22599999999042, 95.4499999999932, 97.29299999999512, 83.33699999998363, 93.26299999999758, 95.43499999999273, 90.32899999998637, 97.59099999999559], "0.02": [91.28099999998759, 85.74799999999257, 95.79999999999221, 93.4739999999909, 95.8169999999957, 84.93199999998151, 90.3149999999941, 94.6459999999914, 84.77299999999009, 97.26499999999541], "0.03": [87.6399999999889, 85.9909999999898, 95.8059999999925, 90.7589999999884, 95.81799999999343, 92.03799999999, 93.27499999999294, 95.87099999999232, 86.17599999998964, 95.9609999999927], "0.04": [90.6649999999873, 81.18099999998837, 95.20699999999171, 94.77499999999482, 97.28199999999511, 92.23799999998731, 90.31499999999174, 84.91099999998958, 49.69899999999566, 93.16599999999151], "0.05": [81.77799999999549, 83.10599999998354, 89.60999999998741, 92.5829999999889, 97.2759999999951, 93.74099999998862, 90.31799999998947, 92.00299999998875, 43.47700000000572, 92.51999999998887], "0.06": [93.28799999998544, 85.91599999998282, 84.4499999999913, 91.02399999998848, 97.27999999999513, 94.14399999998966, 96.22099999999402, 86.58399999998679, 44.97300000000948, 94.02699999998802], "0.07": [90.43299999998797, 84.58399999998969, 92.47699999999278, 96.2889999999945, 97.28799999999512, 94.21999999998991, 91.73399999999363, 86.62199999998495, 35.479000000014686, 93.09199999998971], "0.08": [90.81899999998865, 87.60099999999115, 85.47199999998254, 94.00899999998826, 94.34099999999397, 94.27299999998986, 94.74299999999467, 92.9799999999889, 49.21799999999003, 94.5369999999906], "0.09": [91.2629999999938, 86.3709999999866, 63.839999999987604, 95.63299999999319, 95.81599999999338, 91.46499999998993, 91.79299999998882, 84.54399999998792, 39.8190000000129, 96.9179999999947], "0.1": [89.33399999998403, 93.58899999999323, 60.14499999999564, 92.89199999999114, 97.29099999999512, 93.19299999998941, 96.21499999999399, 86.1909999999892, 48.57900000001074, 97.05599999999467]}, "action_only": {"0.0": [91.67299999998936, 88.65199999998612, 95.12299999999276, 91.27099999998913, 95.82199999999561, 81.86599999998269, 92.47599999999429, 95.38399999999353, 92.0019999999916, 94.71799999999406], "0.01": [83.27899999998128, 62.64599999997774, 93.96099999998965, 86.76499999998396, 90.71799999999055, 84.73799999998835, 80.6779999999835, 95.61699999999196, 77.08299999998806, 86.7379999999914], "0.02": [81.42699999997721, 60.374999999985185, 77.84999999997936, 58.047999999985116, 90.28899999998968, 68.70799999998482, 81.73899999998643, 83.0219999999932, 49.72399999999851, 34.53100000001898], "0.03": [78.33299999998877, 64.9049999999906, 74.1859999999892, 90.5349999999866, 65.06099999999223, 66.68899999998361, 79.88799999997475, 88.90799999999062, 73.13599999999543, 33.4780000000154], "0.04": [80.26699999997382, 60.706999999991474, 80.40399999998738, 83.91799999998756, 50.669000000005234, 56.00500000000222, 77.62199999998455, 79.8549999999802, 71.89499999998175, 49.35800000000262], "0.05": [80.17599999997107, 39.5500000000125, 79.47599999997776, 79.78099999998611, 17.295000000001345, 64.29699999999075, 79.84299999997728, 79.39699999999041, 64.5159999999873, 40.5560000000147], "0.06": [71.77299999997281, 33.50500000000514, 70.35399999998725, 73.17799999998746, 27.08100000001543, 55.07599999998915, 60.24599999998352, 75.39499999998313, 52.97999999998838, 20.693000000007764], "0.07": [64.16799999998862, 11.173999999998701, 73.99199999997784, 75.55899999998364, 10.986999999996563, 58.35799999999742, 29.80700000002179, 69.4359999999989, 78.52299999998142, -11.432999999997866], "0.08": [53.363999999990526, -10.225000000000438, 69.64899999998451, 47.036000000012706, 18.768000000001635, 31.987000000017794, -4.259000000005314, 41.23700000001234, 70.81199999998478, -31.92099999997549], "0.09": [44.05599999998867, -43.174999999979484, 49.446999999985664, 30.52000000000912, 2.388999999998562, 18.929000000008017, -27.16299999997784, 10.59500000000228, 70.0699999999852, -28.114999999981727], "0.1": [-6.1650000000057625, -46.430999999991336, 44.30000000000399, -12.531000000002367, -2.044000000003455, -8.124999999995431, -33.52099999997863, 4.686999999998821, 56.99199999998931, -40.5109999999699]}}