{"goal": {"0.0": [89.52899999998205, 92.40899999998881, 88.30399999998326, 90.03099999998604, 85.37599999999196], "0.02": [-48.61300000000063, 88.36299999998711, -17.7999999999947, 65.31799999998904, 66.37699999998105], "0.04": [-27.139999999977796, 55.627999999999254, -4.4070000000027365, -5.313000000003333, 21.307000000016643], "0.06": [-34.429999999973646, 20.46800000001631, -39.30299999996879, -28.364999999970834, 18.596000000005265], "0.08": [-45.85499999998878, 19.790000000021355, -36.822999999974556, 16.814000000012072, 3.955999999993627], "0.1": [-50.00000000000659, -25.86499999997432, -36.67699999997099, -18.431999999987678, -25.132999999981145], "0.12": [-48.70100000000095, -24.026999999980866, -40.91399999996852, -22.135999999979564, -32.55499999997569], "0.14": [-50.00000000000659, -28.63499999997215, -37.49799999996861, -28.19599999997812, -19.375999999986426], "0.16": [-50.00000000000659, -25.874999999980126, -38.6749999999701, -42.07099999997452, -37.73999999997084], "0.18": [-48.76500000000118, -21.98899999998408, -35.34499999996926, -39.70299999996752, -37.6799999999685], "0.2": [-45.03399999998574, -42.2919999999775, -31.250999999977218, -46.555999999991755, -35.19999999997462]}, "action": {"0.0": [89.5219999999817, 92.79699999998594, 92.7599999999949, 91.05099999999052, 82.47799999999181], "0.02": [-30.272999999972964, 85.93399999998546, -19.326999999978174, 79.44399999998839, 51.08399999999776], "0.04": [-19.31299999998586, -4.329000000008076, -34.25999999997721, 36.3290000000164, 9.922000000008536], "0.06": [-36.20499999997234, -3.249000000001337, -48.54000000000036, 48.85299999999535, 37.2220000000175], "0.08": [-31.89599999997717, -18.015999999991525, -47.15699999999648, 39.42800000001791, -24.26999999997564], "0.1": [-35.42499999996987, -35.3649999999748, -43.090999999990544, 53.20999999999944, -17.37799999998768], "0.12": [-48.97400000000194, -29.942999999979683, -33.87799999997467, 16.564000000006285, -23.395999999981797], "0.14": [-50.00000000000659, -29.12399999997501, -37.69999999996928, -19.63999999998936, -34.20999999997257], "0.16": [-46.07299999998957, -17.28499999998772, -33.338999999973524, -22.831999999979615, -23.195999999976035], "0.18": [-46.385999999995256, -31.168999999972144, -35.80599999996952, -28.19699999997525, -27.501999999974363], "0.2": [-48.74600000000197, -37.046999999973266, -37.35399999996789, -32.89199999996958, -26.731999999976164]}}