{"goal": {"0.0": [], "0.02": [], "0.04": [], "0.06": [], "0.08": [], "0.1": [], "0.12": [], "0.14": [], "0.16": [], "0.18": [], "0.2": []}, "action": {"0.0": [87.55699999998691, 89.54499999998605, 90.93599999998474, 90.02399999998914, 90.33699999998363], "0.02": [84.279999999984, 88.13799999998776, 89.33499999998484, 92.27899999998752, 91.95499999998566], "0.04": [76.47699999998052, 77.56999999998088, 87.57199999998045, 84.61799999997952, 84.90699999997989], "0.06": [57.613999999994974, 63.44599999997978, 72.81999999997704, 65.17699999998538, 76.3049999999765], "0.08": [40.40900000001749, 46.23000000000261, 53.822999999990685, 40.66200000002305, 61.985999999985005], "0.1": [19.70200000000977, 4.486999999995527, 2.388999999998871, 15.38499999999999, 40.9240000000194], "0.12": [22.290000000010266, -6.596000000003991, -19.73599999998384, -5.479000000004586, -3.2220000000031517], "0.14": [1.887000000001302, -14.236999999995232, -35.58899999997033, -10.696999999995223, -12.229000000002966], "0.16": [-16.67199999998326, -20.595999999980112, -40.85599999996743, -31.176999999976807, -20.463999999974533], "0.18": [-26.216999999973414, -29.387999999971495, -48.747000000001115, -37.6759999999721, -36.40099999997183], "0.2": [-19.215999999981573, -38.59499999997069, -42.370999999979055, -45.26999999998688, -42.06299999997248]}}