{"goal": {"0.0": [98.01499999999632, 97.60199999999558, 93.7089999999893, 85.07499999998089, 97.70899999999578], "0.02": [28.845000000011268, 97.45499999999552, 91.64799999998633, 75.18599999997636, 83.10899999998095], "0.04": [44.61800000001236, 94.15599999999462, 93.40799999999048, 26.55500000001166, 81.89699999998774], "0.06": [45.538000000002036, 89.3019999999811, 87.16999999998424, 39.73200000001918, 63.044999999990594], "0.08": [57.06999999997237, 78.16799999999067, 87.12499999998445, 20.923000000017105, 46.95299999999331], "0.1": [44.58400000001001, 43.408000000012336, 88.79999999997834, 14.396000000004628, 15.866000000001861], "0.12": [46.358000000010335, 66.67299999998231, 67.17199999997128, -6.037000000005223, -4.635000000004249], "0.14": [38.69200000001914, 65.131999999988, 45.06300000000963, -4.732000000006178, 5.429999999998825], "0.16": [32.884000000020436, 64.49999999997614, 31.53800000001534, -33.1749999999701, -10.387000000000558], "0.18": [2.1829999999999807, 56.58099999998245, 4.117999999995458, -39.990999999970505, -12.190999999997933], "0.2": [-4.071000000004246, 35.10400000002046, 11.479999999994448, -44.6899999999859, -19.509999999979453]}, "action": {"0.0": [98.01599999999635, 97.58799999999557, 91.48599999999183, 82.9609999999756, 97.7579999999957], "0.02": [93.97799999999357, 90.37699999999403, 74.37099999997676, 62.96699999996557, 90.0899999999946], "0.04": [65.67799999998644, 91.98899999998982, 67.85799999997614, 57.21399999998684, 65.42099999998986], "0.06": [80.36099999998686, 84.69699999998707, 79.88699999998288, 63.536999999968494, 73.57099999998134], "0.08": [67.33899999998445, 70.74999999997172, 76.5129999999776, 71.2589999999796, 67.69399999998569], "0.1": [67.40299999997808, 74.51999999997682, 51.01899999999085, 54.80099999998672, 58.715999999984824], "0.12": [56.91199999998366, 71.37999999997524, 54.83199999998621, 47.369999999989005, 49.608999999998304], "0.14": [37.283000000013516, 66.08699999998078, 18.198000000009557, 19.50600000001585, 31.395000000015457], "0.16": [29.69400000001788, 41.61700000001738, 6.955999999996449, -14.968000000002236, 3.035999999997957], "0.18": [6.8509999999971605, 25.562000000014606, -31.096999999974624, -43.2159999999773, -14.493999999984423], "0.2": [-12.825000000003277, 16.15300000000458, -23.881999999975818, -48.70200000000095, -8.887000000007552]}}