{"goal": {"0.0": [], "0.02": [], "0.04": [], "0.06": [], "0.08": [], "0.1": [], "0.12": [], "0.14": [], "0.16": [], "0.18": [], "0.2": []}, "action": {"0.0": [91.62999999998969, 92.46699999998629, 89.80999999998674, 91.48399999998487, 90.11299999998398], "0.02": [91.31699999998673, 91.89799999998597, 89.60299999998375, 90.56699999998641, 90.22599999998184], "0.04": [88.03699999998597, 87.60799999998919, 86.18599999998035, 85.98299999998775, 86.7039999999817], "0.06": [85.4159999999859, 89.04899999998632, 86.57199999998338, 89.87299999998632, 91.27599999998284], "0.08": [86.24699999998313, 83.03699999997731, 83.12599999997684, 86.1429999999803, 89.6779999999828], "0.1": [83.58099999997826, 79.88499999997364, 80.44099999997728, 80.7439999999802, 80.48299999998152], "0.12": [75.8929999999841, 79.23499999996808, 70.09799999998395, 77.34799999997288, 67.90399999998472], "0.14": [65.56599999998748, 68.17699999998047, 66.69699999997943, 71.8369999999806, 39.12700000001889], "0.16": [53.24399999999411, 58.03899999998562, 44.50000000001202, 53.327999999992436, 11.560999999995959], "0.18": [25.113000000016395, 42.68100000001573, 41.04300000001754, 43.516000000007814, -22.675999999975783], "0.2": [25.422000000025765, 18.296000000020406, 25.519000000016273, 36.18000000002153, -34.35899999997503]}}