{"0.0": [95.68099999999264, 97.7709999999959, 93.21799999999068, 96.48599999999689, 96.4899999999931], "0.02": [-0.32900000000021024, -3.7410000000029924, 10.711999999999405, -30.909999999979053, -50.00000000000659], "0.04": [10.07200000000711, -11.29500000000415, -21.834999999978958, -48.55100000000041, -8.017000000002312], "0.06": [-39.1599999999692, -39.20699999997001, -29.690999999980413, -32.86099999997481, -9.5249999999954], "0.08": [-42.185999999978385, -34.04099999997562, -39.48599999997093, -9.556000000002978, -2.075999999999747], "0.1": [-26.558999999974695, -40.648999999969895, -48.57900000000505, -22.864999999981205, -31.399999999971705], "0.12": [-46.53599999999217, -50.00000000000659, -47.46499999999554, -44.373999999988165, -17.220999999982592], "0.14": [-47.60600000000174, -50.00000000000659, -48.93000000000178, -44.54299999998326, -27.656999999979217], "0.16": [-45.342999999989225, -37.7949999999744, -47.68099999999633, -48.83300000000143, -35.58299999997172], "0.18": [-50.00000000000659, -45.75499999998884, -47.85799999999697, -48.80600000000133, -43.251999999979944], "0.2": [-50.00000000000659, -45.57999999999229, -46.423999999996504, -48.827000000001405, -50.00000000000659]}