{"0.0": [95.84599999999251, 97.7789999999959, 92.1739999999922, 93.56099999999748, 96.49799999999374, 93.34299999999291, 97.93399999999582, 94.81099999999475, 96.47699999999449, 97.89999999999613], "0.01": [77.46799999997889, 97.79699999999593, 7.154999999993658, 85.55199999998999, 97.87399999999585, 75.67499999998984, 53.79299999999975, 26.986000000009998, -15.992999999994172, 92.00399999999158], "0.02": [95.99499999999345, 96.29799999999653, 1.40999999999816, 32.58000000000737, 91.59199999998953, 2.494999999993502, 55.231999999997996, -28.08999999998038, 31.19800000001123, 87.22699999999631], "0.03": [91.20399999999474, 81.36599999998552, -23.189999999986867, 27.623000000005867, 88.0919999999864, -23.240999999980495, 35.63700000001008, -39.8959999999683, 2.780000000000192, 42.53900000001112], "0.04": [85.5839999999887, 9.735999999999933, -37.92699999997151, 33.29900000001408, 63.39999999998806, 10.899000000012416, 23.473000000008664, -41.396999999970966, 20.012000000010907, 58.95799999998088], "0.05": [73.92099999998032, -38.26999999997054, -32.695999999973495, 62.36499999999254, 44.470999999987356, 20.098000000013617, 19.183000000000792, -38.52799999997137, 20.239000000002786, 78.35899999998293], "0.06": [72.44299999998555, -48.53400000000034, -29.698999999975417, 13.456999999999402, 38.61000000001815, 40.152000000016784, 9.193999999995217, -34.50599999997502, 23.17400000001664, 54.862999999995644], "0.07": [82.69999999999051, -48.54300000000492, -29.621999999978048, 7.581999999999003, 20.596000000012765, 49.00500000000652, 26.509000000007788, -37.28499999997341, 17.793000000016008, 45.99799999998659], "0.08": [76.13199999998233, -50.00000000000659, -32.99299999997579, 33.753000000012506, -8.627000000006412, 50.83400000000614, 38.70200000001336, -28.582999999977, 12.151000000024087, 68.15199999999071], "0.09": [68.47699999999156, -50.00000000000659, -38.36699999996992, 32.71400000001332, -7.986000000004578, 42.353000000010745, 32.70900000001153, -31.411999999974622, 8.194999999993689, 69.54199999997786], "0.1": [74.3319999999886, -50.00000000000659, -50.00000000000659, 19.563000000010053, -18.481999999979333, 43.98100000001449, -23.479999999974368, -40.01599999997231, 3.965999999996395, 66.1919999999767]}