{"0.0": [95.87499999999261, 97.77399999999591, 94.40799999999314, 96.49599999999695, 96.05199999999255, 93.26499999999466, 97.67499999999583, 96.19599999999672, 96.38699999999682, 97.90299999999614], "0.02": [79.72499999998196, 21.991000000009002, -3.1010000000024833, 41.113000000007496, 85.9739999999861, 9.863000000004849, -13.443999999999521, -35.91399999997348, 26.180000000020556, 54.89999999998844], "0.04": [73.9719999999884, -23.595999999986894, -23.778999999989086, 20.395000000016086, 35.00600000001057, 44.89400000000183, 14.32600000000494, -4.275000000004516, 53.81599999999942, 63.61199999999205], "0.06": [24.829000000017007, -45.642999999989144, -13.146999999987187, -2.91899999999977, 17.378000000015206, 29.93000000001121, -39.78299999997068, 2.9480000000004143, 41.63500000001305, 72.57899999998226], "0.08": [6.6309999999976705, -34.36599999997397, -8.729000000003882, -42.810999999986116, -25.77299999997859, 42.20100000001005, -47.15799999999459, -19.246999999983736, 61.10699999999787, 73.96399999998457], "0.1": [13.876000000002794, -43.61399999998562, -26.5579999999776, -37.31899999997468, -15.181000000000543, 32.47100000001505, -43.334999999978926, -37.311999999973004, 59.75999999999233, 61.70599999998308], "0.12": [29.658000000014457, -45.04099999998945, -13.630999999999093, -43.71199999998144, -12.977999999999417, 47.40900000000926, -26.055999999978848, -30.412999999977384, 51.740999999990784, 0.6499999999996606], "0.14": [-15.67999999999861, -48.97600000000195, -35.42999999997022, -32.84999999997244, -30.01599999997857, 20.647000000005374, -24.083999999978936, -40.279999999968815, 36.544000000019366, -22.462999999981506], "0.16": [-48.688000000000905, -45.91499999999012, -33.186999999973494, -38.71399999997188, -37.35399999997284, -1.7050000000007588, -27.89899999997665, -44.2919999999831, 24.02100000001258, -32.91799999997237], "0.18": [-48.56400000000045, -45.32499999999101, -35.79399999997332, -23.90199999998022, -23.642999999983036, -21.72199999998669, -30.350999999976317, -45.728999999989455, 2.421999999999141, -45.74699999999016], "0.2": [-50.00000000000659, -50.00000000000659, -46.65799999999266, -25.24599999997427, -9.83500000000743, -36.045999999972196, -38.621999999972644, -50.00000000000659, -39.09699999996903, -47.124999999995055]}