{"both": {"0.0": [90.64099999998433, 90.31299999998382, 84.26899999998261, 92.5379999999874, 89.47199999998358], "0.05": [90.66699999998426, 79.66999999998305, 91.77099999998708, 88.59199999998555, 89.99799999998434], "0.1": [87.51699999997884, 76.28299999998367, 91.4259999999862, 81.20299999998349, 89.48999999997977], "0.15": [70.93499999997381, 67.71799999997803, 90.02599999998262, 83.53599999997624, 88.51499999998151], "0.2": [-1.7470000000022432, 50.22399999999123, 84.85799999997847, 81.1859999999684, 85.50299999997637], "0.25": [-35.77599999996864, 38.26300000002572, 78.0529999999699, 77.63599999997042, 80.88299999997103], "0.3": [-40.18699999997145, 22.14500000000784, 55.269999999991406, 71.30999999997756, 72.49799999997136], "0.35": [-40.28599999996815, 0.9389999999967924, 37.75500000002468, 58.87399999999032, 44.72300000001539], "0.4": [-33.3149999999731, -7.284000000007797, 23.987000000010347, 39.489000000017626, 32.02300000002053], "0.45": [-46.110999999994256, -7.1510000000063725, 6.734999999992665, 36.32300000002443, 34.25000000002293], "0.5": [-40.49499999996995, -8.34100000000543, 2.899999999998579, 30.337000000016143, 4.272999999998563]}, "action_only": {"0.0": [90.6739999999843, 90.3429999999838, 79.08399999997904, 92.58699999998734, 89.36299999998495], "0.05": [90.11099999998319, 86.31299999998426, 90.68699999998813, 92.21999999998974, 91.00399999998527], "0.1": [88.86499999998155, 68.83499999998848, 92.2209999999898, 81.61999999998464, 91.2199999999859], "0.15": [85.93199999997613, 62.84699999998277, 86.96899999998988, 83.73499999998381, 86.71999999998543], "0.2": [83.64899999997593, 60.029999999984895, 90.74599999998522, 68.1739999999693, 87.2999999999849], "0.25": [74.51999999997177, 65.35599999998045, 86.17199999998147, 57.78999999999767, 89.01899999998602], "0.3": [55.223999999974446, 45.87699999998632, 84.36599999998045, 61.719999999973, 86.68799999997887], "0.35": [11.25900000000002, 32.67200000001711, 84.3789999999793, 54.45899999998722, 84.97699999997701], "0.4": [17.241000000000987, 19.14600000001562, 78.56899999997155, 40.863000000019305, 82.17699999997629], "0.45": [-2.84300000000095, 8.406999999997097, 64.9449999999928, 29.249000000019564, 78.52099999996982], "0.5": [-9.400000000007289, 3.876999999998259, 65.29499999997651, 35.77000000002095, 75.96699999996494]}, "goal_only": {"0.0": [90.65399999998436, 90.32199999998375, 85.12399999998362, 92.52499999998697, 88.21199999998078], "0.05": [91.58499999998544, 86.20199999997989, 90.92199999998591, 93.5199999999886, 91.47699999998491], "0.1": [90.2759999999834, 80.79299999998554, 90.36099999998446, 90.4559999999833, 91.22299999998421], "0.15": [85.04699999997703, 76.05099999997884, 91.32499999998477, 89.17199999998417, 88.87399999998225], "0.2": [39.38000000001497, 69.61499999998202, 90.10399999998279, 87.06199999997935, 88.5309999999821], "0.25": [-25.931999999983773, 64.76899999998236, 83.8499999999736, 81.19199999997167, 85.81699999997942], "0.3": [-39.47899999997119, 56.16599999998603, 77.81799999997237, 76.94399999997172, 80.73599999996893], "0.35": [-47.408999999999885, 41.283000000020394, 61.72599999998293, 71.60299999997274, 68.38999999997189], "0.4": [-48.58500000000053, 30.192000000025374, 29.10800000001745, 68.47899999996893, 56.96499999997816], "0.45": [-50.00000000000659, 30.80300000002218, 44.097000000007185, 68.4059999999684, 27.59400000002094], "0.5": [-48.770000000002085, 6.719999999992557, 40.56600000002039, 66.67499999996764, 24.66800000002333]}, "both_same": {"0.0": [90.68899999998447, 90.29599999998378, 86.18399999998448, 92.49799999998748, 84.97199999997879], "0.05": [90.49099999998407, 75.957999999977, 92.4129999999891, 89.24599999998406, 88.34199999998543], "0.1": [87.42199999997838, 78.70299999997717, 89.81799999998411, 82.18499999998498, 89.96199999998178], "0.15": [65.90499999997884, 56.156000000001875, 89.3819999999829, 85.10699999997978, 87.35699999998191], "0.2": [-3.4500000000024134, 37.82300000002312, 82.65099999997523, 76.9829999999727, 86.08499999997892], "0.25": [-27.00999999997485, 43.73800000001884, 75.36199999996349, 57.816999999989406, 81.84999999997433], "0.3": [-41.12499999996907, 27.664000000019023, 60.72199999998089, 34.42800000002232, 75.85199999996966], "0.35": [-36.24399999997003, -1.6419999999990724, 15.111000000004182, 29.405000000022305, 60.63599999997999], "0.4": [-39.76999999996836, -1.6469999999994278, 19.469000000012173, 21.47300000000858, 52.84299999999846], "0.45": [-39.797999999969754, -6.254000000004339, 3.039999999997252, 0.11799999999989823, 38.510000000021904], "0.5": [-38.54199999996979, -1.544999999999279, -17.30399999998808, 1.9489999999993604, 27.67100000001295]}}