{"both": {"0.0": [74.30999999998883, 85.86999999998416, 92.35999999998592, 93.72599999998882, 93.27699999998872], "0.05": [-23.90499999997209, 67.8129999999749, 88.81299999998319, 32.070000000019164, 20.818000000004513], "0.1": [-32.38899999997059, 56.52199999999854, 88.08799999998031, 32.640000000020216, 1.3190000000001034], "0.15": [-27.27299999998588, 24.86800000000761, 82.995999999978, 8.61399999999363, -21.85399999997596], "0.2": [-27.285999999981833, 2.0409999999952526, 50.9069999999969, 11.417000000002314, -32.98899999997388], "0.25": [-28.321999999974825, -22.644999999980172, -13.965999999997708, -0.8189999999997825, -35.38599999996985], "0.3": [-37.959999999970194, -26.043999999969078, -24.96399999998261, -15.164999999988325, -44.377999999988404], "0.35": [-41.929999999973134, -38.070999999968116, -42.92799999997974, -26.935999999975657, -36.33199999996976], "0.4": [-43.34799999997724, -38.48399999996957, -48.75200000000227, -26.719999999976196, -41.044999999966734], "0.45": [-46.44999999999322, -45.41699999998719, -48.774000000001216, -35.25599999997139, -45.596999999988064], "0.5": [-48.772000000001206, -48.92000000000175, -48.92300000000176, -37.205999999972796, -44.80399999999275]}, "action_only": {"0.0": [90.21099999998653, 87.78499999998714, 91.98999999998729, 93.59099999998892, 94.99699999999126], "0.05": [-26.004999999978445, 76.69199999998402, 88.92399999998341, 84.92499999999, 15.293000000009819], "0.1": [-41.64699999997353, 69.23099999999201, 87.58399999997923, 76.32999999998614, -13.46799999999605], "0.15": [-43.08299999999165, 46.0270000000121, 86.4569999999787, 62.776999999987495, -9.266000000006867], "0.2": [-38.85299999996857, 5.344999999995891, 80.73199999997452, 55.25699999998671, -28.436999999983264], "0.25": [-35.05799999997199, -7.826000000004082, 45.80499999999895, 13.739000000005541, -31.721999999975523], "0.3": [-32.11399999997321, -18.184999999988143, -9.275000000004507, 11.803000000001134, -30.65199999997237], "0.35": [-33.713999999971854, -35.01799999996818, -38.60799999996965, -10.586000000004196, -41.087999999968936], "0.4": [-32.97199999996732, -28.19599999997219, -43.71499999998258, -29.85899999997243, -35.02799999996904], "0.45": [-34.33299999997213, -31.650999999970953, -46.27699999999486, -31.617999999978256, -46.08599999998962], "0.5": [-38.20599999997024, -30.500999999970844, -48.69100000000546, -35.771999999975556, -45.24899999999566]}, "goal_only": {"0.0": [87.1169999999907, 90.40899999999044, 92.32399999998772, 93.67099999998915, 93.52599999999183], "0.05": [16.103000000004798, 76.49999999998268, 91.39599999998676, 25.51300000001443, 60.104999999985324], "0.1": [5.376999999995426, 67.60899999998016, 91.12899999998385, 28.848000000012256, 46.03000000000398], "0.15": [6.544999999996297, 55.29699999998009, 89.79699999998273, 18.9800000000107, 23.106000000010745], "0.2": [-2.7870000000036286, 41.15300000001944, 88.62699999998243, 9.385999999994432, 14.636000000008682], "0.25": [-4.802000000004767, 31.64200000002307, 84.59599999997796, 13.058000000011644, -2.4360000000037356], "0.3": [-4.9790000000081776, 16.992000000013086, 78.81199999998098, 19.407000000004846, -7.930000000005353], "0.35": [-10.819999999992001, 4.564999999999536, 61.86199999999055, 26.631000000018165, -0.6630000000051609], "0.4": [-12.545000000001146, -17.367999999991678, 39.45000000001838, 25.86700000001965, -22.058999999984216], "0.45": [-21.236999999977016, -26.462999999974155, 26.05600000001552, 36.78300000001957, -16.004999999986197], "0.5": [-19.541999999976756, -22.34699999998601, 12.44500000000643, 17.73900000001213, -25.652999999975954]}, "both_same": {"0.0": [85.62999999998938, 93.34799999998805, 92.45499999998763, 93.74599999998912, 94.98499999999115], "0.05": [-12.93499999999594, 65.81599999998555, 86.08599999998756, 28.48800000001097, 29.589000000010092], "0.1": [-26.946999999974487, 55.42099999999048, 89.63399999998376, 36.54200000001187, -15.305999999985351], "0.15": [-38.423999999971514, 20.308000000008438, 83.08799999997373, 14.98400000000243, -12.671000000002534], "0.2": [-37.502999999976616, 9.720999999994483, 34.539000000023435, 15.956000000000572, -23.044999999975673], "0.25": [-34.848999999972854, -17.044999999988207, -26.822999999976417, 2.2209999999982, -39.07599999997178], "0.3": [-30.68599999997096, -39.42299999997011, -40.150999999969436, -31.61199999997424, -45.80599999998883], "0.35": [-40.70799999996779, -41.5809999999705, -47.388999999995264, -18.83099999998737, -42.84699999997712], "0.4": [-45.389999999992455, -46.16799999999077, -50.00000000000659, -30.740999999975955, -43.22299999998193], "0.45": [-43.36799999998226, -43.25799999997887, -48.86400000000246, -30.21099999997863, -44.363999999984614], "0.5": [-48.9760000000065, -47.843000000002604, -50.00000000000659, -37.79499999997009, -50.00000000000659]}}