{"both": {"0.0": [89.58399999998565, 93.36099999998817, 95.18699999999157, 94.39899999998917, 85.43999999998455], "0.05": [-21.96899999998344, 92.5459999999859, 71.43399999998344, 13.9369999999988, 70.51499999997505], "0.1": [10.140999999997868, 86.69099999998303, 45.490000000012266, 22.37000000001506, 69.42799999997622], "0.15": [17.213000000016653, 82.8549999999762, 44.14800000000474, 42.68800000001677, 77.71499999997638], "0.2": [3.6489999999920486, 84.85799999997953, 37.76700000001279, 47.030000000011505, 74.36399999997019], "0.25": [-13.062999999997603, 81.31899999997303, 37.354000000017614, 39.187000000021385, 57.3179999999857], "0.3": [-21.498999999974416, 77.25799999997271, 23.919000000005063, 19.89300000001973, 37.56600000001988], "0.35": [-29.113999999975434, 71.54599999996931, 2.4079999999978092, 24.04400000001407, 24.84500000001754], "0.4": [-27.729999999977526, 59.43899999998248, 7.2229999999957775, 1.1709999999961835, 1.5669999999979023], "0.45": [-22.503999999981133, 40.19800000002081, -5.903000000004514, 6.2559999999949945, -11.19599999999417], "0.5": [-27.795999999982573, 11.663999999999492, -20.885999999982886, -10.490000000007262, -23.450999999972563]}, "action_only": {"0.0": [92.70799999998911, 92.31599999998997, 95.18999999999156, 94.85299999999097, 88.46899999998594], "0.05": [-15.412999999994332, 92.05499999998706, 72.35799999998208, -14.029999999994166, 73.92399999998884], "0.1": [-27.177999999978216, 91.56799999998677, 65.19499999998497, -22.933999999986955, 79.30499999998182], "0.15": [6.325999999993067, 88.78299999998308, 70.89299999998035, -5.684000000003248, 81.8729999999862], "0.2": [14.985000000007734, 80.65799999997846, 72.0519999999897, 7.960999999995567, 76.7219999999856], "0.25": [-6.126000000007625, 85.79799999998276, 74.17799999997054, 10.446000000007311, 76.46899999996941], "0.3": [-11.676000000000649, 82.78399999998048, 71.47199999997541, 19.6870000000117, 76.73699999997417], "0.35": [-25.371999999976687, 83.12299999997609, 62.623999999994524, 23.591000000022262, 68.8239999999791], "0.4": [-37.1969999999736, 74.89299999996759, 52.1789999999897, 23.578000000022122, 49.37200000000297], "0.45": [-41.24599999997312, 77.18899999996945, 34.979000000012896, 18.63900000001401, 30.058000000022865], "0.5": [-43.32299999997684, 67.80499999997197, 24.087000000021725, 8.236999999993753, -0.732000000000088]}, "goal_only": {"0.0": [90.67399999998943, 93.60799999998848, 95.17899999999153, 94.9429999999913, 91.06699999999044], "0.05": [56.30299999999417, 91.1629999999879, 93.17799999998995, 49.51099999999736, 76.05299999998603], "0.1": [35.897000000014586, 92.37399999998685, 78.17899999998471, 53.69399999999389, 65.57899999996798], "0.15": [20.404000000012232, 89.1379999999868, 68.65799999997292, 61.29499999999758, 73.11099999997788], "0.2": [1.9769999999966479, 84.65599999998375, 45.65600000000758, 60.98199999997762, 66.81499999999794], "0.25": [0.9279999999980564, 85.15799999998008, 58.369999999986376, 61.330999999985266, 71.10699999997446], "0.3": [10.676999999996147, 82.84099999996943, 40.674000000009, 58.39599999998998, 70.61399999996958], "0.35": [13.787999999998899, 83.15399999997578, 49.326999999985745, 61.434999999982125, 62.22199999997437], "0.4": [21.39000000001561, 74.93699999997447, 31.71300000001887, 48.15000000001303, 62.20499999997654], "0.45": [26.266000000019204, 75.46399999996976, 27.98900000001289, 53.47199999998475, 52.917999999988744], "0.5": [22.632000000019776, 74.12099999996296, 39.358000000019295, 43.34800000001664, 38.325000000021895]}, "both_same": {"0.0": [92.2509999999885, 93.5789999999886, 95.18699999999157, 94.93299999999122, 81.16499999998886], "0.05": [-11.208999999999843, 90.14299999998542, 63.83199999997188, 6.9409999999986045, 79.65199999998273], "0.1": [6.1019999999912224, 84.29299999998386, 47.93199999999249, 38.03900000001906, 64.50299999998218], "0.15": [10.211999999995879, 85.6079999999845, 51.156999999999634, 43.03700000001386, 76.1169999999784], "0.2": [-5.564000000005309, 85.22399999997721, 33.88200000001158, 49.28699999999883, 70.58999999997762], "0.25": [-6.504000000004282, 81.34499999997337, 19.995000000016297, 33.34100000002002, 70.06799999997028], "0.3": [-27.746999999979337, 75.71799999996651, 13.909000000010794, 28.344000000015946, 60.980999999966315], "0.35": [-19.944999999989623, 67.96699999996562, 0.3739999999996238, 12.652000000012956, 45.02200000000973], "0.4": [-34.8739999999706, 53.32499999999096, 2.323999999998038, 7.968000000000552, 18.439000000020457], "0.45": [-31.384999999973058, 37.67300000002132, -19.124999999979693, -15.922999999994843, -5.685000000001867], "0.5": [-35.08899999997026, 17.84600000001488, -22.123999999976707, -11.418999999991884, -1.740000000004799]}}