{"both": {"0.0": [96.3639999999933, 95.15799999999095, 91.74899999998587, 96.94099999999447, 93.76699999999188], "0.05": [54.918999999968484, 43.120999999994545, 66.63099999998822, 2.4149999999953353, 88.57899999998718], "0.1": [48.21700000001007, -0.5440000000035908, 81.82499999998295, 12.643000000005557, 89.01499999998401], "0.15": [51.71999999999862, 5.94999999999639, 86.8399999999813, 11.846000000010495, 89.9719999999848], "0.2": [37.03600000001704, -2.159000000007272, 87.1179999999818, 26.295000000010624, 87.44999999997998], "0.25": [52.80099999998565, -6.430000000002529, 83.55799999997653, 22.324000000013584, 87.00499999997834], "0.3": [62.17499999998056, -10.141999999998173, 80.14899999997554, -1.1070000000030773, 74.60199999997256], "0.35": [67.63499999998102, -11.353000000003961, 73.27999999997836, -6.414000000007644, 63.73099999997803], "0.4": [58.082999999981375, -12.18899999999982, 63.98799999998137, -21.574999999985625, 51.52199999999096], "0.45": [54.24499999999223, 4.6489999999939835, 49.925999999991255, -7.897000000001222, 46.243000000012955], "0.5": [48.28699999999917, -4.651000000006837, 30.416000000023654, -19.56699999998092, 11.90800000000955]}, "action_only": {"0.0": [94.93999999999143, 95.16399999999183, 90.48899999998446, 96.89499999999431, 93.73899999998986], "0.05": [59.63499999999108, 37.43400000001433, 82.78299999999018, 4.4919999999993445, 86.24699999998711], "0.1": [62.707999999990626, 1.5749999999974835, 87.66199999998838, -0.37899999999955264, 69.81899999998487], "0.15": [38.9490000000148, -14.29599999999326, 84.36999999998747, -9.43600000000802, 80.07599999998867], "0.2": [48.75799999999072, -18.556999999991106, 75.4849999999813, -21.59099999997936, 84.41799999997627], "0.25": [50.58299999999304, -27.751999999973435, 78.11499999998446, -22.76199999998626, 82.6349999999845], "0.3": [57.51699999998973, -33.030999999975236, 72.18299999998146, -12.646999999996387, 83.96799999997427], "0.35": [66.80599999998094, -33.035999999972034, 73.4889999999783, -12.625000000002462, 82.36499999997112], "0.4": [58.69299999999387, -31.657999999973296, 66.22299999998317, -22.514999999974417, 76.32399999997384], "0.45": [63.02599999998072, -32.31799999997636, 62.66099999998712, -33.822999999968594, 66.45399999997487], "0.5": [49.02200000000374, -30.984999999972953, 48.57699999999974, -24.895999999973977, 57.994999999996445]}, "goal_only": {"0.0": [96.3819999999926, 90.76999999998837, 92.13799999998645, 95.42499999999455, 95.20899999999156], "0.05": [94.02299999999175, 43.109000000017176, 65.26499999999584, 51.67000000000633, 74.97199999998386], "0.1": [89.99799999999311, 11.300999999997414, 58.88299999998399, 26.38200000001382, 79.92599999998512], "0.15": [74.9379999999893, 21.51200000000807, 78.07899999997771, 36.648000000012644, 75.0969999999868], "0.2": [80.52199999998253, 8.746999999993644, 78.84699999997434, 31.908000000014585, 78.16999999998319], "0.25": [63.90299999998806, 20.157000000015763, 67.82599999998985, 43.380000000002795, 82.494999999971], "0.3": [66.61699999997958, 8.25499999999702, 76.36699999997684, 48.72999999999832, 84.7889999999807], "0.35": [61.584999999983985, 7.427999999994549, 79.84899999997405, 52.49799999999238, 81.22599999997823], "0.4": [63.00299999998356, 20.227000000021917, 77.99499999997441, 53.920999999976374, 80.3029999999821], "0.45": [60.40699999997702, 8.56599999999416, 70.20299999997609, 56.71599999999028, 76.38099999997253], "0.5": [50.71299999999697, 10.473999999997844, 74.54599999997596, 55.138999999987156, 79.1489999999787]}, "both_same": {"0.0": [96.53799999999389, 94.99899999999155, 91.96299999998583, 96.90299999999455, 95.20499999999141], "0.05": [71.02099999997539, 24.423000000012017, 73.76599999998523, 2.8819999999994788, 83.2659999999889], "0.1": [56.563000000002205, 3.0539999999991845, 79.05099999999281, -11.494000000003675, 84.36999999998793], "0.15": [41.178000000016795, 2.070999999998323, 89.26499999998363, 5.675999999998947, 87.51999999998448], "0.2": [29.730000000014588, -8.592000000005436, 88.07199999997938, 23.662000000020775, 86.32599999998075], "0.25": [44.95799999999946, -5.232000000000124, 85.04699999997825, 11.711000000017396, 86.53099999998001], "0.3": [45.1229999999953, 5.663999999995248, 80.49099999997414, 12.161000000006661, 79.58499999997619], "0.35": [54.9889999999898, -13.71399999998818, 69.58099999998396, -8.709000000008526, 76.16099999997351], "0.4": [42.83200000001836, -5.5780000000038, 65.33399999996705, -6.971000000006404, 60.07399999997519], "0.45": [50.61500000000443, 3.957999999999331, 43.302000000013706, -29.41099999997331, 48.35699999999883], "0.5": [37.238000000022815, -7.69400000000283, 42.56400000001618, -18.80799999998569, 37.30200000002238]}}