{"goal": {"0.0": [93.19899999998853, 91.15999999998492, 93.27599999999264, 97.96999999999623, 95.08799999999205], "0.02": [-6.756000000003089, 83.3019999999953, 40.63000000001528, 74.90099999997989, -48.60100000000059], "0.04": [-28.080999999977436, 90.87299999999132, -45.864999999994495, 61.57899999999898, -50.00000000000659], "0.06": [3.2919999999981338, -42.6779999999754, -45.67299999998925, -11.280000000003245, 4.443999999996424], "0.08": [-18.63499999998598, -38.3389999999708, -50.00000000000659, -50.00000000000659, -10.15700000000636], "0.1": [-31.7009999999735, -31.68699999997797, -43.11399999997996, -50.00000000000659, 2.7239999999995295], "0.12": [-26.588999999977915, -33.3489999999723, -34.67999999997547, -50.00000000000659, 4.62100000000034], "0.14": [-44.54499999998538, -27.76299999997832, -20.02199999998497, -50.00000000000659, 7.273999999998347], "0.16": [-40.05699999996838, -37.57199999997087, -35.52599999996864, -50.00000000000659, -17.92099999999248], "0.18": [-44.49299999998746, -40.57599999996882, -45.99899999999044, -50.00000000000659, -8.274000000006414], "0.2": [-37.61399999996956, -37.029999999971224, -34.57599999997424, -50.00000000000659, -37.37699999996967]}, "action": {"0.0": [90.14699999999075, 91.81999999998611, 93.29299999999462, 97.88199999999604, 95.12199999999049], "0.02": [90.27299999998557, 76.9379999999886, 30.13600000000689, 87.63999999999338, -50.00000000000659], "0.04": [-0.3600000000010772, -50.00000000000659, -35.540999999975305, 7.975999999997766, -50.00000000000659], "0.06": [-48.52700000000145, -50.00000000000659, -44.31199999998766, -47.08699999999417, -50.00000000000659], "0.08": [-45.59299999999319, -50.00000000000659, -7.986000000001044, -48.54400000000123, -48.91400000000286], "0.1": [-35.993999999977085, -50.00000000000659, -41.443999999974125, -50.00000000000659, -48.61100000000062], "0.12": [-50.00000000000659, -50.00000000000659, -39.79399999997032, -50.00000000000659, -45.78499999998852], "0.14": [-47.23999999999472, -50.00000000000659, -50.00000000000659, -50.00000000000659, -50.00000000000659], "0.16": [-50.00000000000659, -50.00000000000659, -50.00000000000659, -50.00000000000659, -47.194999999994565], "0.18": [-48.552000000000405, -50.00000000000659, -50.00000000000659, -50.00000000000659, -16.47599999999374], "0.2": [-50.00000000000659, -48.69700000000093, -46.00699999999502, -47.28599999999489, -42.67099999998015]}}