{"goal": {"0.0": [], "0.02": [], "0.04": [], "0.06": [], "0.08": [], "0.1": [], "0.12": [], "0.14": [], "0.16": [], "0.18": [], "0.2": []}, "action": {"0.0": [93.93399999999251, 86.82499999998365, 84.51699999997899, 93.25099999998729, 95.6929999999926], "0.02": [-47.603999999997185, 89.98399999998621, 0.1439999999980804, 43.76300000001069, 89.59999999998497], "0.04": [-27.859999999975606, 65.72299999997776, -34.28099999997433, 87.37599999998352, 42.94500000001344], "0.06": [43.425000000015324, -9.06000000000661, -28.829999999971164, 65.54899999997815, 47.06800000000451], "0.08": [54.52599999999039, -21.66599999998227, -43.27599999997855, 36.59100000001228, 9.967000000010643], "0.1": [-47.77199999999752, 22.27100000001313, -48.75200000000113, 1.6200000000003192, -31.593999999976187], "0.12": [-50.00000000000659, 7.918999999999815, -50.00000000000659, -12.811999999988384, -35.87599999997287], "0.14": [-50.00000000000659, -12.469000000001236, -48.58500000000166, -26.61999999998401, -42.54399999997514], "0.16": [-50.00000000000659, -30.574999999969734, -50.00000000000659, -25.530999999974696, -34.045999999968394], "0.18": [-50.00000000000659, -41.51299999997072, -50.00000000000659, -30.55399999997473, -39.79599999996874], "0.2": [-50.00000000000659, -45.02799999998572, -50.00000000000659, -43.826999999980714, -47.763999999998006]}}