{"both": {"0.0": [95.37799999999208, 89.62199999998694, 91.1429999999921, 96.16699999999281, 97.6319999999957, 92.23799999999041, 96.92199999999444, 96.70599999999408, 92.15199999999071, 92.04199999999791], "0.02": [17.57400000000437, 98.10199999999695, 40.27200000001982, 18.624000000004997, -21.668999999985427, 62.083999999993495, 0.801999999999434, -45.80199999998858, -47.26199999999594, 54.68099999999797], "0.04": [-18.842999999982133, 96.32699999999399, -30.92599999997469, -7.9550000000052785, -37.15899999996983, 73.78599999998728, -18.116999999987218, -35.20399999997107, -45.667999999988304, -38.339999999973635], "0.06": [-32.82499999997246, 67.53999999998975, -45.965999999997564, -41.38999999997156, -29.171999999974137, 35.34000000001731, -25.843999999982348, -45.70599999998824, -50.00000000000659, -50.00000000000659], "0.08": [-35.79599999997044, 59.52899999998671, -46.130999999992056, -28.278999999978833, -32.14099999997834, -9.21700000000503, -31.71199999997728, -50.00000000000659, -47.149999999997526, -50.00000000000659], "0.1": [-42.933999999977466, -4.846000000002717, -48.69900000000094, -22.624999999984784, -40.63999999996763, -11.767000000006126, -48.70200000000095, -50.00000000000659, -50.00000000000659, -50.00000000000659], "0.12": [-31.62999999997919, 18.2860000000082, -50.00000000000659, -28.471999999975683, -44.478999999984, -12.598000000002386, -47.572000000001395, -39.293999999972826, -50.00000000000659, -50.00000000000659], "0.14": [-34.562999999977144, -3.117000000004631, -48.84400000000147, -19.715999999987588, -50.00000000000659, -35.565999999972384, -47.542999999996965, -22.517999999980912, -50.00000000000659, -50.00000000000659], "0.16": [-43.08799999997817, -24.098999999980474, -50.00000000000659, -47.10199999999422, -50.00000000000659, -36.281999999974644, -44.78699999998626, -34.81599999997157, -48.74700000000225, -50.00000000000659], "0.18": [-40.12099999997151, -29.402999999972362, -48.77700000000577, -50.00000000000659, -50.00000000000659, -47.63700000000072, -48.72900000000227, -29.23899999997928, -45.29699999999152, -50.00000000000659], "0.2": [-32.031999999976534, -38.83999999996949, -48.768000000001194, -50.00000000000659, -50.00000000000659, -46.20100000000027, -48.72100000000557, -45.368999999988375, -50.00000000000659, -50.00000000000659]}, "goal_only": {"0.0": [95.20899999999234, 91.05299999998948, 88.81299999999014, 94.71999999999137, 96.03999999999398, 92.34899999999053, 97.15099999999536, 96.66799999999394, 87.15199999999055, 96.35399999999603], "0.02": [92.0319999999889, 83.13599999998692, 41.57400000001607, 81.34499999998864, 96.04099999999555, 88.8719999999907, 73.06699999999145, 9.03899999999813, 82.56499999999565, 58.05499999998532], "0.04": [40.610000000008995, 85.09899999998464, 32.45100000001314, 87.15799999999489, 57.62399999998965, 91.97199999998773, 95.67899999999653, 4.344999999996169, 59.280999999974, -50.00000000000659], "0.06": [16.634000000013295, 88.34699999998644, 6.032999999994436, 76.97199999998277, 46.06800000000219, 82.2029999999814, 96.38199999999358, 20.5960000000105, 1.4389999999993603, -50.00000000000659], "0.08": [25.657000000012435, 80.3909999999877, -9.446000000002535, 80.87299999998186, 0.4150000000002367, 71.08799999999144, 96.97899999999477, -26.144999999979223, -45.74899999999472, -50.00000000000659], "0.1": [27.69400000000839, 81.41499999998133, 60.57399999998523, 81.9949999999917, -13.978999999996606, 59.33099999999142, 97.51899999999594, -16.47999999999837, -50.00000000000659, -50.00000000000659], "0.12": [31.740000000014966, 80.13299999998954, 32.49000000001236, 90.84799999999477, -32.11799999997237, 49.722000000005785, 93.40099999999237, -20.413999999974514, -50.00000000000659, -50.00000000000659], "0.14": [33.243000000014064, 84.1019999999905, 91.22599999999115, 85.85499999998521, -25.415999999978148, 30.92900000001609, 64.2909999999808, -22.386999999983182, -50.00000000000659, -50.00000000000659], "0.16": [42.595000000013314, 90.34699999998936, 47.701000000004925, 81.43399999998873, 15.168999999999947, -4.017000000006183, 52.99699999998484, -27.71899999997554, -50.00000000000659, -50.00000000000659], "0.18": [16.814000000010587, 84.30699999998838, 42.53800000001308, 8.806999999995258, 25.13600000001702, -40.959999999968474, 41.341000000016166, -17.489999999991266, -50.00000000000659, -50.00000000000659], "0.2": [6.664999999994603, 88.2649999999835, 45.01600000001216, -50.00000000000659, -0.6059999999988609, -40.17199999996805, 37.610000000013294, -21.257999999981802, -50.00000000000659, -50.00000000000659]}, "action_only": {"0.0": [95.85799999999205, 90.21299999998642, 92.29599999998878, 94.42199999999102, 96.2599999999941, 91.90899999999223, 96.91099999999513, 96.58099999999372, 91.16099999999373, 97.83799999999592], "0.02": [2.7720000000007143, 97.95499999999579, 41.872000000005066, -0.24999999999981715, -30.604999999976467, 69.18399999998358, -12.814000000002231, 9.083999999994337, -50.00000000000659, -11.356000000000666], "0.04": [-13.646999999994081, 97.90099999999596, -27.495999999980032, -14.315999999992535, 1.8700000000000996, 75.70999999998429, 14.356000000004604, -23.02599999998511, -50.00000000000659, -36.67299999997123], "0.06": [30.24100000001418, 71.67099999998821, -47.19999999999458, -3.135000000004311, -1.1070000000020779, 58.910999999988626, -13.55699999998402, -6.273000000003531, -50.00000000000659, 22.933000000016687], "0.08": [24.968000000017128, 62.16600000000014, -42.74399999998033, -23.22099999997437, -13.6559999999951, 15.181000000001365, -35.46099999997392, -28.67999999997805, -50.00000000000659, -5.767000000002034], "0.1": [-9.865000000002825, 2.500999999997392, -48.96500000000191, -23.63399999998755, -18.5179999999928, 0.281999999997119, -38.23499999997141, -24.148999999974606, -50.00000000000659, -6.321000000002265], "0.12": [-3.541000000004045, 18.860000000003414, -48.71800000000101, -36.11899999997058, -29.967999999975692, -22.97899999997477, -37.12899999997191, -24.358999999978842, -50.00000000000659, -9.939999999990317], "0.14": [-13.325999999982061, 3.3439999999961505, -48.65100000000077, -44.387999999983386, -20.580999999987093, -39.100999999969254, -43.65599999998123, -35.922999999974074, -50.00000000000659, -20.59199999997421], "0.16": [7.55899999999303, -28.87699999997446, -44.29299999998332, -44.505999999984425, -27.808999999981157, -44.67399999998575, -35.14999999997247, -33.09999999996903, -48.871000000001565, -34.95499999997001], "0.18": [45.73800000000172, -40.257999999970984, -50.00000000000659, -44.35899999998697, -30.637999999976714, -40.88499999997387, -40.614999999969335, -19.6849999999894, -50.00000000000659, -28.40399999998153], "0.2": [41.647000000006294, -33.626999999970366, -48.875000000001585, -37.12299999997334, -23.5309999999878, -38.194999999972076, -40.7639999999684, -23.12199999998857, -50.00000000000659, -24.68099999997805]}}