{"goal": {"0.0": [95.39999999999215, 88.23099999998647, 96.00599999999245, 86.70499999998108, 91.71199999999139], "0.02": [-11.078000000003392, 84.75399999998403, -48.555000000001556, -50.00000000000659, 6.851999999993934], "0.04": [-2.73000000000287, 35.44800000001274, -38.60599999996974, -50.00000000000659, -7.99100000000307], "0.06": [12.871000000017554, -50.00000000000659, -28.801999999973567, -47.31299999999499, -26.581999999982095], "0.08": [-14.700999999999826, -45.69199999999273, -31.39199999997399, -50.00000000000659, -39.03399999997135], "0.1": [-30.389999999976354, -10.030000000007083, -13.649999999987426, -48.55100000000041, -40.0909999999704], "0.12": [-28.899999999975577, -42.80499999997847, -27.261999999979285, -50.00000000000659, -50.00000000000659], "0.14": [-29.323999999974134, -50.00000000000659, -41.862999999974626, -50.00000000000659, -50.00000000000659], "0.16": [-45.611999999987894, -50.00000000000659, -50.00000000000659, -50.00000000000659, -50.00000000000659], "0.18": [-45.80399999998859, -50.00000000000659, -42.297999999983915, -44.6509999999902, -50.00000000000659], "0.2": [-44.564999999994235, -50.00000000000659, -42.64599999997437, -21.24199999999246, -50.00000000000659]}, "action": {"0.0": [95.48599999999173, 91.79199999998711, 94.12899999999007, 82.04499999998299, 97.60899999999542], "0.02": [-8.00900000000679, 98.35599999999698, -12.815999999997665, -24.829999999980508, -3.157000000002503], "0.04": [56.44799999998324, 92.98999999999317, 10.41499999999501, 12.364999999994257, 6.5809999999974025], "0.06": [17.94300000000507, 64.64599999996067, -25.588999999983137, -23.266999999980253, 2.9190000000001404], "0.08": [49.61500000000261, 0.2379999999988042, -40.07699999997017, -3.1480000000064603, -25.084999999978375], "0.1": [21.900000000014888, -8.011000000005748, -42.713999999976664, -28.79099999997915, -31.138999999970807], "0.12": [-36.290999999973046, 32.866000000013926, -48.69100000000205, -39.54699999996885, -38.00299999997179], "0.14": [-15.446999999991215, -15.981999999983675, -48.969000000003064, -48.562000000000445, -41.72499999997789], "0.16": [-34.925999999970955, -21.171999999978055, -50.00000000000659, -47.26399999999481, -46.115999999989725], "0.18": [-29.57099999997383, -37.42499999997072, -44.538999999989684, -50.00000000000659, -50.00000000000659], "0.2": [-32.2359999999757, -42.89099999997792, -48.72300000000103, -50.00000000000659, -48.713000000000996]}}