{"goal": {"0.0": [], "0.02": [], "0.04": [], "0.06": [], "0.08": [], "0.1": [], "0.12": [], "0.14": [], "0.16": [], "0.18": [], "0.2": []}, "action": {"0.0": [93.25699999999166, 80.19999999998554, 91.58299999999241, 86.53999999999037, 87.41499999998449], "0.02": [90.74099999999044, 90.30799999999024, 62.43099999997933, 80.71999999999088, 49.22799999999866], "0.04": [80.07099999998535, 77.4009999999782, 29.718000000012616, 65.1599999999808, 40.184000000015374], "0.06": [66.51099999999118, 20.429000000009825, -7.17000000000699, 5.125999999998552, 13.044999999998305], "0.08": [39.78800000000934, -14.128999999984218, -9.98499999999989, -5.356000000003469, 10.39299999999791], "0.1": [11.016999999999872, -17.030999999980175, -7.409000000003801, -14.370999999997064, -8.240000000007202], "0.12": [-16.75099999999023, -32.18599999997693, -15.41999999999286, -17.115999999985142, -9.116000000004819], "0.14": [-35.03899999997269, -39.35199999996789, -19.23299999997944, -4.0870000000041475, -28.73399999997231], "0.16": [-37.89699999997003, -44.77299999998393, -31.480999999973, -9.234000000003306, -29.61299999998008], "0.18": [-40.52999999996858, -45.49099999998871, -33.75099999997048, -6.635000000007351, -44.94999999998458], "0.2": [-42.627999999977526, -40.84099999996834, -25.96299999998008, -4.527000000002547, -43.667999999979]}}