{"goal": {"0.0": [98.27699999999687, 97.74399999999574, 95.71799999999354, 98.07499999999627, 87.90299999998628], "0.02": [6.891999999996735, 29.076000000010527, 82.80399999998289, -50.00000000000659, -50.00000000000659], "0.04": [-27.233999999973907, -42.64299999998437, 45.30900000000625, -50.00000000000659, -50.00000000000659], "0.06": [-21.579999999986153, -50.00000000000659, 42.917000000011186, -50.00000000000659, -50.00000000000659], "0.08": [-48.58000000000051, -50.00000000000659, 54.10099999998859, -50.00000000000659, -50.00000000000659], "0.1": [-48.54400000000038, -50.00000000000659, 49.72900000000149, -50.00000000000659, -50.00000000000659], "0.12": [-50.00000000000659, -50.00000000000659, 18.4770000000075, -48.822000000002525, -50.00000000000659], "0.14": [-50.00000000000659, -50.00000000000659, -0.29800000000478616, -48.601000000005136, -50.00000000000659], "0.16": [-50.00000000000659, -50.00000000000659, -28.43799999997892, -48.81700000000299, -50.00000000000659], "0.18": [-50.00000000000659, -50.00000000000659, -23.815999999979837, -47.564999999995905, -50.00000000000659], "0.2": [-50.00000000000659, -50.00000000000659, -23.527999999983923, -48.810000000001835, -50.00000000000659]}, "action": {"0.0": [97.71099999999467, 97.71899999999572, 96.02299999999312, 98.04199999999616, 95.30699999999557], "0.02": [74.89199999998023, 86.93499999998889, 82.70299999998049, -47.253999999994775, -50.00000000000659], "0.04": [27.965000000016342, 62.91599999997405, 19.756000000009852, -50.00000000000659, -50.00000000000659], "0.06": [-27.67399999997578, 47.350000000003156, -3.446000000001677, -50.00000000000659, -50.00000000000659], "0.08": [-33.77699999997405, 38.21200000001081, -13.815999999991268, -45.75399999998841, -50.00000000000659], "0.1": [-45.814999999989766, -3.6610000000047536, -15.583999999982593, -41.669999999978785, -50.00000000000659], "0.12": [-50.00000000000659, -18.095999999985647, -10.219999999991323, -33.57999999997491, -50.00000000000659], "0.14": [-50.00000000000659, -31.216999999975513, -28.2029999999728, -33.478999999972245, -47.21499999999577], "0.16": [-50.00000000000659, -32.8529999999713, -24.551999999973642, -37.62399999997083, -47.20999999999575], "0.18": [-48.53200000000034, -34.535999999975424, -26.39899999997159, -33.25299999997393, -50.00000000000659], "0.2": [-47.24099999999558, -33.82599999997454, -27.824999999976267, -41.869999999971554, -47.16399999999558]}}