{"goal": {"0.0": [], "0.02": [], "0.04": [], "0.06": [], "0.08": [], "0.1": [], "0.12": [], "0.14": [], "0.16": [], "0.18": [], "0.2": []}, "action": {"0.0": [86.3959999999866, 88.64699999998987, 89.20899999999179, 86.19699999998588, 87.25799999999273], "0.02": [26.115000000013087, 36.59300000001905, 86.24899999998615, 6.93399999999711, 61.92399999998572], "0.04": [15.666000000004, 1.7989999999984747, 75.673999999973, -32.94399999997325, 42.70000000001441], "0.06": [-16.737999999993878, -22.43699999998859, 57.51300000000258, -47.104999999994234, 25.322000000017898], "0.08": [-36.12799999997497, -40.83599999996841, 14.117000000002104, -48.563000000005, 5.886999999997783], "0.1": [-35.06499999997523, -38.667999999968735, 1.204000000000723, -50.00000000000659, -24.875999999975775], "0.12": [-37.64699999996942, -47.80099999999677, -30.15599999997159, -50.00000000000659, -38.29499999996997], "0.14": [-39.70099999996871, -39.851999999969486, -37.967999999970274, -50.00000000000659, -39.87299999996947], "0.16": [-36.5409999999727, -46.158999999998976, -45.43099999998746, -50.00000000000659, -40.16799999996918], "0.18": [-39.79699999996925, -44.81199999998635, -44.77499999998394, -50.00000000000659, -42.697999999978336], "0.2": [-36.54199999997567, -44.30899999998133, -44.1049999999843, -50.00000000000659, -46.346999999991446]}}