{"goal": {"0.0": [95.62599999999202, 89.54899999998662, 91.4199999999899, 90.22499999998547, 97.67199999999565], "0.02": [18.52300000000694, 98.39099999999665, -50.00000000000659, 59.079999999976756, 13.95200000000578], "0.04": [-39.83899999997035, -20.254999999985294, -50.00000000000659, -43.49999999997953, -44.28499999999658], "0.06": [-41.3879999999698, -50.00000000000659, -50.00000000000659, -38.63699999997053, -8.85200000000738], "0.08": [-50.00000000000659, -50.00000000000659, -50.00000000000659, -40.256999999969786, -28.85099999997937], "0.1": [-50.00000000000659, -50.00000000000659, -45.8609999999888, -38.99499999997118, -34.532999999975], "0.12": [-50.00000000000659, -50.00000000000659, -50.00000000000659, -41.903999999973685, -20.54099999998316], "0.14": [-50.00000000000659, -48.74400000000111, -50.00000000000659, -40.657999999968744, -22.151999999978912], "0.16": [-50.00000000000659, -48.74600000000111, -50.00000000000659, -43.7109999999812, -21.82999999997405], "0.18": [-48.83900000000145, -48.78100000000238, -50.00000000000659, -47.37899999999523, -33.12999999997105], "0.2": [-44.426999999991764, -50.00000000000659, -37.69299999996985, -46.05999999998952, -38.84399999996927]}, "action": {"0.0": [95.70199999999231, 86.70399999998504, 93.00499999998894, 85.5789999999812, 97.67099999999581], "0.02": [42.432000000013076, 95.69199999999168, -50.00000000000659, -50.00000000000659, 30.549000000013034], "0.04": [83.57899999998409, -50.00000000000659, -50.00000000000659, -50.00000000000659, -50.00000000000659], "0.06": [42.40300000001474, -50.00000000000659, -50.00000000000659, -50.00000000000659, -24.956999999975615], "0.08": [-3.970000000006398, -47.41299999999536, -50.00000000000659, -10.559000000000626, -30.039999999973176], "0.1": [-45.88199999999458, -47.32300000000071, -38.681999999973044, -35.09299999997358, -38.811999999972016], "0.12": [-37.47599999997181, -50.00000000000659, -43.13799999998162, -20.89399999999013, -37.887999999972855], "0.14": [-10.356000000006505, -45.72299999999398, -42.2519999999738, 26.758000000016956, -44.59699999998784], "0.16": [-13.525999999993086, -48.54200000000073, -42.38699999998123, 28.55500000001299, -50.00000000000659], "0.18": [-40.641999999967624, -50.00000000000659, -42.41899999997355, -24.845999999982787, -44.677999999985765], "0.2": [-34.068999999970195, -47.52799999999577, -43.8649999999808, 6.817999999994971, -44.732999999984465]}}