{"goal": {"0.0": [], "0.02": [], "0.04": [], "0.06": [], "0.08": [], "0.1": [], "0.12": [], "0.14": [], "0.16": [], "0.18": [], "0.2": []}, "action": {"0.0": [95.18899999999152, 89.67999999998972, 83.00299999998151, 93.33199999998824, 95.62799999999302], "0.02": [86.62999999998618, 81.11999999998467, 22.224000000013348, 34.57400000001203, 18.10200000001153], "0.04": [-0.5440000000040107, 34.67400000001282, 28.868000000020658, -35.68199999997282, -6.199000000001254], "0.06": [-0.2730000000045658, -37.04599999996998, -42.93199999997945, -50.00000000000659, -24.83299999997721], "0.08": [-24.462999999975608, -50.00000000000659, -47.213000000000086, -50.00000000000659, -50.00000000000659], "0.1": [-40.32199999997019, -50.00000000000659, -50.00000000000659, -50.00000000000659, -50.00000000000659], "0.12": [-11.535999999993159, -50.00000000000659, -48.56800000000047, -48.541000000000366, -50.00000000000659], "0.14": [-26.428999999979414, -50.00000000000659, -50.00000000000659, -40.08599999996813, -50.00000000000659], "0.16": [-12.006999999999305, -50.00000000000659, -50.00000000000659, -41.614999999973364, -48.680000000000874], "0.18": [-12.700999999982523, -50.00000000000659, -47.80699999999771, -44.75899999998388, -50.00000000000659], "0.2": [-3.957000000004028, -47.61999999999725, -47.80900000000134, -46.140999999989816, -47.368000000000876]}}