{"goal": {"0.0": [98.03099999999594, 97.71899999999587, 94.68199999999142, 98.13999999999682, 95.26699999999491], "0.02": [67.78499999998444, 21.337000000009827, 6.107999999994714, 62.40199999999147, 59.535999999979474], "0.04": [15.729000000008236, 15.589000000001228, -48.96100000000303, -2.0490000000011013, 37.71100000002358], "0.06": [7.596999999998364, 44.36400000000888, -50.00000000000659, -18.24399999999145, 29.20900000002191], "0.08": [23.9560000000084, 31.568000000017005, -50.00000000000659, -45.68799999998817, -2.1220000000027897], "0.1": [5.371999999994931, 14.30500000000442, -50.00000000000659, -45.663999999989215, -7.804000000001326], "0.12": [0.7759999999957947, 14.385000000003785, -50.00000000000659, -50.00000000000659, -6.9080000000072825], "0.14": [-12.347000000003339, -21.973999999976677, -50.00000000000659, -45.6179999999909, -19.411999999981887], "0.16": [-43.16099999998398, -41.51699999997163, -50.00000000000659, -37.14599999996989, -38.15599999997148], "0.18": [-50.00000000000659, -44.71799999998828, -50.00000000000659, -48.724000000001034, -36.314999999971114], "0.2": [-48.61100000000062, -42.03299999997328, -50.00000000000659, -42.80399999997692, -39.51599999996774]}, "action": {"0.0": [97.63399999999696, 97.7219999999958, 96.117999999993, 98.05099999999628, 93.77199999999547], "0.02": [45.09299999998916, 25.223000000018743, 11.68700000000506, 27.928000000006854, 39.36300000002542], "0.04": [-12.89999999999932, -0.6200000000017024, -41.046999999971284, -43.367999999983596, 25.10300000001695], "0.06": [-27.618999999973934, -37.255999999971586, -40.78099999997011, -50.00000000000659, 25.787000000018633], "0.08": [-33.438999999973895, -37.82399999997013, -40.61299999997072, -47.50300000000114, 1.6359999999979475], "0.1": [-39.112999999971244, -42.13899999997594, -45.40199999999645, -50.00000000000659, -45.484999999987394], "0.12": [-50.00000000000659, -41.03299999997226, -48.90300000000168, -50.00000000000659, -50.00000000000659], "0.14": [-50.00000000000659, -38.56599999997199, -50.00000000000659, -50.00000000000659, -50.00000000000659], "0.16": [-48.82600000000141, -42.0939999999793, -48.90100000000168, -50.00000000000659, -50.00000000000659], "0.18": [-50.00000000000659, -48.69100000000205, -48.86100000000267, -47.358999999995156, -50.00000000000659], "0.2": [-48.758000000001715, -45.24699999999475, -50.00000000000659, -47.51799999999574, -48.6310000000007]}}