{"goal": {"0.0": [92.71399999998896, 91.40699999998515, 96.24099999999406, 97.8629999999961, 95.29399999999096], "0.02": [74.89499999997476, -48.56600000000046, 10.698000000004951, 75.22999999998765, 79.23799999998377], "0.04": [-45.64699999999343, -50.00000000000659, -50.00000000000659, -15.581999999985799, 42.911000000008904], "0.06": [-47.08199999999529, -38.54699999996952, -47.35199999999513, -50.00000000000659, 54.71499999998981], "0.08": [-50.00000000000659, -50.00000000000659, -38.940999999971886, -50.00000000000659, 37.590000000012736], "0.1": [-50.00000000000659, -50.00000000000659, -22.18499999997724, -50.00000000000659, 28.979000000008263], "0.12": [-50.00000000000659, -50.00000000000659, 51.66599999999985, -50.00000000000659, -1.6720000000023918], "0.14": [-50.00000000000659, -45.60899999998902, 60.45299999999084, -50.00000000000659, -2.9510000000006835], "0.16": [-50.00000000000659, -47.09799999999421, 23.059000000013715, -50.00000000000659, -7.294000000004909], "0.18": [-50.00000000000659, -45.837999999993265, -3.504000000005823, -50.00000000000659, -4.868000000005677], "0.2": [-50.00000000000659, -50.00000000000659, -25.00099999998187, -50.00000000000659, -1.4540000000027404]}, "action": {"0.0": [92.45399999998799, 91.3689999999872, 94.76599999999691, 97.91699999999614, 94.63799999998979], "0.02": [46.4860000000018, 50.81799999999825, 74.10399999999642, 86.30199999999137, 87.10499999998518], "0.04": [43.89100000000281, 83.50799999999349, -35.91399999997188, 32.61500000001331, 82.43199999997674], "0.06": [37.26800000001845, -9.966999999991394, -50.00000000000659, -50.00000000000659, 44.61100000000361], "0.08": [45.21900000000912, -32.537999999973366, -50.00000000000659, -50.00000000000659, -16.779999999989922], "0.1": [-21.392999999988128, -35.449999999975304, -50.00000000000659, -50.00000000000659, -7.562000000004833], "0.12": [-43.48999999997949, -40.41499999997225, -47.0829999999987, -50.00000000000659, 11.764999999995496], "0.14": [-46.293999999990376, -38.87699999997196, -47.15599999999556, -50.00000000000659, 2.2009999999934804], "0.16": [-48.70400000000096, -41.153999999970985, -48.602000000005134, -50.00000000000659, 2.9489999999972984], "0.18": [-48.61200000000063, -35.90399999996921, -48.65200000000077, -50.00000000000659, -26.91199999998131], "0.2": [-35.09999999996829, -31.796999999972005, -44.605999999983325, -50.00000000000659, -31.28499999997564]}}