{"0.0": [92.17299999998518, 96.36599999999328, 80.62699999998827, 94.6089999999897, 92.91099999998887, 91.6559999999914, 94.58599999999045, 92.33199999998541, 96.16999999999312, 96.46999999999403], "0.02": [60.36899999997546, -22.09799999997513, -50.00000000000659, -48.54400000000038, -22.604999999983843, -7.173000000007407, 16.716999999998723, 53.45699999999494, 45.2190000000029, 84.45799999998734], "0.04": [13.333000000012724, -27.262999999971836, -50.00000000000659, -50.00000000000659, -31.43999999997736, -43.64399999998005, -41.293999999969685, 34.52500000000794, -47.13299999999547, -23.23199999998573], "0.06": [-50.00000000000659, -18.78999999999364, -41.86699999997268, -48.97700000000195, -50.00000000000659, -50.00000000000659, -50.00000000000659, -17.15699999998239, -50.00000000000659, -50.00000000000659], "0.08": [-50.00000000000659, -10.34699999999751, -50.00000000000659, -48.86200000000154, -50.00000000000659, -50.00000000000659, -50.00000000000659, -48.969000000003064, -50.00000000000659, -50.00000000000659], "0.1": [-50.00000000000659, -32.58199999997262, -45.84399999999329, -45.156999999994426, -50.00000000000659, -50.00000000000659, -50.00000000000659, -47.70699999999643, -50.00000000000659, -50.00000000000659], "0.12": [-50.00000000000659, -35.063999999971934, -22.21899999998318, -45.48499999999107, -50.00000000000659, -50.00000000000659, -50.00000000000659, -50.00000000000659, -50.00000000000659, -50.00000000000659], "0.14": [-50.00000000000659, -34.66599999997146, -12.823999999999662, -50.00000000000659, -48.94300000000638, -48.8530000000015, -45.857999999993766, -50.00000000000659, -45.881999999993425, -50.00000000000659], "0.16": [-50.00000000000659, -31.32699999997223, -4.5790000000015585, -45.178999999989955, -50.00000000000659, -46.60900000000061, -44.34899999998794, -50.00000000000659, -48.623000000000665, -50.00000000000659], "0.18": [-48.60100000000059, -29.060999999977025, -30.586999999972168, -46.27999999999032, -50.00000000000659, -42.658999999975556, -44.44899999998389, -50.00000000000659, -46.1679999999956, -50.00000000000659], "0.2": [-44.30699999999133, -27.930999999980504, -50.00000000000659, -43.16399999998401, -50.00000000000659, -48.87000000000157, -44.60399999998865, -50.00000000000659, -50.00000000000659, -50.00000000000659]}