{"0.0": [92.19599999998795, 96.6269999999943, 92.81999999999206, 95.10999999999393, 94.56799999999048], "0.02": [32.62200000001079, 9.847999999996336, 95.03399999999294, -44.478999999983905, -50.00000000000659], "0.04": [-41.60399999997286, 26.792000000017005, 94.51699999999062, -42.84499999997601, -50.00000000000659], "0.06": [-50.00000000000659, 30.03800000001087, -50.00000000000659, -47.07699999999466, -50.00000000000659], "0.08": [-50.00000000000659, -36.35399999997085, -35.62699999997514, -40.13499999997073, -50.00000000000659], "0.1": [-50.00000000000659, -44.43999999999181, -48.77800000000211, -50.00000000000659, -48.62900000000069], "0.12": [-42.971999999977605, -47.22200000000034, -48.694000000005474, -50.00000000000659, -47.53099999999692], "0.14": [-41.690999999976, -42.303999999974906, -50.00000000000659, -43.087999999981776, -48.601000000001726], "0.16": [-45.68099999998915, -42.363999999987875, -50.00000000000659, -43.25099999998317, -43.6769999999799], "0.18": [-48.990000000006546, -48.77800000000211, -50.00000000000659, -44.58499999998438, -43.33399999997939], "0.2": [-50.00000000000659, -47.467999999995556, -50.00000000000659, -47.27599999999941, -35.60599999997175]}