{"both": {"0.0": [[0.9870525514089871, -77.78], [0.9729052823315119, -86.84], [0.9583897158322057, -87.68], [0.9374311522361753, -89.78], [0.9705406280349628, -91.67], [0.9526315789473684, -92.1], [0.9745735436112005, -92.23], [0.9817361184003359, -94.27], [0.8884723523898782, -95.03], [0.9829830855971297, -96.55]], "0.03": [[0.9867469879518073, -82.0], [0.9700536005593102, -84.82], [0.9477031027299638, -90.21], [0.9365079365079365, -93.5], [0.9710679177837355, -88.52], [0.9530603354389022, -90.82], [0.9724898432965757, -85.15], [0.9780790003176957, -93.43], [0.8818851251840942, -100.85], [0.9815633423180593, -91.75]], "0.06": [[0.9800164570353826, -84.07], [0.9397791903646705, -88.67], [0.9557474365893146, -91.65], [0.9139499620924944, -104.52], [0.9643995165366444, -90.01], [0.955105814670228, -96.34], [0.9782140020424374, -87.13], [0.9717091191911336, -101.86], [0.8870567375886524, -111.83], [0.9793915603532876, -90.71]], "0.09": [[0.976493848857645, -90.04], [0.9012076816471986, -100.02], [0.948280957541129, -100.52], [0.9070800313506924, -113.83], [0.9561998766193708, -96.26], [0.9522713628176906, -98.94], [0.9601649733427221, -98.43], [0.9735027580772262, -100.52], [0.8750957202416404, -116.56], [0.9761136867567023, -98.22]], "0.12": [[0.9588503079532268, -111.05], [0.9404272801972062, -96.36], [0.9319432377642629, -102.59], [0.8845544405040369, -131.53], [0.9434914228052472, -108.02], [0.9319407584967041, -115.81], [0.969630327783014, -94.49], [0.9694014151845477, -103.58], [0.8699852628131652, -121.16], [0.9751948972360028, -97.77]], "0.15": [[0.966657353078141, -106.37], [0.9308987105030022, -100.59], [0.9155884165126309, -112.61], [0.8883979475484607, -139.33], [0.9347554370469128, -119.02], [0.9328376703841388, -120.05], [0.9664167608092842, -96.37], [0.968036125376306, -111.94], [0.8746869070208728, -130.77], [0.9744430514032212, -102.69]], "0.18": [[0.9637418419144308, -109.32], [0.9257241181531403, -103.61], [0.9167080642490478, -119.78], [0.8743271083936998, -149.47], [0.9318340917045852, -113.28], [0.9156699931439019, -130.27], [0.9581441801343744, -109.15], [0.9596753952982515, -118.53], [0.869578335973448, -131.57], [0.9608154398863731, -118.69]], "0.21": [[0.9447842753445885, -121.61], [0.915266106442577, -113.24], [0.9172413793103448, -125.15], [0.873538856775851, -154.7], [0.920699245133095, -124.85], [0.9105234681455431, -146.86], [0.9409123707207568, -123.74], [0.9501336387934326, -129.95], [0.8645183175033921, -146.42], [0.965492277992278, -123.32]], "0.24": [[0.9475230231819626, -124.97], [0.9147383262834867, -119.57], [0.9065434602959958, -132.11], [0.8569603345141994, -171.19], [0.9193899782135077, -136.71], [0.903569390730996, -156.73], [0.9433556405353728, -124.54], [0.9429451452038721, -135.36], [0.8596400362553411, -153.48], [0.9558074085342664, -130.47]], "0.27": [[0.9481082697771797, -132.75], [0.9154066837248973, -127.97], [0.906256583105119, -141.41], [0.8557461310687748, -177.99], [0.9181253922867704, -142.4], [0.8981609057688852, -165.93], [0.9517006802721089, -131.3], [0.9357467907355838, -146.23], [0.8450520059435364, -167.27], [0.946167097329888, -138.32]], "0.3": [[0.9399928392409596, -138.65], [0.9059932852346596, -138.99], [0.9041618198268062, -153.74], [0.8450392539122188, -188.79], [0.912210796915167, -154.6], [0.8916127629504811, -182.98], [0.9421590281612369, -143.89], [0.9294578706727629, -152.1], [0.8475724287096591, -174.71], [0.9369329357274284, -156.61]]}, "action_only": {"0.0": [[0.9815210559396605, -78.55], [0.9776862341228973, -86.39], [0.9573704285393763, -88.14], [0.9407390966596382, -89.11], [0.9714222172801068, -88.93], [0.9634721937205007, -96.47], [0.9815668202764977, -105.39], [0.9804835736745093, -91.23], [0.890942509956091, -96.93], [0.981702302631579, -96.28]], "0.03": [[0.957251019219569, -84.86], [0.9747486835806606, -82.56], [0.9569030860855441, -91.35], [0.9343270684813134, -91.58], [0.9686240331190762, -90.79], [0.9538396085939161, -93.02], [0.9717325545008866, -94.89], [0.9742669673979906, -96.54], [0.8889943074003795, -93.86], [0.9844088797108931, -95.85]], "0.06": [[0.9775294546337908, -81.33], [0.9620853080568721, -87.62], [0.9524453459544737, -87.74], [0.915407220822838, -94.28], [0.9588913111180317, -95.33], [0.9546191247974068, -97.72], [0.9812575574365175, -98.27], [0.9773968934118907, -92.35], [0.8793453954055702, -97.38], [0.9862707535121328, -92.96]], "0.09": [[0.9793686303753418, -79.46], [0.9532330661982654, -90.09], [0.950038263911665, -90.47], [0.8952316340376042, -102.18], [0.95276008492569, -93.2], [0.94671611203279, -101.48], [0.9760211339158708, -97.45], [0.9753846153846154, -93.25], [0.8709647666482199, -107.43], [0.9783572635135135, -93.72]], "0.12": [[0.9777750339548092, -79.99], [0.9441725978647687, -88.92], [0.9391520120832884, -91.69], [0.8873170731707317, -101.5], [0.9350451639094692, -97.53], [0.9429530201342282, -94.36], [0.9673983214977405, -91.96], [0.971722928540114, -90.24], [0.872192407076128, -99.62], [0.9740795598815065, -93.52]], "0.15": [[0.9683915059799854, -80.94], [0.9314581640942323, -97.48], [0.9332679097154073, -90.71], [0.8748676484743478, -102.89], [0.9319790704832256, -96.47], [0.9328497409326425, -95.5], [0.9740867023867511, -101.69], [0.9732905982905983, -92.6], [0.8661959080210031, -109.48], [0.9645287688183131, -95.98]], "0.18": [[0.9714181464363901, -81.22], [0.8991614255765199, -94.4], [0.9332692718342942, -92.66], [0.8574547439279542, -108.93], [0.9187055268544693, -101.59], [0.9253535637351316, -105.77], [0.965266106442577, -88.25], [0.960771973987833, -94.34], [0.8567641768436997, -104.63], [0.9598287112561175, -97.08]], "0.21": [[0.960688836104513, -83.2], [0.9082055532532117, -95.52], [0.9166244040977787, -97.59], [0.8466465367371214, -108.29], [0.9191321499013807, -100.4], [0.9121608620357898, -102.94], [0.9523579901629858, -102.72], [0.9584053696735483, -97.34], [0.8472746896923907, -110.18], [0.9637565291546744, -92.81]], "0.24": [[0.963903743315508, -81.28], [0.8931224076396257, -102.67], [0.9220662884443117, -99.48], [0.8389975660326332, -109.93], [0.9112862483580884, -97.97], [0.9138237534919157, -117.15], [0.958139534883721, -97.91], [0.9524189526184539, -99.25], [0.8507516754211194, -109.43], [0.956228617428054, -98.38]], "0.27": [[0.9484805576734561, -90.81], [0.9037900874635568, -98.47], [0.9122031458825949, -96.27], [0.8133784928027096, -117.11], [0.9021232028944112, -104.03], [0.9040985802303777, -111.0], [0.9438438988640527, -108.19], [0.9484171133812076, -97.87], [0.8324037423533646, -110.17], [0.9537337662337663, -97.56]], "0.3": [[0.949535041959628, -87.18], [0.8690362138340678, -103.39], [0.9006027072423674, -100.21], [0.8179578661230037, -116.72], [0.8919672740795835, -106.56], [0.8898213318895506, -109.83], [0.9408506429277943, -100.11], [0.9421143495480857, -97.47], [0.8124208860759494, -125.43], [0.9395588089820952, -100.09]]}, "goal_only": {"0.0": [[0.9871015750961181, -79.63], [0.9656382335148216, -81.65], [0.9625242054903748, -86.79], [0.9470250815431335, -87.91], [0.9668502321563546, -91.61], [0.9606223175965666, -92.2], [0.9849020237712818, -92.41], [0.9784327821711, -96.37], [0.8936584366355906, -96.61], [0.9825160355886613, -95.66]], "0.03": [[0.984310885831523, -81.86], [0.977015477015477, -85.58], [0.9465059731472671, -93.59], [0.9452406417112299, -92.5], [0.9738225752321289, -88.39], [0.9604507042253521, -87.75], [0.9789034426799583, -85.27], [0.9684744044602128, -97.65], [0.8899242865463017, -102.03], [0.9808324205914567, -90.3]], "0.06": [[0.9864026717557252, -82.84], [0.9760978956999085, -86.44], [0.9536837570012926, -91.84], [0.936518906111166, -100.29], [0.9736525636820815, -90.47], [0.9587607063550809, -93.57], [0.9739825110655296, -91.64], [0.9782500249426319, -99.23], [0.8838922271758093, -102.18], [0.9837750135208221, -91.45]],