{"both": {"0.0": [[0.978202846975089, -87.9], [0.946817785527463, -88.91], [0.9826238053866203, -89.28], [0.978026712623869, -90.17], [0.9532828282828283, -92.29], [0.9983150800336984, -92.35], [0.9681475272422464, -92.68], [0.9851362510322048, -94.15], [0.929902755267423, -95.96], [0.9549295774647887, -96.47]], "0.03": [[0.957560774618871, -94.84], [0.9596314172882844, -88.39], [0.9769681742043551, -92.93], [0.976, -92.3], [0.9428682471822775, -100.21], [0.9960536700868192, -98.73], [0.9687630154102457, -93.39], [0.9885574172456069, -94.82], [0.9510086455331412, -94.45], [0.9694955025420414, -99.72]], "0.06": [[0.925939438161255, -107.27], [0.9474127050904502, -92.7], [0.9854166666666667, -93.38], [0.9680511182108626, -97.42], [0.9472477064220184, -102.06], [0.994985374007522, -93.04], [0.9665629860031104, -100.34], [0.9872448979591837, -91.45], [0.9391201885310291, -99.41], [0.958379784466741, -104.93]], "0.09": [[0.9365949119373776, -99.44], [0.9570425444031392, -94.17], [0.9654503105590062, -100.51], [0.9638064253761692, -95.54], [0.9300234558248631, -99.76], [0.982200647249191, -96.29], [0.9651383099658962, -103.03], [0.9739776951672863, -105.01], [0.9329566854990584, -103.7], [0.95, -99.67]], "0.12": [[0.9351713859910581, -104.79], [0.9410846664065549, -99.97], [0.9494339622641509, -103.3], [0.9650569297212407, -99.37], [0.9292330492775102, -105.41], [0.9902723735408561, -100.09], [0.9565217391304348, -108.01], [0.9623287671232876, -102.48], [0.9407821229050279, -104.76], [0.9468926553672317, -103.5]], "0.15": [[0.9404924760601915, -114.6], [0.9308573686290004, -98.61], [0.9576620457100038, -104.17], [0.9515366430260047, -98.88], [0.9200296186597556, -105.47], [0.983963344788087, -102.17], [0.9401558073654391, -110.57], [0.9523105360443623, -105.99], [0.943884892086331, -108.52], [0.9425199847735058, -102.43]], "0.18": [[0.9256637168141593, -110.5], [0.9254451038575667, -105.22], [0.9426443202979515, -105.07], [0.9279246649764578, -107.69], [0.9154539154539154, -112.84], [0.9744058500914077, -106.93], [0.9156414762741653, -111.27], [0.9427327528466175, -116.84], [0.9467312348668281, -113.03], [0.9301521438450899, -113.05]], "0.21": [[0.9137070736718521, -133.86], [0.9319727891156463, -109.01], [0.9472551130247578, -108.91], [0.9328385899814471, -105.37], [0.9149510631117111, -116.05], [0.965480803099683, -110.82], [0.9257670735730782, -118.72], [0.932536893886156, -111.33], [0.9184270393240169, -120.69], [0.9158125915080527, -106.78]], "0.24": [[0.8781333333333333, -147.32], [0.9116660454714871, -104.82], [0.9479646017699115, -110.42], [0.9362210095497954, -114.74], [0.9234338747099768, -118.15], [0.9538619275461381, -114.65], [0.9143510951291272, -119.99], [0.91006146878033, -121.28], [0.9289883268482491, -120.8], [0.9135928961748634, -114.53]], "0.27": [[0.8829509148997967, -135.28], [0.8993839835728953, -114.18], [0.9331376386170906, -120.26], [0.9233128834355828, -114.83], [0.9187983343248066, -132.01], [0.942695436858861, -110.4], [0.9042645778938208, -135.4], [0.8953185955786735, -120.54], [0.9241649112247968, -130.58], [0.887012987012987, -120.86]], "0.3": [[0.8594346829640948, -154.51], [0.8982118294360385, -113.78], [0.9322143318269851, -121.4], [0.9171821305841924, -113.86], [0.9093721002165172, -126.87], [0.9491684970191403, -125.1], [0.8726169844020797, -135.92], [0.8964968152866242, -123.24], [0.9127875869448903, -147.12], [0.9008579599618685, -123.31]]}, "action_only": {"0.0": [[0.9851268591426072, -89.26], [0.9487847222222222, -89.28], [0.978810408921933, -105.01], [0.9648900169204738, -91.69], [0.9523232323232323, -96.16], [0.9983532317826266, -94.64], [0.9696847210994342, -95.94], [0.9797353184449958, -93.7], [0.943109987357775, -92.35], [0.93910741301059, -102.89]], "0.03": [[0.9670008354218881, -93.75], [0.9586850288760551, -87.49], [0.9876099120703438, -97.65], [0.9722703639514731, -89.53], [0.9507269789983845, -96.19], [0.9983014861995754, -91.65], [0.9736201298701299, -95.84], [0.9925536574682435, -88.32], [0.9379032258064516, -96.68], [0.9603017070265979, -97.99]], "0.06": [[0.9719948298147351, -90.68], [0.9511343804537522, -88.88], [0.9730815588589795, -96.91], [0.9612105711849958, -91.28], [0.9482392872295291, -91.49], [0.9935036812472932, -89.77], [0.9645944833264718, -94.31], [0.985428809325562, -93.02], [0.9460034013605442, -91.47], [0.9563106796116505, -96.16]], "0.09": [[0.9564516129032258, -96.87], [0.9588566478995236, -89.46], [0.9759183673469388, -95.46], [0.9715014887282007, -91.35], [0.930635838150289, -93.94], [0.9904880066170388, -94.23], [0.9613282891971416, -92.59], [0.9741831383622428, -96.28], [0.9392084863321093, -95.64], [0.9486356340288925, -96.99]], "0.12": [[0.9366704588547592, -103.17], [0.9521794329242488, -91.78], [0.9839967172753386, -94.77], [0.9570887673538073, -92.34], [0.9454855195911414, -91.1], [0.9966818747407714, -93.72], [0.9469635627530364, -96.3], [0.9829059829059829, -90.64], [0.9329073482428115, -97.59], [0.9411293552262715, -96.98]], "0.15": [[0.9123730725836781, -103.95], [0.9470538001707942, -90.96], [0.9775613886536834, -91.82], [0.9461920529801324, -93.79], [0.9473892405063291, -98.37], [0.9931769722814499, -91.43], [0.9528183716075157, -92.97], [0.9737704918032787, -94.76], [0.9327155519742143, -96.92], [0.9292134831460674, -104.1]], "0.18": [[0.9092827004219409, -111.38], [0.949438202247191, -89.75], [0.982256020278834, -92.0], [0.9420516836335161, -99.52], [0.9444901315789473, -94.48], [0.9889615699100572, -95.26], [0.9403918299291372, -93.22], [0.966692789968652, -99.48], [0.9305124223602484, -100.63], [0.9194192377495463, -107.54]], "0.21": [[0.8943255181787292, -115.33], [0.9581866197183099, -88.12], [0.9617598684210527, -94.76], [0.9351522340846185, -98.43], [0.9499013806706115, -98.61], [0.985207100591716, -92.04], [0.9466501240694789, -94.09], [0.9440447641886491, -97.35], [0.9239401496259352, -93.65], [0.9153439153439153, -110.85]], "0.24": [[0.8695955369595537, -112.14], [0.9425857083849649, -94.12], [0.9789934354485776, -88.79], [0.9409266409266409, -100.75], [0.9319097502014504, -96.44], [0.9844993715961458, -92.91], [0.918506623845845, -96.91], [0.93208895949166, -97.71], [0.9213810316139767, -93.33], [0.9051910598413843, -108.49]], "0.27": [[0.8583306683722418, -122.61], [0.9388275276125744, -91.48], [0.9690560125342734, -99.66], [0.9346613545816733, -97.97], [0.931239388794567, -91.33], [0.9704904405652536, -93.64], [0.925764192139738, -98.03], [0.9150326797385621, -101.32], [0.9136661211129297, -95.08], [0.8989181879648411, -115.67]], "0.3": [[0.8248680738786279, -119.02], [0.9366319444444444, -89.3], [0.9509226541028661, -99.22], [0.9189922480620155, -100.49], [0.917104731095835, -96.09], [0.9611689351481185, -97.06], [0.9090909090909091, -101.04], [0.8915533285612026, -108.96], [0.9202813599062134, -99.54], [0.8907815631262525, -117.07]]}, "goal_only": {"0.0": [[0.9797356828193833, -88.61], [0.9546632124352331, -89.63], [0.9813322019516334, -91.51], [0.9715271786022434, -90.01], [0.9319908814589666, -102.47], [0.9991507430997877, -91.66], [0.9742039500201531, -96.42], [0.9916776171703898, -88.37], [0.9392744479495269, -99.01], [0.9548192771084337, -103.58]], "0.03": [[0.9722105263157895, -92.7], [0.9540372670807453, -93.81], [0.9802658074909384, -96.9], [0.9709401709401709, -90.84], [0.9380753138075314, -92.9], [0.9973603167619886, -88.15], [0.9753629564452265, -88.09], [0.9856721449641803, -91.81], [0.9414654113794515, -95.17], [0.9516831683168316, -98.24]], "0.06": [[0.9735318444995864, -94.27], [0.9585062240663901, -93.6], [0.9621212121212122, -97.63], [0.970342522974102, -92.99], [0.9359286293592863, -96.07], [0.999160016799664, -92.71], [0.9762912785774767, -91.88], [0.9840218238503508, -99.89], [0.9445560466050623, -96.92], [0.9556962025316456, -104.86]],