{"0.0": [94.02214846112338, 92.46604482439199, 94.6267986075503, 93.7934701673048, 93.93178666611402, 93.86893321164284, 93.79741066379066, 94.62343849865329, 92.76678048062745, 86.7583094058671], "0.1": [92.91088280148409, 93.68347903397819, 94.49249989545106, 94.2155443141096, 93.6696586314285, 93.4861958953975, 94.1663301430064, 94.60826004173154, 92.42530538745716, 84.43882899515947], "0.2": [88.73957680964396, 93.81050924564418, 94.04547692415295, 93.67467012104251, 93.67737534492566, 93.79105459966853, 94.28409525632301, 94.2520755005166, 92.78049834214704, 87.62139792585401], "0.3": [80.45426127347909, 93.38912613646136, 93.7332797927102, 93.33203009462463, 93.46655614604009, 92.55065630130093, 93.34036408923366, 94.02631587584222, 92.09780125084853, 83.35997645017231], "0.4": [88.48766995509122, 93.04580007729498, 93.18029098180074, 91.87627389290154, 93.13296346352895, 92.32439408611306, 90.75530544308802, 91.97837388510492, 91.76023136935567, 83.99324559158613], "0.5": [84.24853736617013, 86.48651477691469, 91.38706386382927, 90.8980118895532, 89.66755739704604, 91.45148504420872, 92.21782375862544, 91.99241161183922, 88.90055789228727, 80.89366879082317], "0.6": [79.05334451963672, 91.08012965855447, 91.26632336151899, 85.45706036858147, 89.14477716489785, 85.78518138078442, 88.18627125413494, 91.08119818654235, 87.88031043128166, 75.95015373937156], "0.7": [72.85193338894335, 85.68801342770628, 86.72114165357952, 87.21206206047007, 87.51584332313536, 84.30173794685183, 84.76094640096385, 84.47797202965195, 87.07525430153964, 82.6538855502491], "0.8": [74.69679308765011, 73.33480060972536, 82.99654073723643, 79.6677018418459, 90.16974458953422, 76.96498834016839, 81.54680433694085, 82.00333287789798, 84.50665166209423, 60.86937811959101], "0.9": [56.211924336018576, 75.91297982551082, 81.28526851250881, 80.49840036459963, 63.44069216871539, 72.82106007357726, 74.12776568523137, 68.63150499434045, 78.96917852273104, 56.64649639626633], "1.0": [59.01015903604335, 69.78585499021216, 81.19744106451509, 64.94798885182618, 66.08804419415326, 66.4714337672079, 64.86982633884782, 64.32627278087584, 72.5000315836005, 56.06392144870873]}