{"0.0": [93.28839451425048, 93.13422114993989, 92.98302822246168, 93.88532049990359, 93.35136464009041, 93.3808484481036, 92.11338908468912, 93.36679543744985, 94.36570692109449, 93.98290676686877], "0.1": [93.16719802913549, 93.14551314614772, 94.09854011996043, 93.01706123439097, 93.495118681664, 93.595123349873, 91.75524203283149, 93.39248166025568, 94.32305338782962, 93.96055956343803], "0.2": [92.89710305320813, 93.00627119606973, 92.85653519903721, 92.47109015987975, 92.99719957041924, 93.22983104857596, 92.24841426086537, 93.3678552093197, 94.07106912359251, 94.02122304977176], "0.3": [92.75887874922161, 92.6159368447165, 91.82552338842554, 91.66996390826054, 92.81756157497882, 92.97392015885441, 92.34901320323053, 93.39788480409263, 94.096692659575, 93.62308032527922], "0.4": [92.19948396592605, 91.39032954983544, 91.48901285519138, 92.61606969294509, 92.56853708240617, 92.18339687042234, 91.92925959458698, 93.23415650037226, 93.47452566926397, 92.0013440156602], "0.5": [91.40987988311718, 92.08723644208072, 90.34030268928078, 90.42523057243046, 91.0899762971426, 90.30274211844151, 91.5488875481383, 92.78166826314859, 93.08365928412728, 91.92611000111303], "0.6": [89.76943296119966, 87.05643607518843, 89.97084185928615, 89.00276370535734, 89.6037112145834, 90.52699907228005, 91.06958563834297, 92.59058018943774, 91.57221451955009, 91.62043655113528], "0.7": [88.77541290395689, 89.32804781281057, 89.66816042252346, 90.82468771095489, 87.74250459228095, 85.65423282019286, 91.46690710719368, 90.37282018431387, 91.30014274307203, 89.91799194836908], "0.8": [86.4201765819721, 87.5419726277583, 81.7416499188075, 89.47486822028758, 88.33857344903076, 87.7276848248718, 89.56793634056476, 89.66645292909976, 90.84910706811071, 86.83276388677169], "0.9": [85.68838622818392, 82.64356779800741, 87.37257819801478, 87.63118057345265, 87.76666479796917, 82.67379494241769, 90.49171165362826, 90.05835497446841, 90.30575393951761, 84.29319182164268], "1.0": [83.20734017963201, 81.6187247091402, 84.2497389485267, 85.1741945598618, 86.76376440257016, 84.04558315898075, 89.13549039608706, 87.98631861026836, 87.86734667908955, 87.17033651186144]}