{"both": {"0.0": [98.01599999999632, 97.55199999999559, 92.34099999999056, 84.88899999997722, 97.82899999999603], "0.05": [58.28899999999032, 95.64599999999312, 96.16199999999206, 77.0429999999785, 96.44699999999304], "0.1": [78.18799999997394, 96.6599999999937, 95.80499999999235, 88.77799999998224, 93.81199999999184], "0.15": [76.80599999998189, 86.58699999998959, 94.81699999999012, 87.25099999998193, 91.70999999998986], "0.2": [68.3009999999912, 90.16199999998754, 92.79199999998713, 88.36799999997946, 89.22599999997797], "0.25": [53.39499999999981, 90.55599999998424, 87.54399999998245, 78.27599999997085, 86.09199999997871], "0.3": [27.53400000001844, 88.57999999998182, 65.69999999998221, 29.63900000001708, 82.31999999997177], "0.35": [13.664000000014068, 78.48099999997677, 29.8750000000182, -7.209000000003411, 77.74999999997164], "0.4": [-8.589000000006196, 59.733999999987454, 14.714999999999682, 0.6390000000008723, 62.13699999997598], "0.45": [-6.692000000006735, 34.94700000001449, -5.663000000004641, -14.066999999979803, 37.91500000001881], "0.5": [-13.730999999998703, 24.084000000021142, -10.959000000001637, -20.08099999998329, 19.007000000007235]}, "action_only": {"0.0": [98.01699999999633, 97.55199999999546, 89.10099999998911, 88.10699999997438, 97.69399999999581], "0.05": [74.02599999997364, 93.54099999999224, 96.2049999999927, 64.03999999997953, 96.4959999999941], "0.1": [67.16999999997108, 96.51299999999328, 95.18899999999452, 73.99199999996809, 95.61999999999207], "0.15": [82.27099999998256, 94.9499999999901, 96.05499999999302, 80.92999999996903, 93.5629999999892], "0.2": [83.47899999998603, 94.34599999999062, 94.88199999999085, 81.04899999997383, 89.37699999998011], "0.25": [60.79599999998488, 92.51799999998633, 88.31099999998685, 71.88699999996089, 86.77699999997911], "0.3": [47.50500000000852, 90.590999999986, 78.43899999997718, 33.247000000019604, 81.65199999997623], "0.35": [22.09100000000553, 83.17599999998407, 57.877999999981746, -9.5860000000061, 79.45099999997542], "0.4": [3.4589999999961596, 72.93699999997924, 26.971000000016083, -24.664999999976885, 75.07399999997591], "0.45": [-5.250000000005879, 55.618999999999616, 15.976000000009288, -27.21099999997503, 67.41199999996898], "0.5": [-12.2729999999968, 40.084000000011486, -2.909999999999247, -33.94699999997683, 62.98799999997861]}, "goal_only": {"0.0": [98.01699999999633, 97.58799999999547, 89.50399999998916, 79.19999999997552, 97.77699999999602], "0.05": [78.43999999998027, 96.12099999999387, 90.99199999998764, 79.41999999997216, 97.82899999999569], "0.1": [83.73399999998095, 97.59199999999556, 95.98799999999308, 90.91199999998345, 96.53099999999408], "0.15": [81.77799999998993, 95.82199999999366, 94.21899999998959, 88.46999999998617, 96.22499999999586], "0.2": [87.01199999998926, 97.18199999999466, 87.81999999998796, 95.50799999999055, 93.33499999999061], "0.25": [80.02499999998363, 96.63099999999433, 93.33999999998753, 95.58199999999141, 95.44799999999387], "0.3": [83.34599999998369, 93.45999999999361, 94.55799999999071, 95.49199999999175, 94.00299999999257], "0.35": [89.33799999998722, 92.61999999998736, 93.9869999999914, 95.07499999999149, 95.68799999999061], "0.4": [93.33299999998941, 95.50499999999346, 92.83999999998976, 95.2619999999916, 95.33099999999092], "0.45": [87.7649999999844, 91.63899999999246, 93.27699999998941, 94.80399999999072, 93.52499999998685], "0.5": [88.32699999998579, 91.85899999998588, 93.31899999998716, 94.5309999999899, 90.64399999998761]}, "both_same": {"0.0": [98.00599999999633, 97.56499999999559, 93.37699999998918, 86.89099999998079, 97.71999999999589], "0.05": [69.10599999997555, 94.01399999999033, 93.14399999999196, 81.53999999998506, 96.8359999999948], "0.1": [72.37499999997979, 94.8119999999918, 95.72699999999212, 88.40499999998242, 94.21999999999001], "0.15": [83.74699999997942, 94.0959999999921, 95.39499999999042, 87.93599999998237, 92.40799999998937], "0.2": [79.39899999998362, 91.656999999986, 93.13099999998981, 89.6909999999831, 90.28599999998467], "0.25": [65.31199999998294, 89.97699999998297, 78.16999999997944, 81.30699999997334, 86.67799999997892], "0.3": [53.73399999999106, 85.36999999997568, 54.61499999998938, 37.177000000019426, 85.3019999999742], "0.35": [34.627000000013915, 67.92899999997651, 23.79400000001535, 11.203999999996539, 84.74399999997381], "0.4": [22.919000000008726, 55.890999999980195, 8.285999999993898, -7.459000000003863, 79.87599999997215], "0.45": [4.899999999995564, 27.164000000018945, -8.26000000000785, -8.860000000006037, 68.55099999996884], "0.5": [0.038999999998428334, 30.762000000016602, -8.867000000007742, -7.663999999999401, 62.87899999997895]}}