{"both": {"0.0": [90.84399999999407, 90.7799999999913, 93.9559999999916, 92.52399999999093, 97.28799999999514, 96.22299999999403, 89.53499999998786, 95.54799999999153, 93.9369999999892, 97.63899999999569], "0.05": [91.99399999998968, 78.65699999998726, 92.89599999998865, 73.19799999998826, 54.232999999987534, 92.42399999998784, 83.11199999998652, 91.5659999999877, 70.96599999998462, 86.99499999999027], "0.1": [84.39399999998581, 74.87899999997911, 75.45599999998112, 78.25799999998381, 28.5370000000135, 69.12199999998842, 72.39299999998505, 60.814999999988906, 55.3739999999816, 67.3759999999927], "0.15": [72.83499999998534, 70.63299999997601, 61.76799999996538, 84.58799999998134, 28.550000000011913, 43.43500000000848, 75.13399999998951, 60.26399999999578, 48.8239999999852, 54.976999999991975], "0.2": [71.29399999998019, 46.05900000001309, 58.08799999997138, 67.02199999999644, 22.430000000011194, 31.568000000011242, 72.82099999998363, 36.14900000001792, 54.366999999988614, 29.718000000017035], "0.25": [80.84299999998437, 34.971000000019544, 37.67200000001443, 57.6149999999924, 3.29199999999748, 34.75400000001729, 63.05299999997459, 25.692000000010808, 47.60700000000643, 13.325000000009668], "0.3": [69.04199999998434, 10.171000000004035, 13.529000000001213, 30.998000000008183, -5.837000000003383, 40.48500000001493, 49.90499999999052, 32.48600000000833, 53.762999999986185, -9.001999999999835], "0.35": [64.49399999998012, 8.819000000001028, 1.086999999997145, 16.829000000002612, -23.12299999997737, 49.91600000000395, 38.321000000011104, 4.824000000000234, 49.15799999998077, -40.26399999997244], "0.4": [36.59500000001879, 3.390999999998505, -18.294999999981925, 1.7070000000006806, -32.18899999997782, 39.26700000002015, 38.23200000001799, 10.793999999998887, 47.84199999999405, -44.41999999998587], "0.45": [27.703000000013034, 3.2429999999986148, -13.344000000000403, 4.3309999999955915, -36.551999999969475, 39.33000000001757, 34.80400000001355, 10.71100000000049, 46.79700000000013, -46.09199999999191], "0.5": [21.910000000014744, 13.27299999999887, -13.679999999989274, -15.9009999999851, -33.710999999976764, 29.992000000022784, -3.161999999998973, 5.130999999994524, 47.99699999999618, -40.777999999972046]}, "action_only": {"0.0": [95.2309999999946, 89.19599999999161, 88.16099999998583, 96.08899999999275, 97.28399999999515, 90.31499999999637, 81.77599999998732, 95.6319999999904, 92.37599999998872, 94.63299999999245], "0.05": [88.07099999998805, 88.67899999998772, 89.01899999998845, 77.03099999998025, 85.35799999998316, 94.34799999999231, 74.99599999998478, 89.81399999999259, 69.25599999997584, 86.52299999999576], "0.1": [77.93099999997867, 72.45599999998848, 86.51999999998635, 87.23999999999049, 61.967999999982254, 74.71499999998314, 73.48799999999125, 60.76999999998328, 53.08300000000636, 69.0639999999768], "0.15": [76.18499999998596, 71.71899999998533, 75.28599999997961, 71.47199999999098, 58.80299999999122, 25.907000000019774, 62.394999999986275, 50.7759999999999, 52.56699999999612, 49.61499999999947], "0.2": [77.23599999998274, 44.22099999999601, 51.85099999997933, 67.81799999998667, 38.02800000001846, 17.621000000004877, 73.98899999997155, 35.51400000001595, 56.67499999998697, 38.423000000017076], "0.25": [79.51299999998467, 23.687000000008492, 49.18799999998725, 55.61799999998873, -1.32500000000548, 10.337999999999347, 59.14199999997995, 10.314000000007418, 49.86599999999283, 27.61900000001633], "0.3": [64.33699999997711, 31.0800000000123, 38.276000000014236, 37.50800000001317, -5.400409008871065e-12, 27.51200000002161, 45.762000000001564, 0.9869999999963766, 48.30900000000249, -20.161999999985632], "0.35": [59.726999999987235, 8.346000000012177, 14.576000000013705, 25.8590000000174, -18.661999999981926, 21.660000000001432, 45.68899999999675, 8.689999999995386, 48.28299999999964, -40.12799999996889], "0.4": [29.315000000012166, -2.4190000000025336, 10.193000000007522, -4.52400000000136, -26.37299999997492, 17.687000000021797, 35.81400000001427, -4.873000000005832, 51.47399999998947, -37.80499999997007], "0.45": [36.00300000001772, 0.6759999999928883, -4.683000000005651, -4.596000000005416, -28.360999999975157, 27.154000000018915, 10.154999999994388, 7.289999999996723, 38.69300000001214, -44.52599999998389], "0.5": [10.369999999998111, 3.992999999997711, -7.098000000007826, -13.703999999995581, -37.88099999997173, 9.622999999995722, -5.968000000008058, 0.5019999999988766, 36.607000000018495, -47.27599999999486]}, "goal_only": {"0.0": [90.5999999999858, 92.85399999998828, 93.96399999999267, 93.52599999999082, 97.28999999999513, 91.78299999999057, 92.08099999998598, 95.75399999999242, 88.59399999998692, 97.65699999999568], "0.05": [94.67999999999412, 83.51299999998763, 93.62099999999158, 90.59499999998368, 71.15099999998057, 88.29199999998974, 77.03199999998282, 94.75499999998898, 87.6149999999862, 97.6079999999957], "0.1": [93.64599999999402, 84.98699999998473, 81.36799999998162, 92.35599999998745, 58.19599999997275, 91.90299999998763, 87.45599999999075, 94.1559999999883, 80.37499999998023, 93.90599999999318], "0.15": [96.62499999999312, 88.02999999999047, 73.01399999998836, 94.03999999998952, 44.725000000004194, 89.99999999998562, 75.10799999998072, 88.8369999999861, 73.23199999998388, 92.60099999998941], "0.2": [89.96299999998887, 89.77599999998914, 72.2539999999889, 86.19699999998946, 24.225000000011434, 87.68099999998822, 77.12199999997972, 79.42399999998484, 76.15099999998424, 85.32399999999294], "0.25": [90.14999999999033, 77.51199999998816, 70.3309999999765, 88.6179999999867, 34.06600000001993, 86.3219999999884, 79.86199999998361, 83.75599999997841, 72.5089999999869, 82.4519999999819], "0.3": [82.7839999999801, 89.43899999999122, 69.77699999998568, 91.3319999999857, 41.526000000017845, 81.62499999999096, 75.57499999999172, 80.58499999997738, 67.09499999997749, 78.37199999998606], "0.35": [77.00799999998127, 87.42599999998448, 66.39299999998448, 89.6669999999871, 30.192000000013717, 76.33399999999256, 57.4029999999859, 80.15699999998225, 66.6299999999817, 63.89599999998152], "0.4": [82.82799999998637, 87.92099999999071, 59.26999999998992, 93.27899999999083, 34.50200000001476, 67.62999999997528, 66.4759999999747, 67.4769999999915, 57.22299999997144, 65.76799999998147], "0.45": [79.96799999997586, 78.10799999998187, 54.906999999998426, 84.40099999999028, 29.437000000020554, 74.06299999998657, 81.40199999998218, 71.16599999998796, 59.39499999998562, 69.36199999999542], "0.5": [81.38099999997928, 76.32299999998685, 45.63400000000722, 85.8259999999823, 19.699000000009068, 75.70899999998497, 75.89199999997837, 75.82499999998223, 64.1009999999735, 55.13300000000172]}, "both_same": {"0.0": [90.61099999999144, 85.42299999998482, 89.54499999998882, 87.34299999998683, 95.81399999999569, 96.212999999994, 83.75999999998703, 95.03399999999036, 87.19199999998442, 96.10499999999547], "0.05": [91.65399999998344, 89.4139999999904, 93.29699999998834, 84.09699999998531, 63.62399999999489, 92.98399999998938, 71.49499999998663, 93.69099999998971, 63.89599999998849, 89.73599999999115], "0.1": [83.13299999998311, 67.0949999999938, 74.37799999998484, 77.4219999999901, 31.883000000016295, 67.60399999998371, 70.68999999998381, 55.801000000002794, 51.74599999998714, 79.26399999998465], "0.15": [77.20199999998079, 61.53799999999469, 64.71099999998626, 80.10399999998945, 16.537000000008238, 39.90300000001377, 70.3359999999821, 43.36300000000978, 48.071000000006926, 50.78100000000113], "0.2": [81.94999999998818, 63.47499999999798, 45.5950000000159, 72.13299999998509, 10.893999999993381, 22.758000000011084, 72.66199999998221, 40.123000000013896, 52.40999999998822, 33.53300000001373], "0.25": [81.1119999999822, 38.350000000015505, 37.55100000001322, 51.53799999998672, 7.579999999993083, 30.399000000014738, 73.90299999998516, 39.657000000019664, 61.71999999998322, 6.985999999994505],