{"both": {"0.0": [92.1829999999902, 92.29399999999272, 90.16199999998724, 82.53599999998507, 88.27899999999407], "0.05": [91.27199999998919, 24.0300000000179, 79.25599999998086, 92.35699999998612, 67.21399999997548], "0.1": [63.929999999985455, 37.67900000001378, 90.97599999998698, 88.83399999998943, 79.52199999997887], "0.15": [53.1909999999775, 30.077000000018483, 91.49299999998442, 85.55699999998257, 74.12099999998561], "0.2": [55.09499999999024, 26.38900000000916, 89.24299999998355, 83.88399999998057, 76.74199999998294], "0.25": [53.64399999999573, 34.272000000017194, 85.9549999999793, 83.97799999997491, 80.78299999997972], "0.3": [49.86999999999818, 28.04000000001663, 83.08799999997778, 77.5309999999826, 73.99599999998559], "0.35": [43.111000000019274, 34.47200000001043, 76.2939999999751, 78.55599999997327, 79.61499999997639], "0.4": [31.46900000001317, 31.091000000015732, 74.55799999996967, 70.70799999997381, 66.69599999998822], "0.45": [24.130000000010774, 32.49600000002343, 64.49999999998082, 69.93699999997432, 58.211999999987974], "0.5": [30.612000000015655, 28.2950000000195, 42.55300000001054, 61.4689999999792, 58.999999999986414]}, "action_only": {"0.0": [93.10299999998738, 92.48799999999342, 91.54299999998895, 74.10299999998789, 86.8139999999915], "0.05": [87.86599999998816, 41.51900000001146, 83.14499999998328, 88.63999999998852, 90.89199999999522], "0.1": [70.07999999997847, 32.347000000017324, 84.77399999998072, 89.08499999998686, 66.0759999999902], "0.15": [50.492999999999036, 23.396000000014173, 87.37399999998546, 79.31999999997926, 75.22599999998722], "0.2": [15.404000000006633, 30.31200000001127, 90.73599999998643, 76.95599999998095, 73.5769999999814], "0.25": [32.41900000001844, 24.334000000007535, 87.64599999997883, 66.10299999998391, 64.69799999998392], "0.3": [22.808000000014875, 22.82500000001214, 86.79199999997977, 71.1549999999943, 59.323999999973275], "0.35": [35.91900000001196, 11.211999999996207, 80.19999999997789, 54.523999999981015, 65.7029999999822], "0.4": [33.065000000015814, 21.53000000000794, 82.69599999997916, 48.33499999999705, 59.662999999990895], "0.45": [35.485000000012654, 22.33400000000321, 77.19599999997884, 41.08600000001584, 48.64099999999007], "0.5": [47.15100000001266, 14.632000000009057, 74.054999999972, 45.46400000000649, 48.81199999999441]}, "goal_only": {"0.0": [92.64799999998512, 90.42599999998897, 92.71599999998554, 82.10099999998327, 91.36799999998819], "0.05": [91.34899999998639, 54.82699999999327, 81.9489999999783, 88.69699999998285, 64.05199999999071], "0.1": [91.89599999998538, 24.258000000010853, 89.23299999998783, 93.06299999998663, 74.91499999997656], "0.15": [90.28699999998663, 26.570000000014492, 88.37099999998782, 93.63099999998823, 69.92599999997299], "0.2": [90.61899999998936, 24.011000000023262, 90.53299999998882, 92.64499999998874, 64.43299999998133], "0.25": [88.77699999998777, 10.973999999998846, 93.0069999999868, 92.89199999998796, 75.4289999999859], "0.3": [88.33699999998858, -3.2800000000056455, 89.60199999998623, 89.61099999998447, 71.22499999998949], "0.35": [87.39999999998503, 0.9249999999941377, 89.5239999999838, 90.16899999998712, 69.61699999998757], "0.4": [84.30799999998308, 13.365000000015462, 90.59299999998316, 88.85799999998557, 69.08799999997052], "0.45": [75.9199999999848, -7.772000000004317, 89.95099999998256, 80.40199999997414, 55.94000000000091], "0.5": [73.5879999999898, -4.397000000003593, 89.4039999999814, 86.85499999998207, 64.23299999999011]}, "both_same": {"0.0": [92.41699999998654, 92.91599999999335, 93.83199999998872, 74.38499999997978, 89.39399999998764], "0.05": [90.88299999998621, 35.64700000001719, 91.11499999998854, 84.23199999998828, 58.517999999984816], "0.1": [68.04099999999768, 27.93000000001116, 90.9689999999876, 90.50999999998807, 74.58699999997494], "0.15": [48.40199999999143, 45.93299999999749, 91.82799999998642, 85.65499999998472, 66.11999999997994], "0.2": [49.09199999999476, 34.05700000001666, 87.8599999999803, 81.82999999998175, 72.22199999997255], "0.25": [37.382000000020255, 25.592000000013265, 87.09899999998127, 81.9339999999772, 80.49899999998335], "0.3": [37.124000000013694, 33.21100000001914, 82.65799999997522, 77.92899999997957, 76.51799999998316], "0.35": [52.728999999998415, 29.264000000011393, 81.82199999997103, 80.15299999996797, 64.1219999999825], "0.4": [43.97800000000727, 31.437000000014212, 73.82599999996924, 76.56199999997962, 60.89599999999498], "0.45": [43.2340000000119, 43.29000000000023, 73.48099999996857, 70.90299999997372, 56.58899999999501], "0.5": [33.91400000001719, 16.945000000017913, 50.682999999998074, 54.481999999976836, 43.90000000001087]}}