{"both": {"0.0": [81.02399999998343, 96.25299999999302, 95.83999999999246, 96.69799999999408, 67.31499999999552, 89.71899999999505, 94.37999999999394, 96.19999999999317, 95.75499999999234, 97.206999999995], "0.05": [90.9579999999908, 87.60099999998994, 44.559000000013455, 96.42199999999367, 88.99299999998674, 86.62199999999183, 96.88099999999461, 96.30199999999337, 95.59899999999203, 95.72699999999321], "0.1": [82.02499999998592, 80.72599999998525, 42.746000000007605, 96.07199999999258, 91.9249999999933, 86.55499999999482, 96.60599999999432, 96.43899999999356, 95.4259999999916, 85.23999999998739], "0.15": [68.99099999998116, 67.52299999999167, 62.778999999986, 92.75399999999134, 88.50999999999166, 72.82999999999855, 92.01599999999067, 92.1419999999928, 94.27499999998955, 78.71699999998295], "0.2": [67.2349999999791, 29.230000000012204, 85.70599999998893, 89.5669999999879, 80.58699999998278, 53.59400000000644, 95.89299999999237, 88.74199999999038, 92.3919999999884, 75.91499999999719], "0.25": [49.67699999998555, 24.1170000000047, 92.17199999998724, 74.58899999997267, 90.21999999998948, 54.936999999998626, 85.54799999998379, 91.16199999998949, 85.71399999998248, 72.02699999998532], "0.3": [47.732999999997766, 5.249999999999917, 91.56099999998507, 66.03199999998722, 89.26399999998323, 33.12100000001292, 91.60899999998763, 84.36199999998078, 86.03999999997954, 71.17599999997556], "0.35": [35.496000000023784, 16.601000000017397, 89.61099999998467, 31.515000000025864, 74.37999999997837, 16.851000000002735, 80.40799999998664, 80.14099999998274, 73.56399999997659, 67.8709999999833], "0.4": [17.72800000000905, 22.13900000002061, 83.61799999997494, 6.478999999996082, 58.188999999993136, 39.603000000011676, 78.1869999999787, 72.1619999999786, 47.60900000000554, 46.477000000007976], "0.45": [-1.8669999999994564, 11.970000000015512, 66.86599999997314, -24.79899999997706, 37.4820000000131, 39.89200000000928, 76.4799999999757, 73.54599999997544, 16.611999999998787, 38.59100000001577], "0.5": [-2.4970000000044097, 23.882000000018024, 59.83099999998697, -40.272999999968185, 26.435000000018704, 34.285000000015856, 64.59099999998789, 66.34199999998255, 3.69999999999877, 21.7000000000032]}, "action_only": {"0.0": [81.11699999998065, 96.16899999999313, 94.47599999999116, 96.77799999999422, 73.04099999999143, 91.1939999999902, 95.87299999999571, 96.1969999999931, 95.74399999999235, 97.21599999999502], "0.05": [89.78099999998486, 77.28499999999396, 36.289000000016024, 96.70099999999415, 90.44199999999054, 95.4889999999944, 95.64299999999317, 96.37199999999346, 95.72699999999222, 95.73099999999329], "0.1": [83.40899999998557, 75.20599999998528, 49.37000000000696, 95.90799999999274, 89.2569999999876, 93.83699999999315, 95.139999999994, 96.53199999999374, 93.80199999999022, 86.73399999998257], "0.15": [74.00999999998561, 64.67499999997831, 43.87800000000626, 91.80599999998934, 81.00799999999022, 62.709999999990096, 95.04299999999454, 96.65199999999385, 80.3679999999854, 65.43799999997614], "0.2": [66.8439999999769, 39.19400000001051, 63.60599999999019, 89.04999999998113, 81.76999999998746, 50.57799999998218, 95.83299999999235, 96.5109999999936, 81.50499999998408, 69.57199999999169], "0.25": [46.750999999999884, 6.99099999999819, 85.06499999998165, 70.66299999997334, 88.59399999998983, 49.08300000000279, 89.20999999999295, 95.86999999999243, 85.24799999998083, 51.025999999988564], "0.3": [40.3890000000108, 0.398999999995816, 76.55999999998635, 61.61699999996832, 82.66799999998024, 38.87300000001664, 80.75699999998866, 90.03599999998713, 76.32799999998787, 58.563999999993094], "0.35": [48.39100000000574, -3.558000000002884, 65.07799999998085, 28.329000000012392, 78.6659999999867, 38.69600000001321, 68.93899999998372, 87.22799999998783, 75.55399999997775, 44.87000000000055], "0.4": [30.261000000021795, -8.658000000004606, 53.34799999999368, -5.464000000004652, 51.6399999999898, 31.521000000014418, 65.79599999997664, 82.14399999998021, 38.81900000001211, 36.45800000000751], "0.45": [-4.963000000003466, -13.6489999999998, 52.36599999999533, -28.785999999978245, 40.90600000001636, 37.272000000008795, 54.17199999999925, 73.4799999999806, 21.980000000020503, 30.19400000000498], "0.5": [-14.045999999980317, -26.717999999974545, 33.067000000017515, -38.09699999996835, 26.77200000001305, 19.336000000011037, 49.084999999994686, 53.4599999999914, 13.330000000006905, 17.380000000016928]}, "goal_only": {"0.0": [82.89999999998392, 96.25399999999328, 95.89199999999269, 96.70099999999404, 68.70399999999684, 86.77799999999168, 97.27599999999504, 96.18299999999306, 95.77099999999238, 97.21899999999498], "0.05": [86.86199999998402, 96.29699999999295, 78.10099999998636, 96.73299999999414, 71.07099999998078, 91.18999999999194, 97.29399999999514, 96.15899999999309, 95.75299999999238, 97.22699999999499], "0.1": [78.91399999997907, 93.16299999998927, 72.4079999999812, 96.74399999999412, 75.42199999998493, 88.25599999998914, 96.97399999999521, 96.22899999999318, 95.64999999999216, 97.24499999999503], "0.15": [79.8199999999853, 88.6319999999868, 65.91499999999182, 96.76799999999417, 84.65799999998599, 86.73799999998859, 97.1969999999949, 93.28299999999226, 95.547999999992, 97.26199999999508], "0.2": [88.1709999999888, 91.44999999999035, 58.57299999998143, 96.75899999999416, 87.22099999998734, 86.72899999999339, 92.71599999998978, 96.11299999999268, 95.5299999999918, 97.25399999999505], "0.25": [90.69999999998456, 87.28699999998749, 62.44799999998235, 96.74099999999413, 78.25799999997942, 83.76699999998696, 89.39099999998851, 84.52499999998861, 95.53099999999213, 95.78699999999567], "0.3": [90.90299999998597, 80.02799999999539, 68.52399999999103, 96.4269999999931, 79.22399999998737, 86.68499999998953, 92.35599999998844, 88.78599999998947, 95.59699999999197, 91.3619999999882], "0.35": [91.01699999998723, 80.52299999998749, 74.49799999998237, 96.49599999999354, 82.71199999998733, 85.17099999999026, 90.95299999999015, 87.30799999998993, 95.48299999999192, 92.8589999999922], "0.4": [89.4769999999852, 68.75799999998478, 70.84899999998532, 95.17299999999233, 89.58799999998921, 86.62499999999125, 89.33099999999592, 85.71799999999256, 95.50099999999276, 75.09899999999044], "0.45": [89.53799999998307, 83.87699999999217, 78.50299999997792, 96.43399999999343, 79.70099999999087, 86.42999999999579, 95.49299999999528, 87.04499999999103, 94.95099999999218, 79.58199999998321], "0.5": [91.00899999998482, 75.75399999999131, 88.9339999999903, 95.9609999999928, 84.10199999998623, 89.19899999998758, 96.34799999999383, 78.3569999999882, 95.29799999999176, 70.59399999998017]}, "both_same": {"0.0": [85.57999999998076, 96.2299999999934, 94.36299999999339, 96.75299999999416, 67.27099999998408, 88.25199999998806, 97.28799999999512, 96.134999999993, 95.74199999999234, 97.227999999995], "0.05": [93.92699999998909, 80.03199999998925, 46.55300000000004, 96.34399999999351, 87.48199999998997, 92.51099999999167, 92.61399999999644, 96.3019999999934, 95.66699999999237, 95.71599999999489], "0.1": [86.29199999998588, 68.09999999998357, 51.24399999999963, 95.76499999999226, 87.54599999999006, 93.88199999999478, 96.71299999999424, 94.99199999999182, 95.15499999999196, 80.82099999998502], "0.15": [76.53799999999222, 63.21099999999147, 45.19600000001514, 92.87299999999172, 79.75599999998872, 79.98099999998884, 95.02499999999198, 93.66499999999058, 93.91299999999013, 84.69399999999361], "0.2": [70.6129999999841, 44.857000000014644, 82.74999999998384, 85.0229999999906, 80.3439999999805, 63.631999999989105, 90.16199999998629, 90.2559999999892, 91.09699999998845, 80.26599999998378], "0.25": [63.867999999979766, 18.812000000008943, 91.66199999998628, 75.23999999998387, 79.05299999998243, 47.38499999998972, 90.18999999998778, 89.95699999998789, 89.10299999998475, 70.34899999999017],