{"0.0": [95.84299999999237, 97.7699999999959, 94.83099999999098, 94.98799999999737, 96.63299999999461, 93.457999999995, 94.84499999999221, 90.14699999999331, 96.33899999999399, 97.90899999999614], "0.05": [81.38499999999286, 1.518999999999962, 25.856000000017605, 50.32099999999123, 41.773000000015244, 65.34799999999119, 2.906999999999274, -23.120999999979528, 58.1009999999882, 66.32899999998857], "0.1": [56.43899999999991, -7.056000000005732, 10.625000000001517, 14.278000000010868, 6.115999999997395, 61.41799999998866, -2.766000000006798, -13.371999999993127, 80.32399999998538, 56.840999999987986], "0.15": [44.458000000001604, 6.343999999995318, 44.91200000000099, 25.281000000013545, 6.320999999997017, 76.73299999998343, 30.108000000007845, 6.625000000001936, 87.63199999999286, 75.76499999998076], "0.2": [35.54700000001017, 49.008000000004074, 18.23200000002292, 57.43399999997138, -11.933000000001636, 70.42399999999164, 65.46499999997067, 14.3760000000066, 78.03199999998415, 74.47799999998215], "0.25": [29.995000000020138, 54.97999999997475, 10.650999999994085, 61.34699999997909, -30.576999999973562, 65.66899999997031, 72.30299999996966, 15.57100000000391, 63.02999999997938, 62.241999999967426], "0.3": [17.133000000009297, 42.36000000002272, 3.421999999994482, 66.00399999998352, -37.381999999971896, 63.350999999968536, 71.97299999997163, 8.074999999998646, 25.287000000012924, 27.91300000001797], "0.35": [17.181000000006282, 35.287000000022665, -7.517000000002699, 74.87299999997555, -42.91299999997626, 55.74399999999955, 68.34099999997001, 17.96100000001002, -0.6950000000019384, 15.565999999996926], "0.4": [17.51000000001047, 26.875000000016986, -8.581000000004389, 76.24399999997742, -33.78999999997332, 50.316000000003186, 44.792000000018014, -3.6930000000017897, -21.92899999997987, 15.904000000008962], "0.45": [-7.397000000008017, 18.74100000001584, -10.991999999998422, 67.11699999999045, -34.330999999969706, 41.14800000001356, 14.901000000005427, 1.891999999995767, -29.359999999979426, -8.438000000003507], "0.5": [-6.232000000004591, 16.731000000005352, -19.90699999998307, 67.55499999998452, -32.70099999997604, 46.18500000001505, -2.5990000000007227, 8.785999999996113, -28.49299999997531, 1.7389999999947081]}