{"both": {"0.0": [89.3899999999815, 91.0309999999958, 95.5099999999919, 93.63099999999169, 97.28799999999512, 88.9359999999888, 93.25999999999458, 96.21999999999375, 93.90999999999178, 97.66199999999564], "0.05": [88.87799999998153, 56.85199999998574, 79.99199999997805, 86.5489999999835, 16.843000000012324, 85.94599999998469, 77.93799999997303, 77.80199999997501, 71.91599999997868, 74.05699999998856], "0.1": [85.49499999998174, 40.47200000001511, 60.43699999999265, 79.07499999997796, -3.902000000004151, 91.99899999998851, 69.39799999996973, 85.38299999997933, 87.42099999998932, 26.486000000008616], "0.15": [91.02399999998548, 56.24299999999046, 61.22499999998353, 62.93399999998408, -20.97199999998521, 84.06399999998855, 49.12199999999172, 75.06599999999108, 86.78399999998575, 0.4419999999967616], "0.2": [91.96899999998715, 61.591999999973744, 55.25999999999259, 49.43299999999811, -40.07199999996928, 87.60299999998668, 57.16499999998302, 77.9109999999794, 70.98299999997627, -15.732999999992247], "0.25": [91.76699999998691, 70.74499999996291, 62.07199999999296, 40.18600000001164, -45.748999999990836, 83.69099999997984, 63.612999999971926, 79.37399999997712, 59.75199999999697, -30.17099999997824], "0.3": [89.42499999998414, 60.36799999998427, 46.848000000003566, 39.14700000001644, -50.00000000000659, 77.5969999999798, 59.2849999999919, 76.31099999997753, 34.07300000001621, -30.738999999973675], "0.35": [87.9859999999798, 57.31399999999034, 35.55300000001982, 30.24800000001848, -45.915999999990134, 57.68599999999076, 60.8829999999773, 58.58099999997261, 30.243000000016927, -28.000999999976802], "0.4": [79.63299999998095, 50.576000000000185, 31.56200000001942, 18.784000000005033, -48.621000000000656, 48.538000000001084, 57.22799999998593, 44.6600000000146, 15.358999999997124, -35.3439999999706], "0.45": [64.5409999999706, 37.157000000018506, 10.119999999996145, 25.074000000015058, -50.00000000000659, 22.546000000009535, 52.58499999999816, 53.03899999997724, 5.817999999999249, -43.4879999999858], "0.5": [52.53899999999622, 28.34500000001633, 10.760999999993894, 0.5969999999978297, -46.11399999999085, 15.295999999999568, 46.441999999985626, 34.406000000017826, 2.4809999999991046, -26.50999999998034]}, "action_only": {"0.0": [94.39099999999405, 85.87899999998575, 94.03499999999018, 90.46999999998927, 97.28999999999513, 87.43899999998695, 94.3149999999931, 95.73499999999214, 88.74499999998547, 97.69299999999573], "0.05": [84.93599999998754, 72.88999999998079, 93.87499999999137, 82.65199999998207, 66.64899999998993, 89.80699999998802, 71.93099999998371, 79.35499999998493, 76.89099999998885, 82.56899999998552], "0.1": [81.81599999998807, 31.50200000001407, 85.83699999998757, 73.61399999998108, 53.576999999987045, 85.13299999998414, 55.82799999997656, 73.33599999998512, 77.00699999998294, 50.32600000000618], "0.15": [79.43799999998627, 42.60100000001652, 70.78999999998813, 65.1089999999844, 16.593000000008054, 90.0619999999888, 41.415000000015155, 50.02799999999824, 77.34499999997935, 30.825000000006376], "0.2": [85.2409999999784, 50.69099999999492, 71.94299999998238, 50.226000000005826, -10.930000000005894, 87.73899999998474, 38.18700000001449, 49.28000000001148, 78.73799999997874, 17.55200000000347], "0.25": [87.92199999998658, 48.263000000006286, 68.00299999998462, 33.36700000001578, -29.83299999997565, 84.88499999998295, 29.086000000015428, 55.15399999998974, 80.75899999997924, 4.069999999997915], "0.3": [88.20199999998582, 50.637999999995216, 58.186999999995685, 11.441000000002616, -39.995999999972426, 74.19499999998224, 21.814000000023547, 53.6489999999888, 69.83699999999106, -9.176000000003294], "0.35": [87.8009999999786, 47.12299999998803, 58.147999999989835, 4.981999999997234, -48.54500000000152, 79.19999999998326, 35.95100000001404, 55.65599999999926, 56.080999999985785, -20.769999999977514], "0.4": [85.8179999999765, 28.938000000021038, 35.19500000002186, 6.885999999994123, -44.230999999982195, 63.602999999988924, 39.697000000013055, 46.98099999999418, 44.79600000000559, -24.38499999998173], "0.45": [81.47199999997973, 23.950000000018218, 30.715000000021583, -4.945000000003042, -47.15999999999443, 44.11900000000658, 32.61400000001162, 31.455000000019638, 41.491000000018296, -29.557999999977714], "0.5": [79.40299999997289, 32.46000000001854, 9.788999999996529, 2.4339999999977464, -50.00000000000659, 43.697000000011066, 33.17900000002368, 36.82300000001351, 23.831000000008398, -41.961999999976435]}, "goal_only": {"0.0": [92.3719999999894, 85.46999999999102, 91.20799999998945, 88.62299999998918, 97.29299999999513, 89.16599999999083, 93.25999999999462, 95.20699999999235, 91.42099999998705, 97.66899999999569], "0.05": [90.9879999999876, 81.85599999998831, 75.61899999998116, 93.24799999998935, 40.185000000013936, 81.00499999998256, 90.07899999998965, 85.18599999998301, 80.22999999998096, 80.17999999998439], "0.1": [92.96199999998922, 87.66099999998383, 60.06999999997841, 88.55699999998802, 9.359000000005553, 90.3969999999892, 84.09899999998439, 85.02199999998356, 75.40499999998728, 65.95599999999075], "0.15": [92.08299999998599, 71.91299999999356, 40.57800000001587, 81.57799999998862, 12.740000000002363, 88.38299999998337, 69.82499999998501, 90.00599999998921, 72.50799999998469, 55.664999999993626], "0.2": [89.62299999998245, 76.14399999997991, 38.89300000001532, 85.23299999998753, 19.517000000006284, 85.64799999998493, 65.90699999997885, 85.62899999998612, 76.20799999997844, 32.59200000001866], "0.25": [91.20299999998635, 77.12699999998308, 44.55700000000927, 81.05899999999053, -15.28799999998305, 90.62399999998506, 68.25899999997482, 87.27799999998282, 76.49299999997787, 25.866000000007745], "0.3": [93.77199999999033, 80.45299999998124, 46.588000000003234, 69.95199999998228, -11.35500000000211, 92.02599999998644, 72.10099999998766, 89.18499999997944, 76.52999999998278, 17.714000000009065], "0.35": [94.00899999998963, 89.01199999998352, 38.07200000001667, 68.77299999997854, -15.699999999988233, 91.04899999998852, 72.16699999998683, 86.5089999999819, 69.1929999999871, 9.397000000004372], "0.4": [94.4779999999906, 85.22299999998295, 41.16300000001529, 66.87299999998386, -30.11099999997181, 93.4709999999884, 73.9429999999815, 88.9059999999782, 64.95399999998541, -9.495000000005277], "0.45": [93.2209999999885, 84.72299999997841, 36.1600000000155, 63.86999999999032, -31.672999999975815, 90.67599999998812, 73.48699999997108, 86.75899999997851, 67.64599999998713, -0.3420000000052488], "0.5": [93.3639999999871, 87.57999999997985, 33.21600000001821, 62.77999999998112, -32.05299999997566, 91.96599999998854, 72.3249999999844, 88.35599999998053, 59.47999999998657, 2.598999999997897]}, "both_same": {"0.0": [94.86599999999088, 88.42999999999132, 94.05499999999216, 94.34899999998899, 97.28899999999513, 88.77599999998525, 91.79199999999584, 94.92499999999083, 93.61199999998652, 97.68699999999573], "0.05": [85.45999999997899, 64.01299999999186, 77.066999999975, 80.32099999998096, 30.06500000001823, 90.35099999999068, 71.52199999998112, 83.48799999998411, 75.53299999998693, 74.29399999998867], "0.1": [88.85499999997973, 46.54200000000913, 77.43799999997488, 85.39499999998716, 9.493999999995733, 93.44199999998895, 71.6459999999795, 85.40099999998509, 72.93299999998575, 30.2130000000189], "0.15": [91.8309999999903, 32.0420000000137, 60.34999999998712, 64.54599999998977, -3.8930000000047005, 87.08299999998991, 60.22299999998219, 85.61599999998134, 79.7009999999785, 1.8079999999971406], "0.2": [92.06999999998621, 52.93399999999815, 60.574999999971105, 51.264999999998416, -37.13299999997127, 89.38499999998452, 61.09599999997557, 80.77199999998125, 70.41099999998478, -13.23099999998593], "0.25": [90.61999999998358, 51.983999999986466, 47.43300000000938, 34.243000000016856, -44.364999999989315, 82.14399999997903, 66.58799999996405, 76.39099999996927, 60.93099999997749, -23.049999999981807],