{"0.0": [95.6489999999922, 96.47699999999367, 94.08999999999124, 86.49399999998349, 96.45399999999363, 92.31899999999034, 96.9649999999945, 96.2579999999933, 94.01399999998942, 97.69099999999578], "0.05": [91.41799999998848, 95.39899999999152, 76.23899999998632, 93.69899999998911, 96.12499999999316, 84.95899999998794, 93.45599999999004, 87.20399999999167, 79.71499999998295, 90.1969999999912], "0.1": [79.5459999999889, 94.58099999999062, 77.31799999998296, 94.08699999998953, 96.1749999999929, 78.6459999999869, 79.29899999998185, 86.57999999998412, 63.69599999998767, 94.14899999999152], "0.15": [67.44699999999224, 94.64199999999066, 88.55699999998416, 84.0439999999823, 95.85399999999298, 79.17999999999199, 82.29199999997918, 93.15799999999139, 51.436999999997596, 96.88499999999426], "0.2": [53.96699999999896, 93.59499999998852, 89.45299999998777, 53.515999999987486, 92.37599999998844, 79.54099999998219, 92.02199999998551, 89.39799999998408, 58.12499999999178, 96.23599999999327], "0.25": [51.01399999999653, 91.47899999998447, 94.30799999999033, 30.439000000013202, 83.86599999998843, 79.24899999998584, 89.69899999998151, 88.15799999998261, 85.66399999997984, 95.23399999999172], "0.3": [69.23199999999053, 87.08299999997669, 92.63899999998759, 43.87699999999261, 76.59799999998458, 71.13899999998225, 83.51099999997787, 77.74999999997848, 87.97499999998075, 94.10799999999004], "0.35": [82.98899999997639, 80.44999999997003, 89.08699999998272, 82.07299999997738, 68.96799999997076, 68.73599999998007, 75.65799999997664, 56.22599999998374, 83.2219999999783, 91.61599999998428], "0.4": [80.90599999997556, 59.30899999998187, 84.0659999999778, 86.50799999997967, 64.941999999976, 60.45499999997524, 60.675999999975005, -0.47899999999974324, 76.29399999997729, 91.05699999998623], "0.45": [70.97099999997243, 25.293000000023735, 71.43599999998125, 81.27399999997114, 56.56499999999839, 51.49399999999159, 40.68100000001754, -27.89299999997857, 69.26599999997755, 89.13599999998286], "0.5": [51.502999999993754, 10.579999999994666, 45.10200000000637, 73.74099999997136, 54.775999999985814, 44.557999999995246, 20.20800000001684, -39.894999999969436, 71.98199999997432, 88.11199999998034]}