{"0.0": [95.66599999999225, 97.7729999999959, 93.48999999999256, 95.0399999999952, 96.18199999999344, 88.92399999999188, 96.05999999999338, 96.27299999999408, 97.94799999999623, 97.89899999999612], "0.05": [94.15699999999391, 87.96399999999139, -0.04300000000190224, 74.39099999998434, 88.38099999999355, 72.37899999998751, 59.20299999997924, 32.38500000001325, 50.400999999993225, 83.33799999998692], "0.1": [90.3659999999916, 44.918999999992344, -37.108999999969875, 35.38900000001259, 59.632999999983625, 83.30399999998625, 25.178000000014652, -28.360999999976134, 57.50599999999342, 57.81199999999023], "0.15": [65.51799999997598, -25.107999999974997, -31.510999999976224, 16.97600000000385, 44.26900000001429, 79.41799999998062, 10.387999999998184, -41.36999999997201, 50.63300000000326, 54.34699999998546], "0.2": [58.963999999999224, -33.155999999974604, -37.63099999997081, 21.516000000009452, 42.18300000001195, 74.10099999998847, 16.825999999998412, -48.606000000000606, 38.09300000001077, 66.31499999998633], "0.25": [52.16499999999124, -38.06599999997076, -39.903999999970345, -4.435000000001663, 18.599000000001322, 74.02599999998571, -0.9600000000031972, -45.66999999998897, 42.63100000001185, 39.54100000001701], "0.3": [51.61099999999087, -25.1269999999718, -41.03099999996851, -17.235999999988152, 2.463999999996356, 75.7169999999799, -13.740999999993877, -45.06099999998498, 38.94900000001465, 17.955000000014902], "0.35": [48.7740000000097, -13.52799999999643, -48.77500000000236, 2.3640000000003965, -19.17599999998438, 74.07099999998528, -14.704999999993543, -47.35299999999627, 36.72800000001857, 22.408000000014773], "0.4": [45.23300000000733, -14.712999999994093, -43.9529999999822, 1.4049999999992508, -39.12699999996923, 63.12299999998617, -9.354999999998222, -43.829999999985276, 10.097000000000588, -6.077000000004682], "0.45": [41.80700000001365, -7.175000000003737, -46.35399999999305, -2.213000000006948, -44.468999999983964, 61.50099999998384, -9.735000000003275, -46.09199999999148, 6.753999999994863, -11.761000000004225], "0.5": [28.95700000001814, -0.7419999999989446, -48.892000000001644, 17.332000000001056, -43.333999999977785, 51.637999999993674, -13.365000000002897, -46.05199999998949, 3.8819999999949575, -7.299000000001923]}