{"both": {"0.0": [[1.0, 94.66241769660351], [1.0, 94.49890803578818], [1.0, 94.21759726717448], [1.0, 93.93151428631376], [0.9986344537815126, 93.79363723743808], [1.0, 93.74949881514212], [1.0, 92.92431967307031], [1.0, 92.85140172692365], [1.0, 92.80446520032241], [0.9929834610152503, 86.47847338624172]], "0.1": [[1.0, 94.48841670871661], [0.9998767714109673, 94.5036777771266], [1.0, 94.30127150350036], [1.0, 93.9164779261913], [0.9978490218170645, 93.72684496079019], [1.0, 93.95246481509028], [1.0, 92.70021707010595], [1.0, 92.52226943764565], [1.0, 93.63027118117394], [0.9896449704142012, 89.7607602297828]], "0.2": [[1.0, 93.90771487788429], [1.0, 94.10407799625635], [1.0, 94.18212335832168], [1.0, 93.91461321220442], [0.9980866062437059, 93.77654736587294], [1.0, 93.8281704263872], [1.0, 91.76394980665555], [1.0, 92.34405920898467], [1.0, 93.67145021770581], [0.9935842600513259, 86.50279344939257]], "0.30000000000000004": [[1.0, 93.66214450441468], [0.9998940677966102, 94.06488429068746], [1.0, 93.74736600938645], [1.0, 92.20182846903343], [0.9968830216354969, 92.2981138708716], [1.0, 93.615912176508], [0.999933532735128, 81.42571456912476], [1.0, 89.86804625577153], [1.0, 93.38520357395366], [0.9913302815924538, 84.27056895699245]], "0.4": [[1.0, 93.2669694260231], [0.999731255038968, 92.28729497607723], [1.0, 93.00418447580336], [1.0, 92.71204746803], [0.9966990810955482, 93.23164339638977], [1.0, 91.82294546857865], [1.0, 82.35712183475167], [1.0, 91.26993526786917], [1.0, 92.42530594500394], [0.9933856120013638, 81.08634956903197]], "0.5": [[1.0, 92.54364351237584], [0.9998258598171528, 93.1192270207674], [0.9999228395061729, 91.89015161605543], [0.9998537904817604, 90.79794074745959], [0.9967678360268033, 86.60305392904147], [1.0, 89.42721931623706], [1.0, 79.14049020923713], [1.0, 87.75873030712746], [1.0, 88.54589415816852], [0.9924582276835057, 80.42553585497846]], "0.6000000000000001": [[1.0, 90.70455261632398], [0.9999263839811543, 91.97263274215459], [1.0, 87.31359369221447], [0.9996443559285867, 88.56926585662386], [0.9974879940893978, 92.03699762492583], [1.0, 86.811975745358], [1.0, 81.93253845694093], [1.0, 87.09068992231829], [1.0, 86.98636833433515], [0.9903348928835263, 67.7092539001267]], "0.7000000000000001": [[1.0, 88.97609643611446], [0.9993810604497627, 84.47835129609187], [0.9999320328960783, 85.78247415892606], [0.9992863167456043, 77.70145797247571], [0.9961417046650298, 87.59171437890393], [1.0, 76.12569350334725], [1.0, 72.73373118469041], [0.9999286529680366, 88.86173021479512], [1.0, 84.85552229416166], [0.9924970546288833, 68.63339467170465]], "0.8": [[1.0, 84.23159737095219], [0.999806538982395, 73.89354109041396], [0.9998035620743845, 79.45274824048374], [0.9994204391783116, 75.58361721451347], [0.9956754663396372, 80.76183975181293], [1.0, 80.01742275197233], [0.9997544053539633, 68.54721604040792], [0.9996638655462184, 78.29414839569935], [1.0, 76.23519358573739], [0.9884491351509821, 63.796301275623435]], "0.9": [[0.9993824195429905, 79.27672659334807], [0.999422595752871, 77.8177759398271], [0.9996143711035413, 80.32198128230141], [0.9992108777467524, 68.94530479598457], [0.9958566137233976, 74.48541582617646], [1.0, 72.66973830738502], [0.9998194945848375, 71.2733904756339], [0.9991960337665818, 78.26761844833229], [0.9996816300541229, 84.27378786483806], [0.9914797426534516, 58.526361566085654]], "1.0": [[0.9989865078862356, 66.3058761217196], [0.9988399071925754, 69.29642412479352], [0.9997520148791073, 72.97710583869858], [0.9984599273085689, 71.13265309132328], [0.9954413593037712, 59.85362476092192], [1.0, 63.54323529730293], [0.9997723910322067, 55.853589085030855], [0.9996171271775892, 74.7386092885098], [0.999582662612532, 60.644354257215284], [0.9871328832727483, 65.32657378781164]]}, "action_only": {"0.0": [[1.0, 94.57503560395942], [1.0, 94.53292609917946], [1.0, 93.99038579921255], [1.0, 94.11045655855938], [0.9977279768666736, 93.7459444319039], [1.0, 93.918544581919], [1.0, 92.95279710370728], [1.0, 92.81365567776662], [1.0, 93.48380842815791], [0.9916564770193483, 87.62760277857686]], "0.1": [[1.0, 94.62996640243769], [1.0, 94.50336437512364], [1.0, 94.13195304919465], [1.0, 93.96568547029585], [0.9986507524649715, 93.7234212913673], [1.0, 93.9387038966937], [1.0, 92.70266586327521], [1.0, 92.38104354461028], [1.0, 93.83636386956519], [0.9879242586638085, 84.48432131537476]], "0.2": [[1.0, 94.6357841678186], [1.0, 94.70254432701216], [1.0, 94.2558052688225], [1.0, 94.23620115483008], [0.9990025490413388, 93.97016811443739], [1.0, 93.92294117700594], [1.0, 93.9615465764528], [1.0, 92.65850686693184], [1.0, 93.7122672205277], [0.9926051911558086, 87.74279525238951]], "0.30000000000000004": [[1.0, 94.65341750273674], [1.0, 94.58188274749831], [1.0, 94.2794088489638], [1.0, 94.24027833361059], [0.9978665041145992, 93.64307461794525], [1.0, 93.9548241956191], [1.0, 93.86976805240833], [1.0, 92.68263664450548], [1.0, 93.49779460682753], [0.9951602258561267, 86.6784343736694]], "0.4": [[1.0, 94.59695179426367], [1.0, 94.57701197704174], [1.0, 94.44006290575219], [1.0, 94.16951993417693], [0.9976890756302521, 93.75223701047257], [1.0, 93.85714970584769], [1.0, 93.90340335083317], [1.0, 92.29817938477176], [1.0, 93.97817329611209], [0.9947761735471232, 86.78196766612777]], "0.5": [[1.0, 94.59185316537497], [1.0, 94.58635690252119], [1.0, 94.01141303886527], [1.0, 94.01316402960676], [0.9967650626769107, 93.61763053124503], [1.0, 93.65669139087647], [1.0, 93.9368151895764], [1.0, 92.12564535113681], [1.0, 94.02238849087675], [0.991218441273326, 88.56739166489038]], "0.6000000000000001": [[1.0, 94.617578405858], [1.0, 94.4193650704413], [1.0, 94.04337637958653], [1.0, 93.84181967163518], [0.9966742880897942, 93.70013454947258], [1.0, 93.94674918344742], [0.9992906124379286, 94.17807203752233], [1.0, 92.95484538807457], [1.0, 92.96087311626279], [0.9914905891685296, 86.45254443286868]], "0.7000000000000001": [[1.0, 94.65865095295378], [1.0, 94.53429656635048], [1.0, 94.11609606712234], [1.0, 94.22628966072162], [0.9947745901639344, 93.68176220623698], [1.0, 93.8851587026118], [0.9991770778783572, 93.82797326815465], [1.0, 92.66229742461358], [1.0, 93.7666497619498], [0.9919899132240599, 88.74908088110975]], "0.8": [[1.0, 94.63044896885081], [1.0, 94.57834654710878], [0.9997923803591819, 93.96744835311424], [0.9998042478222571, 93.96408431622923], [0.9942102590147283, 93.71740172583033], [1.0, 93.95759526620117], [0.998574144486692, 94.09191703534242], [1.0, 92.5726072907056], [1.0, 93.6223146777811], [0.9895772594752187, 88.65020087920264]], "0.9": [[1.0, 94.58028825330193], [1.0, 94.59615083995745], [0.9995735153001386, 94.12508831047523], [0.9993709373034179, 94.41694727068568], [0.993933265925177, 93.62050760091753], [1.0, 93.82631217054751], [0.9976192304738499, 92.95363465696977], [0.9997951239500102, 92.8304539151566], [1.0, 93.79791982928022], [0.9883905393712143, 85.49505363405525]], "1.0": [[1.0, 94.62289042354773], [1.0, 94.51692441025094], [1.0, 94.0591812644267], [0.9989676886548983, 94.28447022029664], [0.9941666666666666, 93.79661164987911], [1.0, 94.02268817384754], [0.99631732392205, 93.9382075919712], [0.9995945672004866, 92.73411250764053], [0.9999196270696029, 93.48562448175002], [0.9865259855992016, 84.35182994825742]]}, "goal_only": {"0.0": [[1.0, 94.63939393486548], [1.0, 94.51131220571227], [1.0, 94.31225023566712], [1.0, 93.78107024763135], [0.9981406879454602, 93.7114666982109], [1.0, 93.82900787121058], [1.0, 94.03294301329615], [1.0, 92.59696158751984], [1.0, 93.98306822454906], [0.993456614509246, 84.56341115762771]], "0.1": [[1.0, 94.39138272083048], [1.0, 94.49022096363184], [1.0, 94.23266746463294], [1.0, 93.75926816950806], [0.9981028457314028, 93.56394649423696], [1.0, 93.73577590380883], [1.0, 92.82856416419727], [1.0, 92.59469358217794], [1.0, 93.76988839087619], [0.9903597122302158, 87.6210357814153]],