{"both": {"0.0": [96.08399999999614, 94.9889999999941, 90.22199999999386, 94.02499999999256, 93.34699999999059, 97.91799999999616, 94.72399999999153, 92.43599999998762, 97.40799999999527, 87.04199999998795], "0.05": [54.63299999997765, 75.02999999997843, 52.128999999996125, 63.17699999999191, 70.88199999997958, 78.06599999998595, 46.34100000000456, 76.33299999998113, 24.45000000001664, 13.343999999997573], "0.1": [21.34400000000409, 23.9320000000062, -22.073999999986764, 40.63700000001298, 38.86900000001559, 26.75200000000944, -7.668000000005829, 45.12199999999874, 29.76000000000804, 0.28300000000003167], "0.15": [6.816999999997348, 19.473000000014675, -39.68199999997077, 29.755000000013926, -1.8939999999999575, 1.459999999998727, -18.923999999986066, 17.00600000001842, 16.72600000001088, -12.677999999990929], "0.2": [6.462999999994135, -6.894000000005045, -42.63699999997525, 20.04900000001754, -10.769000000005464, -7.460999999998416, -5.589000000003203, -0.7010000000054393, 22.73400000001216, -20.445999999979755], "0.25": [-9.73700000000627, -4.535000000001999, -40.20599999996916, -2.237000000005434, -18.650999999981444, -20.267999999985076, -3.7539999999997917, 11.792000000005533, 9.340999999998324, -0.2320000000020349], "0.3": [-5.879000000006275, -24.48199999998407, -47.11399999999426, -11.961000000004438, -23.172999999973737, -27.22699999997164, -6.781000000001414, -10.267000000000653, -3.202000000003446, 3.484999999994599], "0.35": [-9.947000000004246, -29.175999999974984, -42.80399999997813, -25.1249999999779, -22.68299999998268, -30.352999999973004, 4.697999999994514, -3.1300000000048493, -16.87399999999673, -0.1350000000017902], "0.4": [-16.25599999998524, -36.1399999999707, -43.63099999997887, -24.908999999973744, -31.101999999975618, -20.65299999998605, -9.48700000000279, -7.43800000000532, -25.749999999982947, -8.508000000008373], "0.45": [-14.00899999999274, -28.452999999976495, -45.047999999987205, -27.59099999997313, -31.74999999997553, -26.920999999975976, -19.57599999999145, -8.786999999989611, -30.164999999976068, 15.558999999999747], "0.5": [-7.126000000007192, -36.67299999997146, -37.97999999997272, -28.14599999997764, -29.152999999979155, -32.42499999996964, -14.331000000001511, -14.273999999991757, -39.13899999996922, 5.140999999997092]}, "both_same": {"0.0": [97.57299999999546, 96.47999999999357, 91.52299999999053, 92.01399999999263, 93.25799999999285, 97.90999999999613, 95.1079999999925, 93.080999999988, 97.42799999999528, 87.89999999998808], "0.05": [58.13899999998972, 67.87999999998509, 36.21200000001134, 67.04599999997735, 61.64999999999278, 79.5679999999863, 47.72999999999717, 79.82699999998766, 32.79000000001045, 14.104000000007186], "0.1": [24.345000000014526, 42.49700000000872, -11.94599999998075, 25.403000000016526, 34.3800000000143, 35.50500000000585, -6.197000000001796, 35.04600000001182, 29.134000000017412, 1.1539999999959465], "0.15": [4.95999999999723, 22.22100000001051, -34.01799999997514, 12.689000000001062, 9.537999999996135, -11.035000000005775, 5.91999999999434, 11.614999999998256, 15.903000000006891, -8.800000000008364], "0.2": [12.969000000003911, -5.869000000003866, -38.291999999973164, -8.409000000003937, -18.062999999991572, -10.17099999999857, -7.502000000005094, 13.132999999997942, 31.145000000016804, 0.3269999999979478], "0.25": [0.8430000000009596, -3.350000000000797, -45.67299999998925, -18.15699999999235, -31.31499999997719, -27.21099999997706, 2.816999999997165, 17.53300000001302, 18.58800000001797, -7.875000000007634], "0.3": [-4.326000000002978, -31.44199999997253, -44.128999999986135, -16.853999999985707, -33.02899999997404, -18.948999999980394, 8.60099999999838, -11.275000000006573, -3.7660000000058744, 4.483999999995462], "0.35": [-16.599999999985503, -22.155999999975176, -37.16599999997096, -14.242999999990438, -33.85099999997289, -30.183999999973963, 8.195999999996744, -18.227999999981872, -20.301999999977507, -5.1680000000077095], "0.4": [-22.76899999997745, -28.22099999998011, -44.692999999983805, -11.55800000000229, -28.594999999973396, -25.21499999998326, -15.918999999989671, -14.962999999999314, -18.226999999981516, 4.941999999997174], "0.45": [-10.676999999989896, -34.813999999972154, -41.89899999997277, -18.727999999984416, -35.24299999997344, -29.654999999979218, -20.69399999998202, -5.690000000003837, -35.14799999997028, 18.407000000014527], "0.5": [-12.314999999977381, -36.72499999997301, -42.813999999975856, -32.56599999997657, -37.13799999997008, -36.15199999997081, -24.600999999981283, -13.18699999999281, -38.93299999997168, 9.850999999997534]}, "action_only": {"0.0": [97.55199999999559, 95.02399999999426, 88.42499999999315, 91.22499999998898, 94.52899999999232, 97.94999999999622, 96.29799999999365, 92.70099999998776, 97.45699999999542, 86.45999999998759], "0.05": [58.39399999998928, 73.78799999998772, 49.82099999999095, 67.64499999997732, 64.9809999999908, 88.37799999999085, 80.05999999998333, 80.9259999999861, 95.7689999999925, 8.61999999999682], "0.1": [31.574000000014788, 23.195000000014048, -20.72899999998497, 63.74900000000103, 38.01400000001474, 29.789000000017335, 39.28200000001312, 20.00200000000898, 68.34499999998671, -6.455000000006684], "0.15": [10.41899999999461, 19.065000000013985, -39.826999999968365, 31.22800000001105, -8.926000000002071, -1.3949999999993559, 9.163000000001434, -8.758000000001372, 54.8749999999978, -6.948000000007684], "0.2": [1.6539999999997657, 5.96499999999431, -42.638999999977166, 13.03899999999989, -25.230999999980863, -18.83499999998149, 1.9589999999998122, -7.603000000005781, 50.25800000000432, -18.32299999999278], "0.25": [-19.015999999982988, -8.760000000006547, -43.1489999999838, 6.159999999994673, -25.599999999978436, -30.113999999975434, 2.7199999999967837, -8.570000000002803, 39.869000000011944, -14.884999999998092], "0.3": [-11.697000000003765, -24.449999999977248, -47.08099999999415, -11.979999999993675, -25.73799999998747, -37.17099999997152, -8.065000000003101, -11.660000000003299, 5.665999999998886, -12.913000000002542], "0.35": [-15.909999999977366, -25.98399999997527, -47.07899999999468, -4.7180000000016005, -31.949999999972697, -28.562999999980402, 5.517999999998402, -15.863999999991155, -19.85699999997464, -3.3549999999990034], "0.4": [-24.343999999974503, -35.098999999971056, -42.24999999997578, -20.087999999982316, -28.17599999997718, -34.364999999975424, -4.914000000003052, -6.41000000000771, -29.375999999976948, -15.362999999992864], "0.45": [-30.317999999973736, -37.86099999996927, -45.30799999998701, -23.189999999983343, -34.64599999997077, -32.10799999996993, -7.6940000000057225, -10.402000000003131, -25.217999999981078, -8.711000000003132], "0.5": [-37.049999999969295, -39.62899999996952, -43.00899999997967, -38.52799999996795, -39.33699999997131, -31.290999999978645, -25.03299999997331, -10.770000000001598, -39.0879999999704, -5.370000000001742]}, "goal_only": {"0.0": [97.50399999999556, 95.05299999999217, 88.53099999998905, 94.67299999998919, 91.87299999998854, 97.88199999999604, 95.31299999999217, 92.50599999998596, 97.47099999999551, 90.48299999999139], "0.05": [97.415999999995, 96.53299999999379, 81.07999999999053, 87.45999999998965, 84.25799999999312, 97.92899999999618, 50.9700000000013, 91.69499999998517, 17.275000000006713, 87.93299999998979], "0.1": [94.1739999999933, 96.60599999999386, 85.5439999999835, 61.245999999989984, 90.67799999999616, 97.92199999999619, 34.71000000001079, 80.29499999998352, 12.296000000006854, 89.7849999999884], "0.15": [89.2259999999929, 95.12499999999193, 70.73499999998194, 46.6000000000051, 74.61099999999416, 96.45599999999678, 4.077999999998277, 78.24499999997869, 3.4089999999968255, 92.99899999999408], "0.2": [90.12499999999409, 94.8039999999921, 78.03699999998601, 66.54999999998795, 64.53999999999199, 94.79999999999447, 8.129999999995787, 74.21899999998074, 16.256000000014026, 78.86899999998677],