{"both": {"0.0": [94.51999999999411, 87.86099999998967, 94.68799999999457, 97.85799999999603, 96.187999999994], "0.05": [77.73399999999089, 18.52800000000326, 85.08399999998132, 85.43899999998497, 56.00399999998277], "0.1": [62.49999999999135, 8.384999999997586, 79.18999999998522, 73.28199999998044, 52.31899999998814], "0.15": [64.97399999999148, 2.2269999999981445, 78.49499999998652, 62.248999999976874, 52.656999999981544], "0.2": [48.31499999999807, -8.079000000006069, 81.55699999998232, 53.37499999999752, 47.77500000000174], "0.25": [12.52299999999834, -29.808999999977168, 65.760999999974, 28.01900000001038, 32.07700000002334], "0.3": [-0.6109999999991379, -26.73699999997784, 45.11800000001087, 12.801000000005542, 27.57900000001563], "0.35": [-13.03800000000245, -31.33599999997336, 10.566999999991904, 1.9070000000003509, 20.259000000014645], "0.4": [-19.677999999987172, -35.671999999969586, 2.198999999995465, 0.3749999999995863, 6.655999999996588], "0.45": [-22.515999999976557, -37.993999999971855, -0.8820000000009628, -16.232999999983637, 13.763000000003421], "0.5": [-23.790999999986585, -41.08099999996774, -0.8850000000001097, -18.87699999998581, -4.220000000005752]}, "action_only": {"0.0": [96.03099999999391, 92.34099999998766, 94.68999999999454, 97.86199999999606, 97.66399999999571], "0.05": [77.5119999999846, 10.818999999998814, 83.88699999998595, 93.28199999999353, 57.04399999997311], "0.1": [73.84899999997789, 11.324000000007302, 79.42199999998529, 90.39899999998755, 61.019999999989295], "0.15": [54.39599999998985, 7.674999999993611, 73.54199999998376, 65.47399999997893, 48.516999999992976], "0.2": [44.23100000000369, -2.761000000001606, 76.35499999997819, 39.38200000001894, 52.45199999999775], "0.25": [32.61500000002243, -17.065999999985884, 69.30099999998907, 5.648999999998402, 26.549000000013567], "0.3": [2.1159999999987322, -14.445999999990159, 44.63800000001339, -7.584000000005559, 5.600999999999053], "0.35": [-14.945000000000137, -34.75299999997355, 26.645000000014583, -24.01899999997655, 5.521999999996938], "0.4": [-27.69299999997554, -43.2259999999774, 6.745999999993341, -24.269999999979053, -21.434999999990758], "0.45": [-25.040999999978858, -40.476999999971184, 2.9919999999979634, -22.635999999977116, -31.249999999979313], "0.5": [-27.306999999979066, -44.65999999998488, -8.47800000000474, -28.638999999971407, -27.55699999997569]}, "goal_only": {"0.0": [97.48999999999606, 92.57099999998736, 97.63699999999564, 97.85799999999607, 97.67399999999571], "0.05": [91.30599999999794, 89.137999999989, 96.1629999999963, 89.68599999998553, 97.68699999999579], "0.1": [81.75099999999196, 86.4759999999864, 96.08899999999618, 88.99399999999258, 97.61999999999561], "0.15": [71.89499999997756, 68.9559999999841, 94.50599999999659, 93.9059999999913, 91.68299999999104], "0.2": [81.89899999998096, 51.01599999999133, 97.09799999999494, 96.0809999999939, 85.59399999999269], "0.25": [76.84999999998966, 34.939000000014445, 89.48199999999594, 96.95699999999391, 80.26899999998587], "0.3": [77.25799999998907, 40.4490000000168, 91.4759999999881, 93.58799999998955, 66.79399999997987], "0.35": [73.86299999997289, 32.03000000001023, 96.23199999999356, 93.81999999998936, 80.16999999998733], "0.4": [74.97599999998678, 49.59699999998716, 96.07899999999302, 94.16599999999129, 82.3799999999879], "0.45": [72.03799999997823, 45.65700000000616, 95.39599999999102, 93.47799999998813, 82.38399999998292], "0.5": [69.99199999998356, 45.86500000000504, 95.1909999999909, 90.40899999998601, 87.68699999998445]}, "both_same": {"0.0": [95.85899999999512, 92.49999999998747, 96.1499999999939, 97.85999999999603, 97.66499999999569], "0.05": [69.76699999998402, 36.53200000001549, 87.51499999999245, 91.37199999998839, 53.85700000000113], "0.1": [55.15299999999188, 11.3809999999961, 84.79299999998233, 76.96799999997437, 63.12599999998738], "0.15": [48.93500000000657, -0.296000000001824, 78.49899999998844, 62.940999999978, 49.22899999999972], "0.2": [31.406000000013943, -20.264999999992277, 81.39899999998056, 49.380999999997414, 48.41600000000588], "0.25": [13.855999999995424, -26.395999999981893, 65.74799999998028, 46.444999999999276, 30.243000000013318], "0.3": [15.421000000000479, -28.698999999971665, 51.077999999995754, 23.95900000001548, 24.562000000020248], "0.35": [7.552000000005685, -30.66799999997565, 36.45400000001939, 23.235000000017063, 20.59900000001025], "0.4": [-10.321000000004597, -27.3279999999785, 12.342999999997224, -1.5610000000018076, 23.22500000001262], "0.45": [-19.07799999998664, -31.828999999972343, 4.2679999999944656, -5.965000000006495, 15.30500000000193], "0.5": [-13.299999999990808, -33.30299999997497, -16.213999999988467, 4.618999999995867, 4.9009999999967935]}}