{"both": {"0.0": [95.71899999999233, 85.08099999998196, 86.97799999998416, 97.42999999999535, 85.65499999999057], "0.05": [36.33100000001844, 11.312000000009155, -3.9930000000039865, 19.733000000010012, 24.589000000016302], "0.1": [10.241999999996773, -20.354999999982756, -3.491000000006273, 14.699000000005894, 0.5699999999998835], "0.15": [1.145999999996496, -30.607999999975956, -11.86200000000281, 27.917000000015047, -4.063000000002095], "0.2": [-16.41199999999501, -38.30699999996973, -2.4150000000037797, 25.576000000010794, -16.114999999996527], "0.25": [-23.414999999981568, -36.13599999997647, -1.1120000000008377, 35.38600000001604, -35.646999999973985], "0.3": [-27.295999999977866, -37.7729999999675, 0.25999999999848994, 29.137000000017075, -30.398999999978074], "0.35": [-28.383999999976886, -37.136999999970996, 1.2079999999999975, -5.070000000002102, -34.836999999972306], "0.4": [-20.068999999983657, -43.04699999998149, -0.6480000000017168, -4.344000000003842, -38.1349999999715], "0.45": [-19.84999999998699, -37.62699999997014, -6.936000000006163, -3.03100000000078, -42.12699999998083], "0.5": [-23.236999999974486, -41.92099999997878, 5.732999999998718, -13.470999999987923, -35.97699999997155]}, "action_only": {"0.0": [95.70099999999228, 90.82999999999062, 93.4529999999898, 97.51899999999554, 84.09499999998452], "0.05": [43.98100000000906, 64.63899999998216, -9.202000000003634, -3.5110000000047803, 61.480999999983766], "0.1": [21.754000000022216, 7.302999999995705, -27.195999999977044, 14.302000000012729, 44.114000000003955], "0.15": [11.739000000003678, -15.188999999989951, -30.285999999970677, 12.120000000004026, 26.927000000012328], "0.2": [-2.9150000000057847, -36.132999999975816, -21.29399999998592, 14.287000000015965, 11.278000000007976], "0.25": [-5.92100000000165, -32.380999999972666, -25.88499999997753, 9.75299999999406, 4.37399999999488], "0.3": [-13.43099999998752, -33.53399999997083, -18.364999999993547, 8.659999999998776, -11.894000000003293], "0.35": [-13.83499999999286, -35.26499999997313, -12.288999999990486, 3.519999999996262, -18.935999999978932], "0.4": [-25.502999999981387, -41.25499999996954, -18.46999999998882, -10.375000000005683, -35.99299999997648], "0.45": [-17.43299999998726, -36.65299999996966, -6.792000000007956, -8.703000000000342, -36.102999999975125], "0.5": [-15.567999999992255, -38.405999999968984, -19.954999999984487, -7.305000000002894, -44.50799999998865]}, "goal_only": {"0.0": [95.7029999999923, 89.37399999998674, 82.17399999998875, 97.43499999999538, 88.51699999999379], "0.05": [32.93200000000838, -11.597999999998075, 32.58200000001195, 73.93099999998068, 46.51000000000161], "0.1": [25.218000000012385, 6.292999999996778, 8.136999999993355, 43.629999999995526, 10.096999999999454], "0.15": [25.8400000000093, -20.079999999980313, 21.349000000014502, 48.3590000000009, -13.362999999990642], "0.2": [22.131000000013795, -12.224000000002805, 35.15900000001691, 50.90599999999582, -13.661999999992078], "0.25": [-3.235000000005317, -10.928999999988038, 39.915000000019376, 60.138999999986396, -26.85199999997972], "0.3": [-18.186999999987098, -3.0220000000030103, 42.73600000001706, 61.07999999997956, -21.35099999999175], "0.35": [6.225999999994963, -9.265000000003653, 47.096000000007216, 69.44099999997752, -28.549999999976045], "0.4": [-6.694000000003512, -5.708000000001275, 48.91700000000682, 56.97699999998388, -30.43699999997395], "0.45": [-6.2610000000056605, -3.4700000000029765, 29.11900000001679, 64.06999999998418, -19.694999999985413], "0.5": [-17.512999999990562, -5.959000000005124, 40.65900000001662, 54.94599999998625, -27.763999999977223]}, "both_same": {"0.0": [95.69599999999227, 90.80799999998992, 93.38699999999172, 97.49899999999552, 85.56699999998786], "0.05": [31.450000000015415, 2.97699999999885, 9.605999999995054, 20.24500000001163, 34.85300000000829], "0.1": [18.973000000010583, -14.219999999999523, -7.424000000003502, 11.841000000010572, -1.015999999999794], "0.15": [-7.004000000005846, -21.262999999979737, -9.652000000004413, 35.15400000001422, -14.036999999995691], "0.2": [-14.76799999999664, -34.332999999974184, -8.519000000008072, 38.41900000002001, -22.892999999980976], "0.25": [-32.06499999997657, -36.180999999971455, -5.402000000005314, 40.90100000001321, -23.205999999991473], "0.3": [-24.702999999985607, -35.55799999996861, -18.974999999987094, 34.0030000000203, -33.63399999997173], "0.35": [-27.210999999977318, -38.969999999970625, -5.910000000005767, 11.14100000000534, -27.909999999977273], "0.4": [-31.786999999970107, -44.29499999998308, 5.334999999994836, -7.367000000005667, -27.08199999997258], "0.45": [-22.224999999983837, -42.74899999997589, -14.994999999982833, -4.705000000006102, -28.621999999975632], "0.5": [-34.331999999969305, -43.93499999998452, -3.668999999999288, 4.847999999997078, -36.71999999997275]}}