{"both": {"0.0": [96.21099999999639, 84.06799999998378, 96.41899999999306, 95.38599999999607, 97.11499999999467, 96.42199999999352, 97.86499999999606, 96.18299999999631, 94.82599999998973, 96.63399999999714], "0.05": [26.406000000018622, 73.36499999998813, 16.459000000002057, 27.411000000020998, -1.6690000000012397, 43.74400000001352, 41.79700000000893, -18.77299999998055, 70.71799999998422, 8.840999999996608], "0.1": [-6.3650000000040325, 38.98600000002072, -13.34899999998991, 14.023000000017806, -1.1019999999994812, 38.26500000001406, 29.596000000010932, -17.478999999985223, 66.86599999997416, -10.353999999991897], "0.15": [3.435999999996867, 18.024000000013565, -17.759999999991177, -7.267000000006135, 1.5130000000001234, -0.8089999999992533, 21.43100000001542, -23.49199999998666, 58.982999999992984, -38.2639999999698], "0.2": [-19.79799999998442, 6.4209999999992275, -21.386999999993215, 1.602999999998663, -6.260000000003993, 0.9279999999957567, 9.846999999999968, -21.29399999998688, 33.41100000001627, -36.8139999999724], "0.25": [-11.696000000003556, 5.5769999999945945, -31.382999999970817, 4.351999999999392, -0.8400000000005673, -15.930999999992771, 3.5769999999954107, -22.769999999982122, 15.02700000001076, -41.21899999997322], "0.3": [-16.216999999995064, 8.632999999997406, -28.88999999997266, 12.488000000006327, 7.535999999992142, -17.603999999996798, 0.0729999999951491, -14.1659999999804, 16.130000000023337, -44.141999999987085], "0.35": [-17.16399999999199, -12.709999999998317, -23.041999999985133, 9.671999999994847, -0.1900000000035809, -14.10699999999687, 0.4280000000013122, -14.991999999991563, -3.9500000000018933, -38.592999999970615], "0.4": [-11.979000000003479, -5.114000000004372, -21.45999999998024, 13.418999999999244, 19.17100000000232, -13.548999999989292, 2.0339999999958547, -14.541000000001159, -14.07899999999504, -40.13599999997036], "0.45": [-21.253999999986608, -11.159000000005143, -30.832999999970944, 6.903999999995005, 8.10199999999691, -20.466999999979997, -10.05400000000468, -15.928999999988713, -16.696999999988137, -44.3199999999857], "0.5": [-23.067999999984014, -9.021000000008122, -31.74299999997415, -5.587000000003984, 4.985000000000642, -19.624999999988965, -5.217000000006884, -5.028000000002025, -20.610999999982642, -36.73199999996857]}, "action_only": {"0.0": [96.210999999994, 90.0149999999932, 95.24599999999054, 97.28699999999522, 97.12399999999485, 96.41899999999359, 97.85499999999605, 94.72499999999464, 95.7279999999922, 98.10099999999652], "0.05": [35.80900000001381, 65.81399999998155, 48.41300000000306, 51.75799999999172, -1.0969999999992546, 57.94899999999285, 30.65000000001183, 14.21300000000418, 94.92899999999152, -0.08100000000256458], "0.1": [2.7170000000004872, 56.98299999998309, 24.394000000016955, 22.28400000001985, -20.556999999985415, 24.03600000001497, 10.063999999999533, 2.064999999995864, 79.811999999989, -13.301999999999596], "0.15": [-18.24999999999018, 20.97900000000943, 13.17200000000274, -7.3080000000051815, -16.08199999998648, 7.244999999994742, 4.538999999998163, 10.519000000006592, 55.25800000000114, -19.123999999986264], "0.2": [-11.089999999988182, 10.563999999997334, -8.248000000003936, -5.620000000002992, 1.268999999998985, -7.221000000004734, 15.465000000008079, -21.812999999985408, 33.577000000014316, -32.34999999997738], "0.25": [-4.844000000003779, 4.299999999995719, -15.038999999994184, -8.266000000004754, 2.3210000000001454, -8.90000000000402, 2.631999999997547, -23.94699999997917, 12.959000000003048, -41.17999999997216], "0.3": [-15.260999999990254, -6.05700000000558, -25.736999999973467, -0.24400000000233757, 0.07999999999927482, -3.5750000000009203, 10.902000000000594, -24.013999999973485, -4.0680000000037815, -32.47299999997164], "0.35": [-11.105000000001555, -9.695999999991107, -26.26099999997782, 2.456999999996735, 7.788999999995676, -5.306000000002483, 11.331999999995839, -17.991999999986156, -22.390999999991777, -35.76599999996933], "0.4": [-16.456999999994974, -5.703000000003453, -23.42699999997744, -0.1329999999993854, 11.60599999999923, -12.429000000001354, 8.771999999997561, -9.807000000005191, -17.657999999985318, -45.61399999999723], "0.45": [-26.4719999999797, -4.513000000001905, -25.8849999999846, -0.843999999998895, 3.9379999999946733, -14.784999999993351, 2.6459999999966306, 0.46399999999940655, -15.589999999980556, -44.4139999999854], "0.5": [-29.5969999999758, -16.614999999987287, -31.335999999974415, 11.240000000002919, 0.9670000000003418, -16.961999999992766, 7.4179999999969475, -0.8479999999998288, -20.66199999998257, -36.26299999997001]}, "goal_only": {"0.0": [97.68699999999573, 89.80199999998793, 95.8859999999923, 94.30399999999347, 97.12999999999484, 96.39199999999346, 97.86699999999603, 94.7269999999922, 94.08799999999323, 96.63299999999712], "0.05": [77.57899999997791, 50.57600000000123, 43.5529999999919, 80.91499999998734, 49.443000000002385, 51.54299999998788, 90.83599999999036, 19.118000000012092, 37.488000000012555, 93.4199999999932], "0.1": [38.4680000000212, 32.34300000002349, -6.90700000000677, 42.5910000000126, 28.822000000019308, 25.950000000022456, 79.6199999999879, 12.033000000004536, 50.115999999999474, 50.4999999999973], "0.15": [20.594000000016464, 28.735000000011123, -21.030999999981823, 33.37200000001837, 10.451999999996286, 22.324000000017403, 77.53699999998672, 4.76099999999737, 48.13399999999408, 15.0450000000016], "0.2": [13.922999999999046, 37.88700000002203, -31.665999999973742, 28.638000000009587, 9.00899999999927, 17.00400000001122, 57.61899999999423, -13.079999999996947, 27.22100000001639, -7.120000000004945], "0.25": [20.280000000013192, 24.4390000000177, -29.469999999978025, 11.012999999996703, 9.010999999999605, 8.332999999994264, 72.0049999999746, -20.743999999986304, 41.79800000001317, -21.97899999998278], "0.3": [-3.939999999999792, 26.21100000001049, -35.866999999970375, -0.2620000000005418, 24.945000000006754, 9.155999999997558, 58.17299999998948, -24.85299999997927, 56.44399999999167, -30.79699999997849], "0.35": [5.266999999995472, 14.431000000019502, -28.66899999998056, 18.30300000001774, 23.350000000018277, 10.79700000000057, 49.51900000000536, -10.963000000000827, 52.327999999983966, -35.226999999972435], "0.4": [-11.214000000002047, 22.94900000001642, -32.964999999975234, 11.784999999997622, 20.968000000007855, 4.442999999997471, 47.426000000002006, -9.632000000007755, 47.909000000003296, -39.829999999968365], "0.45": [-6.244000000006574, 17.13400000000546, -32.93699999997586, 17.46900000001265, 23.24900000001713, -0.8669999999997006, 41.18400000001498, -14.765999999986946, 43.91600000000163, -39.71799999997046], "0.5": [-1.3490000000015383, 23.23700000001394, -25.28099999997608, 20.756000000006033, 20.52500000001276, -7.632000000004679, 23.38400000002252, -17.62199999998511, 50.11399999999717, -41.46799999997181]}, "both_same": {"0.0": [96.210999999994, 91.37699999999457, 93.20799999999001, 93.98799999999036, 97.16899999999492, 96.44199999999364, 97.87099999999607, 96.1789999999939, 93.68199999998876, 96.62699999999711], "0.05": [23.78800000000362, 64.49899999998725, 28.407000000019167, 33.908000000017545, -8.38500000000306, 45.512000000011824, 41.302000000009436, -9.053000000005039, 69.62799999999152, 27.97400000001512], "0.1": [0.9179999999969277, 23.70900000000471, -15.369999999998418, 23.84100000001355, -25.33299999997382, 17.96299999999729, 29.712000000014232, -19.3199999999862, 55.72699999999238, -17.747999999984508], "0.15": [-8.355000000007106, 0.30199999999952243, -27.109999999981696, 22.829000000003788, -0.022000000002893278, -0.9570000000034382, 28.50100000001738, -17.76899999998257, 44.64900000001548, -29.44399999997648], "0.2": [-8.688000000004102, 10.208999999995099, -31.454999999974852, 6.63299999999258, -2.980999999999911, -8.707000000003278, 32.33400000001585, -24.444999999975483, 25.10100000001207, -39.69199999996849],