{"both": {"0.0": [91.14999999998405, 94.2229999999902, 89.37699999998289, 94.97999999999246, 91.5919999999854], "0.05": [79.29499999998413, 57.017999999999596, 75.04199999996837, 56.68300000000006, 74.89799999997648], "0.1": [67.06299999997272, -2.9510000000033165, 59.294999999971544, 9.994999999994992, 22.664000000011555], "0.15": [66.75099999998633, -30.59899999997835, 13.106000000013374, -14.511999999985617, -6.061000000007647], "0.2": [65.29299999997187, -45.90099999999438, -15.556999999989483, -35.6279999999706, -10.002000000003678], "0.25": [70.10999999997367, -45.89399999999006, -29.576999999975257, -41.36299999996994, -33.816999999968374], "0.3": [69.03899999996797, -41.75099999997314, -17.43499999998265, -44.02999999998627, -30.34299999997835], "0.35": [68.90299999997333, -46.385999999995256, -20.941999999986816, -47.41599999999628, -28.75599999997639], "0.4": [59.02899999998925, -48.65700000000079, -9.663000000009037, -41.851999999973835, -29.12799999997753], "0.45": [37.38900000002316, -43.94499999998115, -13.374999999997538, -34.55699999997266, -23.937999999984427], "0.5": [41.19000000002035, -46.23199999999129, -1.970000000002649, -36.359999999973574, -33.53399999997518]}, "action_only": {"0.0": [90.8299999999855, 93.97199999998942, 89.64899999998318, 95.28699999999212, 91.6059999999855], "0.05": [81.12999999998142, 80.29699999998728, 90.11699999998332, 52.99099999997989, 90.55299999998476], "0.1": [78.68399999997833, 68.43499999997522, 82.77699999998451, 25.192000000017558, 88.58299999998157], "0.15": [73.29799999997664, 58.758999999986266, 62.84499999998334, 19.207000000007316, 81.90599999997528], "0.2": [64.69999999998511, 34.252000000016416, 35.68800000002029, -10.057999999997675, 63.180999999975626], "0.25": [41.89100000001744, -6.889000000004367, 18.44600000000853, -4.806000000003188, 54.20699999998302], "0.3": [36.32200000001718, -34.813999999977135, 3.469999999999179, 0.2920000000004416, 35.14500000001777], "0.35": [33.518000000017366, -43.170999999978946, 6.354999999995261, -4.368999999999773, 29.91600000001266], "0.4": [32.30900000001845, -45.93799999998908, -12.834999999999079, -9.963999999994, 22.199000000007448], "0.45": [27.87500000002194, -48.75600000000115, -22.37399999998165, -12.001999999999645, 15.421000000003477], "0.5": [23.13200000001679, -50.00000000000659, -27.589999999972427, -14.597999999988918, 1.3589999999978093]}, "goal_only": {"0.0": [90.50499999998341, 93.63399999998886, 89.6589999999833, 95.42999999999185, 91.60599999998561], "0.05": [79.91199999997998, 76.67699999998851, 51.43299999999118, 79.05399999998485, 67.55199999997275], "0.1": [71.54099999997774, 15.861000000010801, 50.308999999989176, 17.246000000001995, 28.090000000018918], "0.15": [50.45499999999405, -21.990999999979348, 10.792999999998555, 0.997999999997677, -6.254000000005414], "0.2": [52.255999999993335, -47.11599999999541, -17.394999999984194, -17.184999999976814, -22.133999999982237], "0.25": [64.18799999996844, -36.54499999996976, -36.60199999996983, -39.11999999996896, -19.756999999983346], "0.3": [61.16999999998588, -50.00000000000659, -43.01099999998002, -37.3509999999699, -38.76399999996979], "0.35": [62.519999999980975, -47.522999999995754, -39.2579999999682, -34.30399999997176, -37.72999999997096], "0.4": [54.405999999974576, -47.28700000000058, -36.076999999969274, -36.83899999996836, -33.82299999996924], "0.45": [50.605999999991944, -48.54500000000493, -34.72399999997301, -42.673999999977134, -35.832999999972856], "0.5": [40.07300000002481, -50.00000000000659, -27.237999999975838, -38.47699999996971, -37.97599999997616]}, "both_same": {"0.0": [91.3149999999862, 93.92799999998986, 89.82199999998213, 95.4979999999918, 91.51199999998536], "0.05": [77.30599999997263, 75.27099999998303, 68.19199999996806, 57.62699999999806, 71.3169999999803], "0.1": [57.20799999997914, 9.72299999999606, 43.01200000002319, 24.45200000001455, 23.49500000002157], "0.15": [57.40599999997899, -31.905999999974874, 1.6719999999995085, -22.03299999997608, 0.49099999999980876], "0.2": [73.60999999997127, -44.80399999998717, -23.92799999997686, -16.436999999991862, -6.54800000000321], "0.25": [62.46399999997322, -50.00000000000659, -34.14099999996831, -38.18899999996912, -13.08199999999984], "0.3": [64.08899999996703, -48.629000000005234, -28.20799999997092, -41.67599999997583, -22.320999999988995], "0.35": [50.193999999994595, -46.012999999990214, -30.569999999970136, -42.86099999997785, -27.821999999984627], "0.4": [28.695000000018705, -48.77000000000234, -29.166999999974017, -38.64299999996989, -25.055999999976315], "0.45": [21.46100000000863, -48.856000000001515, -16.66199999999904, -44.16199999999643, -32.56099999996903], "0.5": [20.46200000001309, -50.00000000000659, -12.425999999984592, -42.28999999997421, -31.143999999971435]}}