{"0.0": [97.55599999999606, 95.99699999999225, 94.8239999999965, 97.9389999999962, 89.30299999999195, 97.85899999999604, 96.07899999999321, 96.18199999999324, 97.02299999999467, 97.9349999999963], "0.05": [64.57999999999112, 62.84999999999396, 80.47199999998432, 97.96999999999625, 53.329999999994705, 88.1139999999895, 93.82599999999324, 96.71199999999386, 95.4649999999951, 97.92699999999616], "0.1": [36.173000000011996, 17.12100000000677, 65.2589999999796, 97.50199999999657, 14.80599999999808, 51.78299999999551, 76.64999999998518, 74.65299999998805, 85.5089999999891, 81.47499999998469], "0.15": [11.973000000001814, 11.008999999996062, 70.15099999998921, 91.29999999998863, -21.773999999991794, 6.768000000005199, 41.67700000001294, 31.764000000014047, 64.59599999999199, 17.622000000021604], "0.2": [9.681999999994863, 7.015999999996681, 50.00099999999898, 77.72799999998838, -45.774999999989625, 0.8359999999993325, 23.751000000006922, 8.804999999993493, 37.887000000016386, 6.042999999998715], "0.25": [7.144999999995869, 16.952000000006986, 29.649000000018617, 47.014000000004145, -48.7710000000012, -24.519999999980243, 1.835999999998704, -2.574000000002382, 20.151000000009688, -16.587999999998402], "0.3": [21.11200000000682, -9.220000000003331, 23.324000000016905, 52.0959999999967, -47.3939999999962, -28.766999999978598, 1.5569999999997157, -18.116999999988206, 9.718999999995141, -20.644999999981138], "0.35": [13.648000000002325, -6.639000000002973, 8.396999999999242, 26.64900000001667, -48.768000000001194, -34.38399999997663, 0.2899999999970311, -3.3180000000044685, 2.545999999999212, -32.99599999997102], "0.4": [5.48699999999608, -18.73199999998232, 12.555000000014367, 17.24200000001351, -47.44400000000002, -27.772999999975035, 2.3989999999982015, -3.479000000004115, -13.188999999996547, -35.3119999999737], "0.45": [10.347999999994672, -2.061000000000852, -12.472999999986634, 1.770999999997226, -47.37899999999637, -26.393999999985077, 3.9429999999982748, 10.290999999994888, -14.885999999991377, -46.00699999998933], "0.5": [14.556999999999887, -19.271999999979986, -21.07799999997912, 3.256999999996928, -50.00000000000659, -33.466999999975286, 21.162000000009392, -2.288000000002451, -22.113999999984248, -38.37399999996878]}