{"0.0": [97.81499999999596, 95.79099999999157, 96.29499999999415, 97.93399999999622, 89.30499999998712, 97.84699999999604, 95.85599999999204, 96.18399999999309, 97.01099999999464, 96.47899999999447], "0.05": [39.19600000001345, 11.098999999999204, 40.6430000000141, 76.87199999998931, -38.2709999999691, 22.212000000009603, 48.65999999999616, 60.307999999991196, 51.18599999999777, 29.395000000016207], "0.1": [39.44700000001104, 19.49400000000553, 7.407999999998801, 5.172999999996604, -29.545999999980477, -0.7610000000016894, 54.35499999999417, 44.139000000016075, 5.32299999999485, -11.879000000005778], "0.15": [34.88800000001661, 10.176000000005898, -4.807000000003346, 1.80099999999872, -37.58199999997086, -7.636999999988667, 49.05499999999026, 19.37700000001689, 9.861999999997536, -25.572999999975647], "0.2": [15.112000000010319, 1.2659999999980365, -11.567999999999508, 1.0520000000000012, -38.732999999969586, -17.227999999990075, 35.37600000001522, 11.374000000009316, -15.644999999990025, -44.16399999998171], "0.25": [-3.8680000000034487, 11.804000000015783, -14.883999999984407, 9.46299999999308, -39.18599999997031, -23.24799999998533, 48.1570000000026, 4.500999999992392, -4.468000000003668, -48.53400000000148], "0.3": [-31.383999999974453, -1.502000000002005, -28.093999999980177, 15.916000000008475, -43.60099999997876, -34.167999999971215, 25.675000000019203, -23.599999999983996, -16.84399999998561, -45.650999999992585], "0.35": [-39.02299999996841, 7.255999999997249, -14.482999999988003, -3.4680000000078066, -45.07599999999413, -22.656999999984663, 29.077000000016533, -23.853999999984406, -16.208999999992002, -47.14599999999438], "0.4": [-25.800999999977197, 0.5730000000010412, -22.76899999998588, 3.8259999999933054, -44.070999999980465, -25.158999999975304, 1.9169999999969856, -35.369999999973274, -20.191999999981523, -50.00000000000659], "0.45": [-34.308999999973565, 2.224999999999611, -11.166999999994822, -6.007000000003689, -41.651999999972986, -29.768999999973133, -0.8810000000035015, -26.87399999997508, -14.243999999991024, -45.655999999988914], "0.5": [-31.747999999974258, 0.0439999999931584, -17.907999999982874, -5.305000000004871, -44.36099999998351, -31.96599999997717, 3.650999999998195, -33.08199999996927, -19.990999999988492, -47.15799999999897]}