{"0.0": [90.67799999998434, 90.31399999998382, 80.91699999997967, 92.57099999998724, 90.82299999998565], "0.05": [90.67599999998441, 88.9599999999841, 81.89299999998245, 92.64599999998731, 88.9599999999858], "0.1": [90.67499999998444, 90.37799999998391, 79.02499999999027, 92.42699999998715, 88.51299999998174], "0.15": [90.67399999998433, 90.37999999998382, 72.80899999998003, 92.42899999998679, 90.54399999998245], "0.2": [90.71299999998436, 89.03699999998257, 66.82199999997285, 92.40699999998715, 87.82499999998527], "0.25": [89.15399999998228, 89.02699999998244, 61.382999999985195, 90.90199999998543, 89.83099999998605], "0.3": [86.4569999999822, 87.66199999998115, 51.52299999998286, 88.22999999998417, 84.41299999998365], "0.35": [83.60699999997922, 84.82699999998641, 45.32500000000063, 89.14699999998875, 85.33399999998292], "0.4": [80.80599999998105, 86.25099999998181, 45.63100000000817, 92.28199999998678, 69.84999999997837]}