{"0.0": [95.32299999999148, 74.55999999998859, 76.5129999999816, 1.737999999997347, 33.961000000014295, 80.86099999998144, 81.47299999998373, 40.265000000017864, 19.85200000000954, 63.65399999998117], "0.05": [89.77299999998436, 94.10999999998752, 63.440999999996194, 2.4649999999957526, 19.231000000005075, 93.99299999998857, 77.23699999998519, 24.93200000000995, -11.917999999997564, 53.17999999999595], "0.1": [88.28099999998267, 89.13499999998793, 44.10700000001211, -7.454000000001166, 24.762000000013103, 93.5139999999895, 77.07399999999664, 31.572000000019244, -9.773000000002236, 52.71700000000058], "0.15": [85.05899999998643, 93.54199999999155, 23.491000000004245, -5.396000000002457, 36.55100000001041, 92.37399999998689, 55.100000000002844, 22.854000000013524, -9.097999999998985, 49.99999999999941], "0.2": [73.87799999998516, 90.00099999999138, 1.4159999999999702, -9.263000000001192, 36.09500000001291, 81.05599999998462, 41.348000000005044, 5.969999999996771, -13.02899999999225, 50.00699999999926], "0.25": [71.21299999998777, 88.53999999998598, 9.47399999999501, -7.3390000000036775, 37.9840000000067, 71.96799999998443, 28.371000000013034, -0.7340000000012324, 1.9299999999959832, 26.359000000016863], "0.3": [69.51399999998091, 86.06299999998815, -16.580999999995786, -8.44000000000348, 39.10500000000527, 67.53199999997452, 32.70100000000919, 17.441000000015904, 5.896999999995457, 36.74200000001438], "0.35": [55.23399999998903, 88.43099999999504, -0.7930000000017665, -9.371999999999614, 37.69100000001102, 60.321999999980925, 8.361999999998579, -2.554999999998841, 8.212999999998988, 13.278999999999344], "0.4": [45.54699999999264, 83.87299999998558, -2.3890000000016003, -15.649999999980144, 31.96400000001068, 54.87199999999797, 11.058000000008041, 8.555999999997638, 12.685999999998701, 16.118000000015336]}