{"0.0": [98.01199999999633, 97.54999999999556, 93.33899999999262, 87.25799999998473], "0.05": [97.98399999999629, 97.54999999999552, 91.52599999998897, 77.407999999975], "0.1": [97.9359999999963, 96.69799999999435, 89.85099999998796, 79.69899999997432], "0.15": [97.93099999999619, 86.82699999999777, 89.27599999999042, 81.38799999997454], "0.2": [97.92399999999616, 80.84199999999144, 84.32499999998726, 81.95699999998162], "0.25": [97.89899999999616, 76.41099999998681, 80.11199999997748, 82.73899999997657], "0.3": [97.51399999999595, 79.42799999997837, 86.37899999998552, 84.06599999997994], "0.35": [92.60199999999391, 69.09799999997736, 70.49399999999054, 78.50199999998455], "0.4": [91.15999999999757, 67.60999999997661, 80.74599999998422, 75.6049999999735]}