{"0.0": [92.82199999998544, 90.28999999998503, 89.41399999998845, 82.72699999998143, 89.8809999999922], "0.05": [91.98399999998786, 90.56099999999176, 88.54499999998474, 74.59899999998598, 64.8109999999852], "0.1": [92.43799999998642, 85.2229999999852, 91.05099999998916, 74.84099999998116, 49.60599999999229], "0.15": [90.82299999998472, 77.09299999998385, 87.0249999999876, 76.59399999998432, 49.74699999999903], "0.2": [85.13999999997932, 72.65999999998601, 86.98999999998163, 59.475999999987195, 57.94299999998625], "0.25": [81.94599999998168, 61.15299999998189, 88.5939999999909, 69.73099999998122, 33.42700000001381], "0.3": [78.89999999998243, 57.37299999999338, 90.62899999998828, 77.22899999998101, 35.21900000001682], "0.35": [82.0229999999837, 58.83899999997649, 85.35199999998896, 78.63499999998834, 38.159000000010835], "0.4": [85.52099999997822, 48.97900000000111, 79.66699999999027, 71.44199999999124, 19.049000000010345]}