{"0.0": [87.05699999998791, 91.25199999998551, 92.40499999998755, 88.00999999998199, 90.12499999998306, 87.73699999998702], "0.05": [86.49299999998384, 88.11799999998264, 87.24499999998294, 89.28799999998256, 90.7309999999892, 87.80499999998543], "0.1": [90.6799999999892, 89.6079999999862, 92.38199999998497, 89.84099999998365, 91.29799999998895, 85.47599999997855], "0.15": [89.1949999999878, 92.24599999998654, 85.02599999998205, 89.36499999998524, 90.88899999998986, 89.20299999998716], "0.2": [86.18899999998126, 87.60699999997975, 90.4699999999843, 90.93199999998461, 88.83199999998648, 82.4259999999855], "0.25": [91.13599999998965, 86.10099999998863, 90.91699999998426, 90.17999999998464, 90.63099999998558, 88.85499999998694], "0.3": [86.67599999998603, 90.41699999998096, 91.77499999998423, 92.41699999998679, 92.78599999998829, 87.58399999998491], "0.35": [91.48799999998477, 88.61199999998503, 91.22199999998772, 90.57799999998417, 87.93799999998619, 90.68399999998559], "0.4": [92.51599999998852, 91.3649999999879, 93.16399999998757, 86.49499999997789, 90.2829999999836, 90.77899999998083]}