{"0.0": [98.0059999999963, 97.61499999999562, 91.41899999998778, 82.72999999996995, 97.72399999999593], "0.05": [97.98499999999629, 95.60899999999602, 92.63699999998882, 81.54799999997238, 96.26699999999396], "0.1": [97.94499999999618, 93.15399999999745, 86.76299999998704, 86.82799999997803, 94.37799999999224], "0.15": [97.93399999999617, 82.79599999998416, 87.06199999998033, 83.31099999998291, 88.45599999998797], "0.2": [97.90699999999615, 84.40099999998303, 87.1499999999927, 83.70599999997653, 80.8919999999944], "0.25": [97.90499999999611, 72.65699999998233, 85.20699999998251, 83.5659999999786, 83.7829999999825], "0.3": [96.3489999999942, 74.09499999998931, 80.01099999997989, 82.08799999998415, 76.72399999998296], "0.35": [93.37399999999735, 72.22199999998814, 70.85299999997633, 81.89199999997619, 74.39899999998474], "0.4": [94.38999999999322, 64.57699999999238, 77.39399999998867, 81.28499999997715, 66.95299999998362]}