{"0.0": [92.68199999998889, 85.62199999998724, 93.84399999999265, 91.64599999998829, 97.20699999999484, 90.04699999998516, 93.26899999999294, 94.98299999999249, 89.12699999999221, 97.67899999999572], "0.05": [91.45199999998897, 85.78699999998517, 93.99599999999002, 91.38899999999245, 85.49999999999235, 91.84799999998684, 81.6699999999933, 93.93399999998915, 91.5929999999924, 90.13999999999156], "0.1": [90.35899999998408, 85.44799999998403, 94.05099999999021, 79.65499999999147, 85.10099999999593, 92.14299999999052, 86.80499999998185, 91.881999999989, 86.85299999998396, 87.1819999999876], "0.15": [91.99299999998702, 77.44299999998843, 94.02599999999258, 90.6189999999919, 79.1759999999891, 85.23999999998738, 85.1949999999805, 90.72799999998762, 93.46999999999109, 79.43299999999186], "0.2": [90.6069999999873, 82.67499999998213, 95.36299999999184, 82.40499999998933, 81.99799999998375, 87.91999999998934, 76.87299999999372, 91.92599999998868, 90.81399999998807, 63.272999999989054], "0.25": [91.52899999998594, 86.07499999998869, 93.9229999999899, 70.55499999998585, 74.99399999999034, 89.29699999998586, 76.66999999997554, 94.18999999999095, 77.03799999998702, 71.90799999998387], "0.3": [91.2769999999874, 86.12299999998686, 87.99799999998848, 72.18199999999257, 71.52799999998555, 73.03999999998423, 79.34199999998435, 90.75699999998778, 82.61099999998586, 54.50799999998851], "0.35": [89.3809999999913, 77.39299999998255, 85.01199999998609, 78.52499999998574, 62.67999999998659, 80.45899999998515, 76.12399999998657, 83.655999999987, 67.64099999999057, 51.57800000000344], "0.4": [92.83999999998858, 84.80599999998846, 69.21999999998053, 64.30499999999334, 61.59899999999343, 77.45299999998753, 78.53999999998496, 89.3669999999824, 71.00599999999115, 51.48199999999923]}