{"0.0": [-50.00000000000659, 54.79800000000214, -36.97699999997435, -38.151999999973306, 96.61499999999394, -29.404999999974557, 77.822999999979, -50.00000000000659, 68.34299999998352, 97.89599999999614], "0.05": [-50.00000000000659, -4.288000000005002, 11.337999999996658, -41.12799999996999, 97.01399999999443, -16.75999999998488, 83.87999999998608, -47.03999999999486, 68.41299999999386, 84.57899999999208], "0.1": [-50.00000000000659, 7.4829999999974826, 8.701999999998922, -30.774999999974696, 96.63699999999315, -15.392999999982955, 88.3849999999891, -41.121999999969084, 60.56499999998235, 75.72599999999], "0.15": [-50.00000000000659, -13.142999999984067, 16.16800000000501, -16.020999999980326, 90.88499999998413, -8.195000000006752, 78.97499999997997, -36.68599999997111, 35.02200000000912, 59.45899999998005], "0.2": [-48.54500000000128, -21.99999999998049, 27.776000000017284, -30.789999999975393, 78.2209999999887, -27.763999999977585, 48.60899999998192, -44.09099999998486, 33.34000000001908, 35.78500000001136], "0.25": [-47.094999999999665, -23.47199999998492, 1.004000000000583, -10.868999999995424, 68.25899999998977, -2.8530000000029037, 36.88500000001479, -35.20699999997504, 18.910000000009422, 32.824000000014365], "0.3": [-41.32699999997135, -30.839999999975195, 19.037000000008703, -21.967999999989065, 74.2729999999911, -29.281999999975586, 16.66599999999866, -44.20099999998754, 17.444000000015965, 26.823000000013984], "0.35": [-44.18299999998178, -41.15499999997009, 17.613000000003343, -29.474999999975985, 48.547000000003415, -13.921999999996247, 6.74499999999641, -38.165999999970104, 13.661000000002423, 22.30400000000575], "0.4": [-35.420999999969645, -30.819999999977924, 20.64100000000919, -26.399999999975584, 54.67900000000685, -29.226999999977657, -3.482999999999454, -42.6219999999816, 7.515999999995955, 3.2529999999990546]}