{"0.0": [95.8299999999922, 97.76899999999588, 92.70199999998871, 92.01999999999097, 95.86499999999346, 92.01099999999622, 94.9619999999923, 88.62499999998877, 97.95299999999621, 97.89799999999613], "0.05": [95.78499999999227, 97.7669999999959, 91.99799999998872, 94.57399999999129, 96.39199999999475, 93.4539999999927, 96.59299999999457, 91.84699999999157, 94.51099999999256, 97.90799999999614], "0.1": [96.04899999999284, 91.83599999999355, 83.50999999998798, 89.97899999999026, 96.74799999999422, 91.64799999999349, 95.18799999999311, 81.4719999999816, 94.28999999999625, 97.91199999999615], "0.15": [95.89699999999267, 91.8379999999913, 84.95799999999127, 90.18099999999166, 96.88799999999341, 87.35399999999262, 81.85099999999704, 79.75199999999718, 91.230999999992, 97.90199999999614], "0.2": [92.87899999998905, 90.35599999999647, 79.21199999998386, 81.69899999998813, 93.7899999999925, 79.83699999999777, 87.4669999999929, 69.66799999998364, 81.74299999998408, 97.89899999999612], "0.25": [88.58699999998639, 91.82399999999352, 72.83699999996924, 69.82099999998886, 86.38899999998819, 64.99399999998718, 71.31399999998739, 69.66999999997914, 78.92499999998756, 97.87399999999604], "0.3": [84.1349999999902, 74.02799999997728, 66.04299999998042, 60.3519999999875, 89.24499999999254, 64.85399999999053, 62.54199999998586, 60.186999999982774, 75.15899999997941, 96.33899999999649], "0.35": [81.15699999998394, 87.31999999998813, 54.37899999999956, 62.341999999986356, 73.11499999998489, 69.02899999998594, 59.27699999997548, 50.03899999998781, 75.90599999999867, 87.51399999999086], "0.4": [74.01099999998468, 88.77599999998944, 39.53400000001138, 62.29299999998365, 84.61599999997989, 48.36599999999424, 65.32599999997791, 41.49500000001424, 64.49399999999169, 77.16299999999461]}