{"goal": {"0.0": [], "0.02": [], "0.04": [], "0.06": [], "0.08": [], "0.1": [], "0.12": [], "0.14": [], "0.16": [], "0.18": [], "0.2": []}, "action": {"0.0": [88.65599999999364, 87.71599999998988, 90.10199999999159, 91.25599999999518, 89.70299999998768], "0.02": [91.66099999999469, 68.96499999998863, 74.04999999999048, 31.48600000001308, 91.50599999999129], "0.04": [72.56999999998884, 58.558999999973366, 65.22499999999108, 40.58300000000981, 87.57899999999141], "0.06": [58.21499999998845, 62.59599999998768, 72.89399999997941, 49.54499999999639, 79.27999999997989], "0.08": [35.93700000001601, 58.925999999990815, 59.49099999999119, 49.629000000000154, 81.95199999997503], "0.1": [40.8200000000123, 45.75900000000044, 57.435999999991694, 31.001000000017253, 74.61399999997316], "0.12": [36.50400000001776, 32.78100000000951, 62.434999999981436, 20.87300000000714, 66.74299999997785], "0.14": [36.04700000000705, 31.782000000019252, 64.50999999998854, 17.609000000010475, 48.66000000000297], "0.16": [25.82000000001741, 17.710000000010385, 66.01299999998449, 16.203000000007684, 17.910000000010562], "0.18": [2.283999999999745, 25.251000000025066, 47.48299999999254, 7.7819999999966765, -10.467000000003292], "0.2": [-1.053000000000929, 13.451999999999074, 45.16800000000581, 0.47999999999824333, -27.532999999982973]}}