{"goal": {"0.0": [], "0.02": [], "0.04": [], "0.06": [], "0.08": [], "0.1": [], "0.12": [], "0.14": [], "0.16": [], "0.18": [], "0.2": []}, "action": {"0.0": [90.71599999998378, 93.92799999998951, 89.32399999998182, 95.33199999999141, 91.60099999998562], "0.02": [52.47600000000746, 10.763999999994896, 82.37599999997911, 28.44600000000618, 90.60499999998424], "0.04": [10.68899999999834, -34.03999999997454, 61.0819999999891, -6.698000000004153, 82.59999999997743], "0.06": [-31.369999999978273, -50.00000000000659, 11.175999999997046, -34.35099999997142, 58.56499999998063], "0.08": [-34.8049999999718, -50.00000000000659, 18.711000000008205, -48.68500000000203, -12.973999999984148], "0.1": [-32.447999999975025, -50.00000000000659, -9.309000000007101, -45.83499999999325, -23.29199999998142], "0.12": [-26.271999999980235, -50.00000000000659, -0.5940000000016307, -50.00000000000659, -30.55799999997628], "0.14": [-15.960999999980013, -50.00000000000659, -6.242000000002596, -47.6320000000007, -36.46699999996778], "0.16": [-37.81399999996952, -50.00000000000659, -37.572999999968516, -48.58500000000071, -33.18199999997694], "0.18": [-18.029999999985556, -50.00000000000659, -50.00000000000659, -50.00000000000659, -31.514999999975895], "0.2": [-27.832999999978846, -50.00000000000659, -50.00000000000659, -48.61300000000063, -21.882999999974363]}}