{"goal": {"0.0": [96.15899999999641, 91.9079999999858, 94.67499999999218, 97.86699999999608, 97.65899999999573], "0.02": [22.258000000005772, 97.70799999999578, 82.57699999999414, 94.0879999999894, -21.99999999998589], "0.04": [48.803000000003514, 89.92299999998816, 53.64399999999787, 72.11799999997588, -5.254000000005386], "0.06": [64.83999999999416, 31.98200000001243, 44.42200000000861, 39.02700000002122, 61.15099999997613], "0.08": [14.94700000000817, -20.37099999999178, 28.263000000010674, -27.550999999972436, 65.13399999999675], "0.1": [46.48200000000523, -2.097000000001648, 32.91900000001815, -19.259999999989727, -15.061999999988837], "0.12": [4.9959999999991, -16.9359999999941, 42.30700000000571, -12.007999999980289, -18.631999999985087], "0.14": [-7.201000000001517, -43.02399999998121, 26.12500000000593, -22.571999999983436, -43.09399999997767], "0.16": [-16.61299999999516, -48.624000000001544, -4.625000000006548, -25.66999999997782, -46.45099999999095], "0.18": [-24.100999999981983, -47.253999999994775, -25.398999999974123, -26.83099999997652, -47.48499999999647], "0.2": [-21.438999999979533, -45.94199999999023, -7.293000000006254, -33.91599999997448, -47.59899999999603]}, "action": {"0.0": [97.2849999999957, 89.3059999999852, 91.74799999999516, 97.87099999999604, 97.64899999999562], "0.02": [98.0429999999964, -6.530000000006604, 85.0189999999916, 89.86599999998408, -5.27800000000227], "0.04": [87.3519999999903, 5.311999999994893, 65.32899999997043, 64.31899999997071, 80.98299999998702], "0.06": [-5.521000000003792, 1.99999999999807, 20.119000000012488, 53.93299999999821, 93.21899999998875], "0.08": [4.3989999999986855, -16.74199999999219, 27.41100000001276, 70.41599999997378, 79.37199999998403], "0.1": [4.115999999999144, -25.659999999974893, 21.62900000001421, 32.40700000001763, 17.124000000009236], "0.12": [9.755999999994508, -41.45299999997117, 21.477000000011188, 15.397999999998824, 9.83799999999513], "0.14": [20.298000000015016, -42.82399999997682, 9.807000000013735, -9.200000000005327, -5.153000000006914], "0.16": [20.649000000010574, -48.56200000000499, -18.67099999998399, -12.49099999999944, -13.254000000000808], "0.18": [-4.505000000008063, -48.73500000000107, -31.628999999972763, -17.40999999997783, -18.868999999986105], "0.2": [-14.637999999998437, -45.24299999998668, -34.6459999999745, -24.72299999998036, -30.69899999997511]}}