{"goal": {"0.0": [95.70099999999228, 79.33199999998178, 89.34099999998288, 97.39799999999515, 88.58599999999434], "0.02": [84.54999999999183, 20.963000000014823, -38.769999999974516, 77.20899999998562, 83.28799999998984], "0.04": [90.00899999999086, -10.136999999996377, -31.68099999997623, 42.70600000000074, -34.21799999997151], "0.06": [-40.421999999967824, -14.760999999993055, -48.64100000000073, 1.224999999998504, -48.587000000000536], "0.08": [-48.61200000000063, -4.553000000000265, -48.707000000000974, -36.32999999997098, -48.663000000000814], "0.1": [-47.26499999999595, -10.208000000005665, -47.211999999994624, -37.50799999996979, -41.55099999997508], "0.12": [-29.207999999975332, 11.034000000016745, -48.61200000000063, -39.329999999970184, -40.267999999968715], "0.14": [-43.16699999997937, 3.786999999992897, -45.939999999989084, -40.81899999996984, -36.226999999975504], "0.16": [-44.524999999988715, -26.25799999997594, -47.33499999999621, -48.742000000002236, -35.06899999997096], "0.18": [-44.50299999998839, -34.94699999997272, -43.548999999981525, -48.74600000000111, -47.358999999995156], "0.2": [-46.02699999999054, -14.821999999994159, -43.65799999998071, -50.00000000000659, -41.92399999997264]}, "action": {"0.0": [95.69299999999227, 89.39399999998612, 87.8269999999826, 97.35599999999494, 82.63799999998238], "0.02": [89.71999999999012, -0.10700000000323624, -0.9890000000015076, 96.50899999999356, 65.82899999998813], "0.04": [42.05399999999496, 21.25600000001414, 68.3009999999904, 57.29599999998309, 11.278000000000837], "0.06": [8.640999999996112, -32.78899999997363, -50.00000000000659, 34.3980000000151, -38.65399999996966], "0.08": [-0.894000000003109, -50.00000000000659, -50.00000000000659, 8.477999999995841, -35.8689999999754], "0.1": [-19.009999999982178, -48.81200000000228, -24.011999999985797, -41.46999999997285, -48.5960000000017], "0.12": [0.16999999999668283, -47.83700000000599, -42.325999999976396, -47.20899999999461, -47.25799999999479], "0.14": [-29.857999999980684, -50.00000000000659, -43.75799999998387, -44.31999999998505, -48.61600000000519], "0.16": [-41.97799999997396, -48.994000000003155, -47.44799999999548, -48.57100000000161, -48.6870000000009], "0.18": [-32.772999999972996, -50.00000000000659, -43.01299999997884, -31.078999999977697, -50.00000000000659], "0.2": [-35.29899999997084, -48.9350000000018, -34.219999999969126, -27.584999999981346, -50.00000000000659]}}