{"goal": {"0.0": [], "0.02": [], "0.04": [], "0.06": [], "0.08": [], "0.1": [], "0.12": [], "0.14": [], "0.16": [], "0.18": [], "0.2": []}, "action": {"0.0": [91.1929999999857, 94.05599999998984, 86.79899999998203, 95.14599999999095, 91.57799999998551], "0.02": [77.41899999997504, 39.65300000002517, 79.71699999998862, 61.97299999998036, 91.81399999998595], "0.04": [30.536000000013917, -44.600999999986946, -50.00000000000659, 43.32599999999019, 79.0719999999807], "0.06": [-1.2940000000020424, 17.37900000000043, -50.00000000000659, 10.63199999999877, 32.256000000017245], "0.08": [-6.836000000007285, -15.065999999995604, -19.47999999998803, -38.01399999996752, -21.0899999999845], "0.1": [-24.93699999997825, -26.60899999997493, -38.219999999973695, -41.04999999996763, -18.31899999998378], "0.12": [-44.53199999998483, -48.980000000001965, -50.00000000000659, -36.13299999996945, -18.967999999989487], "0.14": [-48.570000000005024, -50.00000000000659, -45.82499999998981, -33.173999999967144, -32.73899999997027], "0.16": [-48.663000000000814, -50.00000000000659, -50.00000000000659, -26.541999999973118, -40.14699999997142], "0.18": [-50.00000000000659, -50.00000000000659, -50.00000000000659, -40.93399999996844, -50.00000000000659], "0.2": [-50.00000000000659, -50.00000000000659, -50.00000000000659, -33.78899999996815, -50.00000000000659]}}