{"goal": {"0.0": [95.68499999999223, 86.50599999998582, 83.72299999998795, 97.39299999999521, 91.41799999999442], "0.02": [87.38799999998245, 14.087000000004876, 89.61499999999289, 46.74599999999784, 60.353999999992254], "0.04": [65.33999999998139, 13.522000000006189, 94.48599999999033, 73.25799999997912, 66.7389999999833], "0.06": [25.818000000003522, -28.099999999979136, 93.48599999998855, 64.78899999998447, 71.77799999997997], "0.08": [48.053000000001454, -37.00499999997411, 92.5449999999872, 50.813999999996675, 26.572000000019557], "0.1": [49.33899999999589, -50.00000000000659, -31.740999999972537, 19.83500000002049, 17.22500000000715], "0.12": [28.404000000017263, -48.66600000000537, -37.95399999996914, -2.7020000000070623, -11.662999999986253], "0.14": [20.723000000010185, -50.00000000000659, -43.53299999997973, -10.906000000001413, -13.063999999986263], "0.16": [-6.997000000001898, -48.83800000000145, -23.87399999997953, -21.710999999983994, -21.40899999998451], "0.18": [-37.6509999999717, -48.96500000000191, -39.464999999968704, -29.492999999975726, -31.27499999997386], "0.2": [-41.670999999970824, -48.812000000001355, -38.47799999996891, -42.436999999973615, -34.300999999969754]}, "action": {"0.0": [95.68199999999224, 87.95699999998516, 86.65199999998671, 97.54799999999562, 82.60899999999188], "0.02": [-19.814999999990516, 63.55199999998003, -11.028000000001363, 42.23800000000969, 50.195999999998556], "0.04": [8.692999999994855, 15.122000000002483, -37.37299999996967, 39.62000000001744, -32.98699999997317], "0.06": [-30.594999999975844, -45.85899999998879, 14.964999999996481, 42.18400000001163, -48.59200000000055], "0.08": [1.5109999999998778, -48.71800000000101, 8.087999999996168, -14.162999999988699, -22.045999999986325], "0.1": [-42.92599999997744, -37.35599999997086, 1.557000000000705, -46.05199999999218, -18.1299999999858], "0.12": [-50.00000000000659, -47.291999999994914, -26.82099999998224, -41.99799999997491, -14.187999999986761], "0.14": [-50.00000000000659, -40.104999999967205, -28.157999999974837, -46.11499999999166, -0.3520000000017927], "0.16": [-48.623000000000665, -50.00000000000659, -23.55099999997619, -39.189999999969174, -42.249999999978336], "0.18": [-48.60300000000059, -47.674999999997446, -22.72099999997951, -36.443999999971304, -46.08499999998961], "0.2": [-48.56400000000045, -39.01299999997474, -12.820999999994251, -44.97899999998923, -44.783999999994876]}}