{"goal": {"0.0": [96.20799999999399, 95.78599999999128, 97.1189999999948, 96.41099999999356, 97.8399999999961], "0.02": [-50.00000000000659, 84.44199999998827, -50.00000000000659, 68.15399999997717, -25.727999999983926], "0.04": [-48.90900000000266, -1.7089999999998486, -24.944999999978933, 60.12499999998774, 75.55199999997794], "0.06": [-16.856999999993175, -45.602999999988995, -50.00000000000659, 41.6290000000022, 6.262999999995059], "0.08": [-48.55100000000041, -50.00000000000659, -50.00000000000659, 6.991999999992787, -5.355000000001148], "0.1": [-31.740999999973997, -50.00000000000659, -50.00000000000659, -4.687000000004897, -11.83499999999424], "0.12": [-27.17099999997843, -50.00000000000659, -50.00000000000659, -31.217999999975742, 0.06799999999980189], "0.14": [-46.59699999999375, -50.00000000000659, -48.9760000000065, -23.15999999997866, -3.29400000000398], "0.16": [-46.304999999990414, -50.00000000000659, -50.00000000000659, -26.550999999976188, 0.37199999999740646], "0.18": [-44.2169999999864, -50.00000000000659, -50.00000000000659, -37.798999999971834, -14.201999999984155], "0.2": [-45.37199999998611, -50.00000000000659, -50.00000000000659, -14.953999999997976, -24.664999999977297]}, "action": {"0.0": [96.20899999999399, 94.17599999998984, 95.640999999993, 96.43299999999361, 97.85899999999603], "0.02": [-45.726999999989445, -0.8130000000035251, -47.45899999999552, 59.7539999999909, -18.234999999992098], "0.04": [-42.810999999978684, -50.00000000000659, -15.406999999994113, 25.211000000010696, 0.15599999999580122], "0.06": [-13.15799999999498, -14.319999999989001, -33.83299999996932, 79.02799999998616, 25.943000000019453], "0.08": [-16.96999999998711, -33.23399999997209, -35.93399999996941, 24.119000000008832, 28.785000000014353], "0.1": [-4.460000000006593, -27.75199999997506, -29.982999999970207, -36.46499999997313, 11.162999999991682], "0.12": [-24.32699999997807, -18.658999999981717, -27.356999999977432, 5.362999999994241, 2.5389999999946293], "0.14": [-41.384999999973424, -35.79499999997158, -39.19599999996803, 23.69800000001671, -1.8030000000009048], "0.16": [-32.792999999971734, -44.58799999998609, -44.73399999998379, 6.028999999997403, -7.744000000008466], "0.18": [-41.16699999997657, -37.55299999996975, -42.35999999997902, 17.643000000004555, -24.98499999997765], "0.2": [-45.48399999999259, -47.759999999996616, -35.287999999968854, -13.96199999999394, -34.41799999997101]}}