{"goal": {"0.0": [94.33399999999672, 90.57199999998421, 96.1609999999957, 97.86799999999606, 97.64499999999555], "0.02": [79.13499999998595, -19.331999999989566, 77.13099999998236, 89.06999999998126, 94.6189999999946], "0.04": [3.34499999999847, 23.83300000000941, 82.74899999998266, 81.86499999998149, 55.506999999980444], "0.06": [-20.207999999985166, -11.453000000002076, 72.33299999998911, 80.31099999998878, 47.83099999999572], "0.08": [-24.75999999997292, 3.7139999999962483, 45.60300000000683, 81.65899999998427, 73.3579999999919], "0.1": [-9.449999999988833, 33.629000000014955, 25.33300000001832, 42.13900000001202, 65.15899999997437], "0.12": [-1.5960000000028882, 15.29900000000389, -2.745999999999282, 21.470000000011947, 38.27000000002084], "0.14": [13.235000000000966, -7.584000000003282, -18.661999999990357, 33.37200000001353, 2.1159999999960952], "0.16": [-12.7359999999976, -11.803999999996856, -20.593999999981378, 28.86000000001504, -10.623000000001921], "0.18": [-28.982999999974364, -23.154999999978653, -19.08399999998724, 9.441999999996323, -20.931999999988193], "0.2": [-22.20099999998438, -18.189999999987805, -31.091999999974767, -11.015999999999043, -24.300999999984256]}, "action": {"0.0": [97.37799999999562, 93.2029999999872, 93.2069999999928, 97.86499999999606, 97.64499999999563], "0.02": [75.39899999998914, 97.49799999999546, 68.07699999998846, 79.25999999998436, 69.57999999998543], "0.04": [90.94099999998551, 64.3460000000029, 46.74100000000426, 33.14500000001654, 62.0899999999926], "0.06": [96.4169999999944, 0.004999999998709786, 37.21400000001634, -25.90599999997216, 46.42699999999571], "0.08": [-32.06299999996815, 4.318999999997946, -21.92499999998121, -44.810999999985604, -39.991999999969806], "0.1": [-41.24899999996838, -32.018999999973424, -7.47600000000435, -48.76200000000117, -47.8549999999981], "0.12": [-41.41499999997353, -43.16099999997943, -37.384999999969, -47.476000000000134, -48.91400000000172], "0.14": [-37.329999999970184, -48.70200000000095, -28.838999999978434, -44.97499999999124, -47.810000000001345], "0.16": [-39.720999999970395, -47.36599999999518, -20.742999999982526, -39.17599999996961, -47.87699999999704], "0.18": [-23.177999999980006, -47.39799999999842, -38.25599999997019, -38.0919999999704, -47.64299999999619], "0.2": [-43.93699999998057, -50.00000000000659, -38.34099999997359, -47.66699999999628, -47.709999999996434]}}