{"both": {"0.0": [96.21599999999403, 91.40599999999405, 95.88999999999218, 96.60299999999259, 97.16099999999484, 96.42899999999354, 97.85799999999607, 96.16399999999575, 95.00699999999355, 98.1059999999965], "0.02": [59.376000000001426, 63.5779999999892, 46.54199999998818, 97.20099999999496, -30.247999999973377, 4.744999999996808, 92.33099999999186, 13.525000000000198, 41.7680000000089, -29.36099999997352], "0.04": [-7.888000000002083, 41.04300000001179, -50.00000000000659, -24.791999999986, 13.262999999998517, -9.762000000007632, 32.13300000001258, -0.08200000000130146, 14.509000000011651, -7.718000000006148], "0.06": [-12.203999999997734, 31.440000000018493, -48.57500000000049, -29.749999999979817, -9.004000000005465, -31.098999999976385, 23.39000000001292, -11.596999999995255, -20.74299999998724, -19.930999999984735], "0.08": [-50.00000000000659, -14.051000000001773, -48.95400000000187, -40.48399999996999, -15.005999999990753, -43.83699999997962, -6.900000000001005, -39.2569999999711, -20.780999999990435, -48.62900000000069], "0.1": [-50.00000000000659, -34.682999999975095, -31.619999999975093, -50.00000000000659, -5.014000000002791, -50.00000000000659, -23.20299999998088, -42.05899999997224, -32.832999999976074, -50.00000000000659], "0.12": [-50.00000000000659, -47.38599999999632, -26.865999999971635, -50.00000000000659, -10.55500000000159, -44.31399999998135, -26.23399999998116, -43.472999999979166, -43.578999999983225, -50.00000000000659], "0.14": [-50.00000000000659, -46.00899999999083, -26.982999999970044, -50.00000000000659, -26.09899999998178, -35.20299999996734, -31.12399999997327, -47.81200000000067, -38.96199999997159, -48.65500000000078], "0.16": [-50.00000000000659, -50.00000000000659, -32.09599999997222, -48.915000000001726, -31.339999999975245, -40.27699999996727, 16.778000000009715, -50.00000000000659, -41.62299999996974, -47.062999999994084], "0.18": [-50.00000000000659, -50.00000000000659, -27.104999999973288, -48.89500000000166, -20.730999999981435, -43.77699999998479, 24.40600000001247, -50.00000000000659, -39.48199999996925, -50.00000000000659], "0.2": [-50.00000000000659, -50.00000000000659, -39.610999999971696, -46.68499999999384, -28.93199999997322, -41.56899999997052, -20.718999999977797, -50.00000000000659, -40.62499999996848, -47.08099999999415]}, "goal_only": {"0.0": [97.69299999999573, 85.50199999999204, 96.03499999999408, 96.52899999999248, 97.12899999999485, 96.38399999999353, 97.86299999999605, 94.75199999999471, 93.7279999999913, 98.1129999999965], "0.02": [-25.984999999972327, 70.40199999998156, 91.218999999997, 91.36499999999177, 9.151999999992979, -19.137999999984046, 97.839999999996, 86.79799999998059, 31.356000000019115, 98.09299999999648], "0.04": [-38.91299999997146, 14.656000000004026, -50.00000000000659, 96.93999999999387, 51.75999999999017, -15.207999999991547, 97.84999999999606, 12.393999999996327, 18.647000000024153, 98.08199999999648], "0.06": [-50.00000000000659, -25.548999999975162, -28.9269999999772, 95.82999999999349, 91.12899999999166, -10.976, 97.831999999996, -7.981000000005075, 22.349000000017536, 98.09199999999646], "0.08": [-50.00000000000659, -14.986999999986732, -38.36399999996947, 69.42399999998956, 94.02299999999228, -50.00000000000659, 97.79699999999599, -30.482999999972744, 39.510000000016696, 98.09399999999647], "0.1": [-50.00000000000659, -17.762999999993237, -38.33299999996785, 20.522000000016707, 88.8699999999858, -48.56500000000159, 97.7719999999959, -39.29699999997002, 5.5889999999964814, 98.0869999999965], "0.12": [-50.00000000000659, -14.083999999995605, -43.86399999998562, 34.91900000001728, 92.55099999999248, -25.24199999998508, 97.7859999999958, -42.15599999997487, -23.30199999998219, 98.10699999999653], "0.14": [-50.00000000000659, -11.78400000000089, -43.86899999998536, 14.754000000005243, 93.87899999998972, 0.6909999999986774, 97.79099999999593, -25.854999999971298, 1.8229999999976143, 98.08399999999645], "0.16": [-50.00000000000659, 3.584999999997807, -26.25999999997407, 41.152000000013096, 92.52699999999344, -31.073999999977232, 97.78299999999592, -15.268999999990374, -4.6220000000030685, 96.61699999999709], "0.18": [-50.00000000000659, -1.2060000000026687, -41.55999999996951, 35.314000000007894, 91.00999999999117, -22.43899999998286, 97.80899999999596, -40.0809999999695, -9.273000000004886, 98.09099999999647], "0.2": [-50.00000000000659, -5.018000000002352, -44.86699999998649, 31.929000000011037, 92.44399999999074, -16.578999999991325, 97.82099999999595, -45.08699999999054, -1.287000000002566, 98.0979999999965]}, "action_only": {"0.0": [97.69399999999574, 84.13799999998928, 95.62399999999374, 94.63699999998911, 97.11699999999482, 96.41699999999354, 97.84599999999608, 96.21999999999643, 93.6069999999927, 98.1099999999965], "0.02": [72.69299999999143, 54.78300000000068, 83.54799999998222, 97.19099999999506, -25.368999999976968, 58.8459999999876, 90.1469999999927, 64.39199999997881, 82.11799999997729, -30.911999999974086], "0.04": [-6.473000000002852, 38.56400000001353, 7.604999999998865, 0.2569999999998936, 18.057999999998923, 40.58100000001734, 23.687000000014983, 16.495000000019207, 48.515000000001294, -45.89599999998892], "0.06": [-45.73999999999745, 37.52200000001571, 5.291999999992908, -38.43499999996918, 21.804000000008667, 14.82399999999627, 13.04699999999923, 1.4579999999931268, 20.31600000001791, -32.341999999969715], "0.08": [-50.00000000000659, -5.595000000003715, -8.579000000004028, -47.44599999999547, 12.58600000000124, -34.49199999996867, 16.801000000014398, -9.816999999999165, -3.0500000000007947, -43.232999999977416], "0.1": [-50.00000000000659, -39.57899999997223, -38.09599999996721, -46.613999999991535, 0.6809999999951966, -46.20399999999208, -1.153999999999716, -15.771999999983363, -39.89499999996967, -50.00000000000659], "0.12": [-50.00000000000659, -42.15499999997448, -36.15199999997048, -45.49399999999201, -21.019999999987878, -43.57999999998285, -23.631999999978504, -14.215999999991288, -46.24899999999021, -47.2319999999947], "0.14": [-50.00000000000659, -50.00000000000659, -41.319999999968644, -43.832999999980736, -22.75399999997594, -39.221999999967736, -28.575999999984596, -19.673999999984133, -46.022999999994845, -48.644000000000744], "0.16": [-50.00000000000659, -50.00000000000659, -45.09799999998824, -41.04599999996939, 7.358999999997434, -28.358999999972, -32.97899999997113, -19.860999999981413, -35.76099999997271, -48.65700000000079], "0.18": [-50.00000000000659, -50.00000000000659, -44.558999999987485, -39.19999999997074, -6.649000000006257, -42.472999999976246, -42.909999999983064, -34.216999999970064, -42.163999999974614, -50.00000000000659], "0.2": [-50.00000000000659, -50.00000000000659, -43.72599999998172, -44.19999999998407, -23.926999999980467, -39.568999999969066, -48.827000000001405, -43.83799999998736, -30.962999999980756, -50.00000000000659]}}