{"goal": {"0.0": [], "0.02": [], "0.04": [], "0.06": [], "0.08": [], "0.1": [], "0.12": [], "0.14": [], "0.16": [], "0.18": [], "0.2": []}, "action": {"0.0": [91.30599999999194, 94.81599999999338, 86.00699999998947, 83.63599999998593, 90.83999999999138], "0.02": [65.66899999999004, 85.73099999998483, 79.23499999998218, 73.52299999998638, 84.32599999998938], "0.04": [49.55500000000247, 50.05300000000164, 29.32400000001184, 46.802000000013116, 58.7409999999864], "0.06": [-15.539999999995167, 28.953000000017724, -13.807999999993253, 0.6679999999999524, 6.795999999993877], "0.08": [-30.80899999997043, -17.035999999975402, -34.88699999997356, -34.491999999972684, -18.87199999998602], "0.1": [-42.18099999997973, -25.984999999978687, -45.85299999998877, -43.0469999999847, -38.921999999968506], "0.12": [-41.73699999997243, -32.024999999975904, -47.406999999995335, -40.28999999997092, -43.63299999998001], "0.14": [-47.73999999999768, -34.174999999972584, -47.65299999999715, -47.25499999999933, -45.65399999998827], "0.16": [-45.39399999999188, -38.7439999999689, -47.404999999995326, -48.97500000000195, -46.04099999998945], "0.18": [-47.85299999999874, -41.18799999996953, -50.00000000000659, -48.59400000000056, -50.00000000000659], "0.2": [-47.78899999999763, -35.92599999997214, -47.62599999999727, -48.975000000003085, -47.43399999999544]}}