{"goal": {"0.0": [96.02699999999402, 96.54399999999582, 94.23599999999144, 96.40499999999349, 97.85899999999607], "0.02": [56.76999999999007, 96.40299999999348, 82.0669999999813, -12.247000000002986, 96.77399999999419], "0.04": [-39.873999999968866, -36.47599999997001, 84.93899999998413, -32.06999999997395, 86.44699999998946], "0.06": [-34.00899999997407, -32.466999999970234, 64.07199999997158, 49.34900000000214, 60.81399999998003], "0.08": [-50.00000000000659, -47.848999999997794, -31.27099999996819, 19.163000000016247, 39.959000000018015], "0.1": [-50.00000000000659, -50.00000000000659, -11.67299999999693, 11.19699999999642, -16.76999999998796], "0.12": [-39.31899999996906, -50.00000000000659, -45.30899999999043, -48.678000000000864, -29.153999999980083], "0.14": [3.996999999999971, -48.81700000000137, -47.42299999999539, -48.5730000000014, -31.406999999980155], "0.16": [10.727000000000947, -50.00000000000659, -50.00000000000659, -50.00000000000659, -27.505999999979753], "0.18": [17.658000000007007, -50.00000000000659, -36.015999999969104, -50.00000000000659, -38.012999999968194], "0.2": [-23.47399999997542, -47.69699999999738, -44.914999999984445, -50.00000000000659, -48.64100000000073]}, "action": {"0.0": [95.37699999999191, 95.79299999999564, 95.65399999999543, 96.41699999999344, 97.84099999999606], "0.02": [37.4080000000164, 89.3189999999902, -32.60599999997238, 6.003999999995267, 70.85799999997238], "0.04": [26.060000000005804, -21.112999999981135, 33.18400000001739, 9.971999999996667, 24.1500000000127], "0.06": [-11.00800000000401, -50.00000000000659, 2.3919999999962425, 41.01900000001621, -29.193999999976416], "0.08": [-16.769999999987064, -50.00000000000659, -9.887999999998693, 8.285999999994191, -34.63799999997399], "0.1": [-35.172999999969186, -50.00000000000659, 18.920000000020142, -45.65799999999283, -40.75399999996838], "0.12": [-27.486999999973342, -47.82099999999797, 12.368000000021311, -39.330999999967226, -43.264999999981804], "0.14": [-17.459999999993233, -47.72399999999649, 4.065999999997583, -43.72599999998056, -48.86200000000267], "0.16": [-31.30899999997043, -48.91200000000172, -2.25300000000541, -36.22999999996817, -45.80299999999427], "0.18": [-31.02299999997705, -42.09999999997148, 6.432999999998288, -47.93899999999839, -47.663999999996264], "0.2": [-36.53199999997338, -48.944000000001836, 4.041999999997723, -45.8869999999889, -50.00000000000659]}}