{"0.0": [97.5719999999951, 96.21999999999325, 94.81999999999239, 97.94699999999621, 95.1709999999945, 97.84999999999602, 95.97799999999278, 96.15399999999313, 97.01699999999464, 96.47699999999594], "0.02": [14.470000000004882, 72.81299999998116, 64.06499999999156, 67.66799999998688, -44.18199999998292, -15.87599999999919, -41.312999999971474, 89.45499999998923, 80.87299999999048, 78.59199999999007], "0.04": [7.026999999992761, 36.21500000000899, 2.4509999999975474, 98.06699999999644, -47.23499999999584, -32.23799999997389, 83.09999999999295, 46.43500000000086, 36.354000000014025, -50.00000000000659], "0.06": [-1.9159999999995654, -19.996999999975664, -15.82999999998875, -44.72699999998576, -50.00000000000659, -41.31099999996952, 73.0629999999872, -10.093000000000295, 1.8159999999982412, -48.80100000000217], "0.08": [-48.562000000000445, -50.00000000000659, -36.745999999970714, -50.00000000000659, -50.00000000000659, -50.00000000000659, 46.601999999992486, -30.20499999997505, -18.84199999998269, -50.00000000000659], "0.1": [-50.00000000000659, -43.225999999978534, -33.560999999972715, -50.00000000000659, -50.00000000000659, -50.00000000000659, 8.139999999994885, -45.83499999999098, -23.239999999979567, -50.00000000000659], "0.12": [-48.92000000000175, -50.00000000000659, -16.428999999983965, -50.00000000000659, -48.59800000000512, -50.00000000000659, 0.7570000000008542, -43.25899999997867, -36.50199999996976, -47.708999999997566], "0.14": [-20.10599999998635, -50.00000000000659, -30.43199999997304, -50.00000000000659, -48.67800000000541, -46.64299999999392, -40.38799999996785, -48.62500000000181, -45.190999999991156, -36.890999999971946], "0.16": [35.75400000002068, -50.00000000000659, -36.0169999999716, -50.00000000000659, -50.00000000000659, -50.00000000000659, -48.59700000000057, -45.936999999993624, -46.233999999995625, -46.74399999999656], "0.18": [47.93199999998797, -36.75999999996752, -39.24699999996707, -50.00000000000659, -50.00000000000659, -50.00000000000659, -48.56600000000093, -50.00000000000659, -45.205999999988315, -44.51699999998209], "0.2": [-6.915000000004027, -31.880999999975735, -48.601000000001505, -50.00000000000659, -50.00000000000659, -50.00000000000659, -45.86999999999338, -46.00999999999133, -41.19999999997026, -50.00000000000659]}