{"0.0": [97.56799999999632, 96.12699999999285, 97.7649999999959, 97.93499999999618, 95.17699999999228], "0.02": [54.48399999998769, -50.00000000000659, 91.97399999999088, 93.41899999999781, -3.747000000003803], "0.04": [-14.542999999999903, -34.288999999973285, -18.64199999998474, 48.374999999981185, -46.04999999999216], "0.06": [2.544999999997841, -41.71199999998082, -44.233999999982736, -23.481999999980484, -50.00000000000659], "0.08": [3.281999999994613, -47.29399999999947, -42.952999999977536, -30.90599999998028, -47.32399999999579], "0.1": [-20.574999999984144, -43.32699999998117, -43.2729999999786, -22.47999999998028, -50.00000000000659], "0.12": [-31.809999999971534, -40.5569999999677, -44.30099999998311, -36.44999999997213, -50.00000000000659], "0.14": [-38.66899999997551, -37.04499999997367, -47.17099999999447, -44.36499999998252, -50.00000000000659], "0.16": [-45.171999999987094, -43.434999999984235, -47.541000000000366, -46.63399999999161, -50.00000000000659], "0.18": [-50.00000000000659, -42.163999999973754, -47.178999999995504, -50.00000000000659, -50.00000000000659], "0.2": [-47.69399999999638, -36.695999999973616, -46.5089999999957, -44.65399999998259, -48.58800000000054]}