{"goal": {"0.0": [98.20799999999669, 97.74099999999603, 96.132999999993, 98.1649999999964, 87.90399999999153], "0.02": [-1.0750000000006616, 26.130000000008344, 81.95599999997532, -50.00000000000659, -50.00000000000659], "0.04": [-7.694000000004719, -48.5220000000003, 54.91499999999542, -50.00000000000659, -50.00000000000659], "0.06": [-41.93699999997521, -50.00000000000659, 49.966999999998876, -50.00000000000659, -50.00000000000659], "0.08": [-47.120999999995426, -50.00000000000659, 47.17899999999972, -50.00000000000659, -50.00000000000659], "0.1": [-50.00000000000659, -50.00000000000659, 38.63500000002484, -50.00000000000659, -50.00000000000659], "0.12": [-50.00000000000659, -50.00000000000659, 24.39300000000747, -48.58500000000053, -50.00000000000659], "0.14": [-50.00000000000659, -50.00000000000659, 0.9489999999978842, -48.59700000000057, -50.00000000000659], "0.16": [-50.00000000000659, -50.00000000000659, -26.41999999997917, -48.69000000000091, -50.00000000000659], "0.18": [-50.00000000000659, -50.00000000000659, -24.311999999976756, -47.5089999999957, -50.00000000000659], "0.2": [-50.00000000000659, -50.00000000000659, -30.76999999997405, -46.23999999999205, -50.00000000000659]}, "action": {"0.0": [98.14699999999651, 97.61699999999558, 96.13599999999303, 98.05299999999649, 92.3589999999922], "0.02": [31.556000000019647, 9.256999999996177, 22.05200000001032, -41.816999999972495, -50.00000000000659], "0.04": [0.7219999999999298, -33.33399999997172, -50.00000000000659, -47.14399999999438, -50.00000000000659], "0.06": [-5.866000000005466, -28.87099999997627, -41.745999999971325, -50.00000000000659, -50.00000000000659], "0.08": [-45.80399999999541, -34.576999999970916, -31.93799999997681, -47.65300000000077, -46.14299999999096], "0.1": [-41.63899999997071, -33.0649999999702, -32.83799999996972, -46.043999999990604, -47.56700000000046], "0.12": [-50.00000000000659, -37.740999999971876, -34.27099999997561, -48.83300000000143, -48.82100000000252], "0.14": [-48.732000000001065, -47.221999999999205, -37.952999999971844, -46.188999999994536, -47.66999999999629], "0.16": [-48.673000000005395, -43.39199999997885, -45.71499999998907, -48.71200000000099, -50.00000000000659], "0.18": [-50.00000000000659, -42.53999999997512, -44.35499999998605, -50.00000000000659, -48.751000000001135], "0.2": [-48.61200000000063, -41.508999999969326, -45.561999999987655, -44.34999999999058, -50.00000000000659]}}