{"goal": {"0.0": [97.87899999999692, 97.7729999999959, 95.97099999999327, 98.2269999999968, 89.32499999999203], "0.02": [78.79099999998121, 16.14200000001836, 10.426000000005843, 62.38999999998937, 56.953999999998445], "0.04": [16.35000000000866, 37.34600000001765, -47.493999999996504, -5.027000000004879, 36.26400000002714], "0.06": [22.161000000009256, 32.5020000000163, -50.00000000000659, -23.98599999997802, 32.30000000002336], "0.08": [-3.3770000000015923, 41.7370000000174, -50.00000000000659, -43.08199999997687, 11.018999999995856], "0.1": [5.5679999999952665, -1.7360000000015348, -50.00000000000659, -41.61499999997176, -9.589000000008463], "0.12": [-5.340000000004885, 14.289000000003675, -50.00000000000659, -47.15399999999622, 0.9260000000005193], "0.14": [-20.358999999976014, -19.816999999989047, -50.00000000000659, -45.991999999989275, -22.271999999981585], "0.16": [-43.30799999997782, -39.335999999970866, -50.00000000000659, -44.25899999998433, -46.20499999999119], "0.18": [-48.61800000000065, -44.8499999999866, -48.99200000000201, -47.108999999998794, -43.56199999998885], "0.2": [-46.027999999989405, -45.57199999998911, -48.62700000000068, -45.89799999999803, -36.953999999973256]}, "action": {"0.0": [97.705999999996, 97.73999999999596, 91.34699999998901, 98.1689999999968, 92.29599999999449], "0.02": [74.03899999997911, 61.90999999999057, 90.3979999999876, -26.333999999986222, 59.97299999999014], "0.04": [38.257000000015445, 68.9239999999755, 71.15599999999021, -36.859999999972416, 40.58200000002008], "0.06": [60.144999999986204, 31.046000000016594, 53.60700000000306, -21.633999999981928, -35.15699999997034], "0.08": [12.016000000006995, 6.129999999997251, 50.21800000000973, -35.96799999997345, -29.749999999977476], "0.1": [7.055999999994604, -0.4320000000019998, 25.29200000001187, -19.10499999998387, -35.430999999971284], "0.12": [-6.92500000000343, -9.845000000005381, 6.764999999997969, -15.43699999999824, -30.946999999977464], "0.14": [-17.50299999998795, -18.459999999991602, 14.287000000006469, -33.72599999996937, 9.314999999995884], "0.16": [-26.69199999997531, -17.60299999998567, -2.7520000000026412, -23.039999999980658, -6.585999999996728], "0.18": [-31.572999999974055, -23.603999999978722, -11.756000000002569, -44.66199999998353, -9.237000000004834], "0.2": [-37.61099999997311, -11.238000000000202, -19.175999999982174, -36.54399999997158, -12.405999999992364]}}