{"goal": {"0.0": [], "0.02": [], "0.04": [], "0.06": [], "0.08": [], "0.1": [], "0.12": [], "0.14": [], "0.16": [], "0.18": [], "0.2": []}, "action": {"0.0": [94.22399999999257, 86.43199999998896, 94.40099999998971, 95.29499999999206, 93.05499999999034], "0.02": [54.63399999999218, 20.045000000000833, 17.662000000016622, 62.70799999999179, 6.289999999997127], "0.04": [38.399000000019385, -28.606999999976736, -29.540999999974932, -37.74299999996958, -45.69699999998934], "0.06": [1.2089999999986538, -39.84699999996923, -46.00099999999045, -45.996999999991566, -45.92299999999471], "0.08": [0.5569999999999377, -46.05499999999128, -47.25199999999566, -48.60200000000059, -50.00000000000659], "0.1": [-11.956000000002318, -47.4950000000002, -48.74200000000195, -48.99500000000202, -50.00000000000659], "0.12": [-28.376999999975823, -48.93100000000214, -46.363999999993524, -47.90500000000169, -47.96700000000192], "0.14": [-38.44899999997153, -50.00000000000659, -38.79099999996749, -50.00000000000659, -48.57500000000049], "0.16": [-34.35899999996811, -44.48599999998286, -45.39699999998726, -48.68400000000202, -50.00000000000659], "0.18": [-32.8199999999719, -46.26499999999028, -42.95699999997778, -48.572000000001616, -48.71100000000203], "0.2": [-36.56499999996906, -47.42099999999993, -38.608999999968795, -48.97100000000193, -48.79000000000127]}}