{"goal": {"0.0": [94.12299999998937, 91.44799999998618, 96.26999999999411, 97.96199999999624, 94.91799999999166], "0.02": [-50.00000000000659, -6.197000000007177, 4.244999999997593, 98.51999999999718, -36.35599999997107], "0.04": [27.760000000020092, -44.37999999998364, -41.542999999973006, -10.193000000004435, -44.88199999998433], "0.06": [-26.59999999998081, -48.71200000000099, -25.883999999975995, -17.8179999999811, -14.85899999999843], "0.08": [-47.18699999999453, -38.68199999997055, -33.16699999997317, -42.73799999997676, 9.596999999996596], "0.1": [-48.615000000000634, -41.680999999972066, -4.297000000004139, -50.00000000000659, 18.71000000000199], "0.12": [-25.9829999999806, -50.00000000000659, -15.481999999984852, -50.00000000000659, 11.740999999997175], "0.14": [-41.18299999996864, -48.62400000000368, -48.72000000000104, -50.00000000000659, -13.179999999993136], "0.16": [-48.83300000000143, -50.00000000000659, -50.00000000000659, -41.30699999997064, -25.61599999998225], "0.18": [-48.77300000000121, -50.00000000000659, -50.00000000000659, -50.00000000000659, -35.3659999999721], "0.2": [-48.69200000000092, -50.00000000000659, -50.00000000000659, -48.55000000000126, -10.256000000005123]}, "action": {"0.0": [90.23899999998504, 91.22599999998613, 97.67099999999577, 97.89399999999608, 94.80699999999025], "0.02": [70.96799999997414, -50.00000000000659, -0.7700000000009528, -7.722000000003087, -1.641000000002162], "0.04": [6.7019999999965885, -47.13299999999547, -35.57599999997064, -50.00000000000659, -44.314999999984536], "0.06": [15.715000000012099, -42.9719999999812, -38.76799999996931, -50.00000000000659, -44.49899999998748], "0.08": [-36.28699999997455, -47.511000000001175, -40.5039999999705, -50.00000000000659, -38.97299999997164], "0.1": [-17.328999999985495, -50.00000000000659, -40.5529999999677, -50.00000000000659, -41.895999999981875], "0.12": [-45.990999999990166, -50.00000000000659, -50.00000000000659, -50.00000000000659, -16.463999999994893], "0.14": [-47.35299999999627, -48.6330000000007, -48.841000000002595, -50.00000000000659, -18.96099999997842], "0.16": [-44.9849999999847, -50.00000000000659, -38.39099999997127, -41.98299999997196, 9.427999999996082], "0.18": [-44.66999999998416, -44.323999999987834, -46.28899999999604, -47.388999999995264, -20.24299999998352], "0.2": [-47.517999999996874, -41.66399999997434, -43.64399999997892, -35.781999999971816, -22.368999999983945]}}