{"goal": {"0.0": [], "0.02": [], "0.04": [], "0.06": [], "0.08": [], "0.1": [], "0.12": [], "0.14": [], "0.16": [], "0.18": [], "0.2": []}, "action": {"0.0": [94.41399999999236, 95.94799999999238, 89.52699999999521, 90.27299999999076, 83.06699999998759], "0.02": [82.84499999998019, 86.67499999998881, 79.57699999998749, 61.351999999991506, 57.44199999998243], "0.04": [64.93599999999796, 59.599999999985044, 70.75699999999459, 34.508000000016324, 58.362999999994045], "0.06": [52.75599999999038, 56.01999999998311, 68.34899999998629, 27.7420000000162, 39.76400000001761], "0.08": [36.1220000000105, 16.038000000007397, 58.876999999987355, 24.999000000013567, 33.47500000001383], "0.1": [17.00300000000361, 13.682000000011767, 39.37500000001748, -18.58599999998739, 21.19500000001973], "0.12": [0.9269999999970665, -6.997000000007259, 24.03800000001666, -28.200999999977075, 8.085999999995579], "0.14": [-3.8530000000002427, -23.142999999980344, 0.9579999999963646, -34.050999999975176, 4.015999999994208], "0.16": [-7.080000000003926, -28.722999999975485, -17.85099999999503, -41.98899999997297, 7.518999999998274], "0.18": [-6.978000000007928, -26.23699999997413, -23.659999999982098, -44.66999999998647, 4.287999999998551], "0.2": [-6.028000000002816, -27.563999999976566, -19.806999999978842, -44.93399999998906, -8.103000000006652]}}