{"both": {"0.0": [95.47699999999104, 93.06199999998968, 92.51099999998931, 91.31199999999255, 86.87499999998408, 96.18799999999388, 95.23799999999208, 97.11099999999473, 96.68299999999391, 89.01099999999236], "0.01": [95.13999999999122, 91.13599999998542, 70.35999999998576, 93.45599999998882, 91.25299999998686, 89.67199999998884, 77.09199999998606, 79.90799999998625, 95.11999999999078, 89.34599999999375], "0.02": [22.098000000012817, 85.49699999998373, 79.275999999985, 53.889999999977015, 84.77099999998583, 87.22099999999148, 69.40799999997449, 25.850000000014692, 79.81099999997723, 98.35199999999686], "0.03": [70.67499999997929, 83.04999999998468, 36.63800000001607, 53.17499999997577, 82.7239999999813, 56.35799999999585, 87.833999999996, 37.3540000000206, 43.708000000014756, 90.7579999999932], "0.04": [18.203000000016953, 84.36599999998893, 73.43799999998629, 25.605000000019263, 72.47999999998736, 54.71099999998298, 64.35699999998677, 32.32400000001713, 48.58600000000452, 94.76099999999484], "0.05": [34.31500000001509, 89.55999999998728, 83.55799999998543, 10.316999999995687, 75.4829999999895, 20.22500000000432, 58.16099999999379, 5.89199999999616, 59.19799999999496, 76.77199999999186], "0.06": [21.88000000001602, 69.45899999998689, 73.60699999998573, -12.989999999996671, 63.48199999996976, 16.156000000007598, 38.59100000001325, 26.42700000001445, 39.48200000001597, 82.06599999998578], "0.07": [-36.17399999997525, 87.74899999998829, 22.601000000021436, -21.499999999992628, 64.03499999997263, 25.55300000001232, 35.37900000001335, 26.244000000020684, 21.11000000001462, 59.12399999998954], "0.08": [-50.00000000000659, 86.81699999998935, 41.31600000001482, -22.81599999998571, 65.36599999999913, 28.27100000001613, 23.07100000001459, 27.98000000000915, 29.771000000020926, 26.932000000014444], "0.09": [-50.00000000000659, 76.26699999998988, 41.9720000000119, -27.009999999977094, 16.81000000000258, 29.458000000005438, 25.718000000017064, 15.16300000000498, 16.37100000001268, -5.281000000003834], "0.1": [-50.00000000000659, 87.10699999998828, 41.31800000001613, -41.38999999997066, -6.1910000000060315, 1.0979999999977827, -2.123000000004103, 51.21399999999048, 5.367999999998066, -8.860000000005762]}, "goal_only": {"0.0": [95.37999999999204, 93.90299999998844, 92.26499999999066, 88.57999999998847, 84.5069999999864, 96.19499999999647, 92.192999999988, 97.06499999999542, 96.52999999999342, 93.37199999999066], "0.01": [96.1169999999931, 92.4939999999858, 95.6829999999943, 94.74199999999227, 90.67299999998484, 97.48599999999557, 85.14999999999087, 91.5759999999861, 95.33099999999058, 90.93199999999], "0.02": [96.4979999999939, 93.7189999999892, 93.28499999999362, 68.89599999998879, 86.03899999998322, 97.35999999999527, 84.14099999998587, -25.088999999974114, 84.07999999998654, 91.83099999999254], "0.03": [97.07399999999403, 93.07899999998682, 26.1620000000152, 96.2369999999934, 70.53399999997777, 94.0849999999909, 71.13399999998771, -24.657999999977616, 85.05799999997987, 60.28499999999479], "0.04": [95.99499999999055, 92.0889999999851, 70.3029999999688, 92.64999999999112, 86.64099999998297, 94.2619999999938, 83.68099999998381, 31.92800000001101, 65.87799999997746, 84.45499999999056], "0.05": [96.57699999999451, 92.25599999998894, 82.74599999997523, 73.07999999999258, 72.55299999998526, 88.16999999999557, 93.28199999998802, 35.55600000001898, 65.1609999999719, 80.1079999999895], "0.06": [94.68999999998981, 93.60799999998866, 92.81199999998555, 52.83199999999544, 64.62499999999251, 93.8419999999951, 82.06399999998557, 28.502000000016036, 49.701999999998996, 38.810000000014796], "0.07": [27.83000000001148, 92.44699999998667, 54.725999999984154, 68.7589999999828, -0.3690000000001291, 54.886999999977796, 86.1499999999795, 16.782000000004825, 53.64000000000053, -50.00000000000659], "0.08": [-7.455000000004719, 93.25999999998827, 86.80199999998236, 65.01999999999609, 17.13900000000089, 47.74400000000447, 87.59399999999025, 12.354000000007174, 19.86900000000607, 90.29399999999403], "0.09": [-29.61199999997811, 93.23799999998845, 87.76299999997848, 58.61999999997903, 24.51400000001663, 42.42900000000996, 93.78199999998951, 13.041000000006548, -0.31200000000465145, 95.27199999999324], "0.1": [-28.521999999976575, 93.44099999998637, 82.49599999998185, 61.77499999998073, 24.418000000011567, 37.39300000001699, 96.39499999999343, 2.024999999997631, 2.067999999998698, 90.68899999999662]}, "action_only": {"0.0": [95.05699999999146, 82.00699999998136, 91.88799999998757, 90.02599999999055, 87.30499999998163, 94.66699999999453, 91.13099999999204, 97.22699999999409, 96.46399999999345, 93.51199999999328], "0.01": [95.84899999999261, 83.56699999998223, 58.995999999987006, 47.51200000000465, 86.74099999998853, 93.94099999999136, 82.75699999998356, 76.28899999998947, 95.54099999999225, 98.11599999999636], "0.02": [18.548000000020487, 83.54999999997744, 79.13999999997137, 33.68900000001305, 88.47199999998628, 77.03599999999044, 60.71599999998993, 56.72199999998902, 75.28199999997837, 98.16099999999638], "0.03": [20.167000000010685, 76.45299999998082, 78.65299999998186, 37.74600000001599, 85.95899999998827, 56.47099999999026, 85.2619999999914, 54.518999999993156, 61.234999999980325, 97.94499999999576], "0.04": [46.06799999999882, 88.45299999998855, 90.73599999998527, 15.278999999997351, 83.81299999998751, 45.42999999999694, 75.34499999999069, 56.28900000000247, 52.7349999999934, 73.97599999998567], "0.05": [40.93600000000765, 92.80399999999086, 83.89099999998773, -3.8610000000014746, 81.023999999991, 30.424000000012583, 60.37299999998706, 38.59100000001429, 27.01900000001801, 74.08899999998273], "0.06": [32.55100000001751, 72.23799999998974, 79.08199999998564, -19.735999999979718, 65.52599999998756, 24.243000000017062, 33.16900000000937, 43.492000000007565, 41.30500000000526, 74.11299999998737], "0.07": [18.98400000001517, 94.00299999999446, 77.93699999998493, -40.04099999997084, 50.442999999987045, 10.647000000000354, 27.521000000013775, 44.41700000000982, 32.8240000000132, 64.83299999997772], "0.08": [24.82000000000985, 85.01099999999333, 65.65599999998012, -34.30999999997593, 9.311999999997346, 24.89400000000852, 15.843000000001235, 33.26900000001378, 27.45800000001769, 26.467000000013556], "0.09": [-7.893000000007728, 87.30499999999088, 62.3299999999847, -41.35199999997121, -36.47199999997115, 20.065000000003494, 9.365999999997038, 46.550000000002484, 7.044999999992942, 11.464999999997687], "0.1": [-26.432999999983238, 84.26799999998849, 48.109999999994315, -38.577999999970864, -45.90699999999099, 15.307000000017842, 16.17799999999999, 80.73999999998905, -9.081000000004748, -3.3519999999993155]}}