{"goal": {"0.0": [], "0.02": [], "0.04": [], "0.06": [], "0.08": [], "0.1": [], "0.12": [], "0.14": [], "0.16": [], "0.18": [], "0.2": []}, "action": {"0.0": [95.33599999999153, 88.06399999998811, 83.96199999997744, 93.39999999998854, 95.76199999999206], "0.02": [80.5379999999728, 74.82499999997725, 76.39099999997752, 10.245999999998846, 13.99600000000639], "0.04": [-1.5880000000029943, 36.98700000001531, 42.937000000014834, -32.87299999997373, -9.221000000005345], "0.06": [-24.78999999997478, 16.978000000021506, 8.34600000000472, -48.601000000005136, -12.903999999998002], "0.08": [-43.63299999997973, -25.104999999983782, -33.23599999997118, -48.86600000000155, -33.25699999997636], "0.1": [-38.40399999997239, -30.274999999971826, -42.093999999976916, -50.00000000000659, 4.691999999995744], "0.12": [-47.507999999996834, -30.80699999997619, -44.54499999998434, -50.00000000000659, -15.919999999993895], "0.14": [-41.70599999997346, -36.409999999969884, -50.00000000000659, -48.589000000001285, -24.90499999997425], "0.16": [-43.766999999982275, -36.17499999997299, -50.00000000000659, -50.00000000000659, -27.33299999997377], "0.18": [-50.00000000000659, -40.394999999970125, -50.00000000000659, -50.00000000000659, -43.382999999983646], "0.2": [-47.41699999999537, -47.23700000000381, -48.70400000000096, -50.00000000000659, -45.127999999994316]}}