{"goal": {"0.0": [], "0.02": [], "0.04": [], "0.06": [], "0.08": [], "0.1": [], "0.12": [], "0.14": [], "0.16": [], "0.18": [], "0.2": []}, "action": {"0.0": [95.23599999999163, 89.77399999998619, 84.15799999998478, 93.41299999998847, 96.07799999999314], "0.02": [76.43999999999218, 77.40199999998053, 41.83200000001118, 47.376000000008524, 23.363000000016854], "0.04": [65.6369999999844, 64.00399999998753, 22.742000000009575, 20.815000000007252, -9.701000000003052], "0.06": [63.91199999998396, 30.141000000018074, -18.632999999993935, 49.40399999999778, -15.633999999985923], "0.08": [39.62700000001959, -7.636000000006276, -37.18299999997202, 19.4840000000099, -26.267999999974794], "0.1": [7.068999999997828, -10.040000000002129, -40.90699999996852, -2.029000000000983, -14.869999999989343], "0.12": [-31.761999999973096, -13.266000000004333, -47.39899999999985, -1.620000000002666, -14.104000000002072], "0.14": [-42.26699999997413, -22.320999999982675, -47.47199999999557, -24.240999999980577, -26.32599999997905], "0.16": [-41.02599999996985, -22.473999999989168, -47.81599999999682, -22.5709999999736, -20.85899999998107], "0.18": [-43.617999999984505, -33.8829999999743, -46.3699999999952, -30.298999999979706, -25.983999999982267], "0.2": [-43.80999999998161, -25.760999999983753, -47.91599999999832, -27.109999999974146, -11.643999999999988]}}