{"goal": {"0.0": [94.30899999998947, 91.34899999998476, 96.1659999999938, 97.91799999999614, 94.78999999999017], "0.02": [92.96799999998977, 58.50999999997132, 53.16499999999707, 6.18899999999529, 61.59699999998334], "0.04": [-25.72299999998077, -9.605000000002388, 11.35499999999756, 8.017999999998123, 65.41999999998033], "0.06": [-40.122999999968954, -30.710999999974185, 40.82000000001081, -50.00000000000659, 23.462000000019835], "0.08": [-50.00000000000659, 14.365000000006093, 28.62600000001402, -50.00000000000659, 33.03700000000789], "0.1": [-50.00000000000659, -19.13099999998931, 27.344000000012603, -45.791999999993095, 1.1949999999985832], "0.12": [-50.00000000000659, -38.50299999996775, 14.53800000000109, -50.00000000000659, -21.44099999998009], "0.14": [-50.00000000000659, -35.044999999973264, -6.485000000005983, -50.00000000000659, -22.468999999977953], "0.16": [-50.00000000000659, -39.832999999969516, 10.574999999997932, -50.00000000000659, -23.661999999985273], "0.18": [-50.00000000000659, -50.00000000000659, -20.345999999985665, -50.00000000000659, -36.83099999997035], "0.2": [-50.00000000000659, -48.77600000000208, -9.134000000002452, -50.00000000000659, -32.37099999997183]}, "action": {"0.0": [90.48799999998762, 91.51899999998658, 96.1639999999939, 97.92699999999628, 94.661999999991], "0.02": [-27.721999999981396, 85.2399999999875, -37.54799999997065, 11.762000000006037, 82.77899999998601], "0.04": [-38.71699999997274, 90.8729999999886, -9.921000000004508, -44.12699999998234, 76.25799999998303], "0.06": [-15.065999999995467, 65.90099999998573, -5.626999999999892, -10.404000000004974, 61.714999999983405], "0.08": [-24.0619999999834, 44.287000000014935, -4.3130000000002795, 3.3849999999976377, 58.99399999997895], "0.1": [-28.262999999975058, 28.772000000016373, -11.971999999999568, 13.786000000001204, 30.610000000015724], "0.12": [-48.64300000000163, 9.744000000002902, 9.327000000004405, 1.7599999999996785, 9.613999999996665], "0.14": [-39.359999999969936, -28.46599999998183, 5.663999999994518, -0.014999999999067768, -24.785999999979264], "0.16": [-20.79299999998477, -29.99799999997739, 14.447000000002618, -12.949999999994265, -19.74999999998321], "0.18": [-30.717999999973667, -38.8339999999695, 0.7579999999995718, -47.032999999995106, -26.397999999975593], "0.2": [-37.3369999999722, -42.484999999974924, 5.050999999993894, -50.00000000000659, -28.78399999997477]}}