{"both": {"0.0": [95.55399999999145, 94.07899999999046, 92.29199999999099, 93.01299999998893, 96.18899999999385, 91.97099999999034, 96.91699999999457, 96.74099999999413, 89.70299999998905, 96.34499999999682], "0.02": [44.059000000013704, 96.75099999999748, 90.85899999998841, 28.146000000018862, 52.51299999997821, 83.92399999998567, 1.527999999998745, 30.38600000000841, -33.62399999997333, 70.27099999999446], "0.04": [-50.00000000000659, 90.6839999999933, 63.19699999998609, 16.04100000000213, 34.80800000001253, 81.89399999998307, -14.938999999988043, 27.1300000000159, -44.60899999998333, 53.14399999998607], "0.06": [-47.571000000000474, 82.29999999998529, 47.834000000015834, 34.43700000001243, 21.40300000001048, 30.282000000016183, -12.741999999993139, 49.233000000009916, -46.01099999999389, 78.17099999999012], "0.08": [-48.55100000000041, 68.6309999999877, 30.715000000022474, 54.35000000000057, 0.28399999999553066, 70.3079999999959, -25.527999999985738, 77.25699999999055, -36.408999999974434, 73.11999999998143], "0.1": [-50.00000000000659, 0.45300000000028356, 35.503000000017735, 28.25500000001217, 6.59899999999744, 54.15899999999387, 19.980000000011874, 66.1419999999871, -33.17699999997606, 35.411000000012855], "0.12": [-47.12699999999886, 33.71400000001995, 28.790000000019518, 48.713000000005316, -3.972000000004532, 64.79799999997641, 3.463999999997543, 2.8819999999998855, -44.67599999998813, 11.698000000003853], "0.14": [-44.343999999983225, 40.64900000001305, -0.7160000000038711, 29.521000000016357, 18.60600000000415, 43.597000000013956, -3.9090000000017993, 22.642000000011727, -44.54799999998398, 17.550000000015295], "0.16": [-48.64700000000163, 0.040999999997500966, 8.600999999994462, 15.872000000004999, -5.000000000002711, 54.45799999999616, -1.3610000000025155, 46.31200000000204, -42.16299999997467, 35.1290000000191], "0.18": [-44.46799999998396, 26.15300000001634, -0.0550000000058496, 1.0449999999983328, -3.97500000000643, 49.76400000000188, -3.3400000000053707, 35.979000000016704, -46.06299999999863, 47.15299999999388], "0.2": [-43.03799999997785, 29.72800000001498, 4.269999999999349, 2.463999999997979, -17.910999999981932, 9.032999999998506, -19.061999999991418, 14.358000000003047, -42.46799999997461, 24.15300000001025]}, "goal_only": {"0.0": [95.29999999999083, 93.00599999998636, 90.93799999998683, 94.27099999999089, 94.71099999999454, 93.87499999999174, 97.18299999999482, 96.47399999999323, 90.26699999999231, 88.93899999999225], "0.02": [96.37399999999334, 93.57499999998772, 52.82700000000264, 66.60799999997637, 96.83999999999361, 92.58799999998848, 22.016000000009186, 63.245999999981095, -24.360999999982255, 72.93199999997648], "0.04": [-12.916999999988507, 92.69199999998655, -9.286000000006432, 69.01299999998221, 53.7129999999918, 89.51699999998688, 13.353999999995592, 78.82899999998286, -48.79600000000129, -32.945999999971214], "0.06": [56.80999999999092, 91.88199999998635, -10.357000000006721, 69.54899999998857, 63.06799999998535, 93.45699999999259, -18.427999999995446, 88.82899999998324, -50.00000000000659, 83.19899999999014], "0.08": [-28.58399999997432, 87.88899999998773, 9.91299999999903, 63.73599999998611, -3.998000000005253, 96.31299999999301, -20.500999999980326, 92.80499999998823, -33.643999999972856, 83.65999999998934], "0.1": [-48.55100000000041, 92.98799999998668, 25.251000000008638, 73.57999999999616, 82.33299999998314, 94.95199999999203, 34.77700000001528, 95.15099999999093, 0.8109999999967976, 76.76199999998082], "0.12": [-43.179999999978364, 76.09599999998623, 88.23899999998085, 76.61299999998464, 61.02999999999152, 92.31799999998931, 1.4919999999990834, 92.63699999998771, 26.21300000001474, 68.6929999999855], "0.14": [-45.89399999998892, 76.55899999997968, 89.80299999998587, 80.136999999989, 62.134999999988175, 93.00099999999124, 69.03499999999357, 92.43099999998705, 2.4269999999954917, 9.662999999995845], "0.16": [-46.06499999999042, 72.33799999998273, 32.411000000010034, 79.27799999999411, 51.2459999999785, 92.69099999999038, 94.49099999999127, 92.57699999998768, 14.3569999999992, 25.52000000000426], "0.18": [-47.47499999999558, 77.86599999997583, 40.472000000013395, 81.72399999997904, 86.50799999998729, 94.51899999999142, 95.16699999999018, 95.02799999999132, 18.886000000007776, 94.61499999999211], "0.2": [-50.00000000000659, 73.33699999998527, 68.24099999997874, 63.85299999999559, 92.55899999999028, 92.7389999999886, 95.3269999999912, 95.07299999999161, 35.389000000016516, 37.08200000001372]}, "action_only": {"0.0": [95.32999999999193, 90.28799999998766, 84.04399999998512, 95.68899999999192, 96.09399999999357, 91.91399999999203, 97.10999999999466, 96.5529999999936, 82.82599999998905, 93.3469999999956], "0.02": [46.455000000005775, 97.62299999999513, 84.23699999998463, 76.83799999998651, 34.375000000016385, 78.16899999998205, 27.528000000014227, 78.13799999997943, 58.06000000000187, 70.99099999998695], "0.04": [39.746000000008706, 86.30499999998689, 79.26699999998169, 69.14599999998595, 13.517999999998299, 79.84299999997852, -18.76099999998454, 67.1999999999802, 47.44600000000682, 94.55799999999408], "0.06": [33.220000000020235, 88.41199999999274, 85.7489999999913, 53.489000000000395, 16.586000000017766, 46.22800000000569, -22.286999999980498, 89.32599999999229, 42.63000000000371, 89.74899999998921], "0.08": [33.64500000001363, 63.55999999998349, 71.00899999998246, 72.4549999999739, -11.815999999987298, 73.8679999999761, -4.822000000002501, 45.81600000000873, 15.023999999998708, 88.10199999998356], "0.1": [61.28399999999279, 23.335000000004985, 69.60799999997693, 77.07499999998329, -11.991000000003655, 61.93099999998182, 25.661000000017534, 23.38500000001344, 18.48600000002255, 56.93499999999988], "0.12": [38.207000000013224, 42.08700000001827, 58.57399999999394, 64.31699999999655, -11.428999999999812, 63.8749999999851, 24.784000000015798, 17.90600000000047, 9.106999999994377, 46.73100000000116], "0.14": [32.015000000014815, 17.04300000001782, 56.45599999998425, 0.4559999999980486, 1.0759999999946879, 48.375000000003155, 17.08300000000638, 12.896000000001493, -19.465999999988625, 19.58900000000811], "0.16": [41.29600000001824, -16.14599999999102, 46.485000000015226, -1.560999999999202, -10.738000000003654, 52.16199999998311, 34.69900000001342, 25.197000000020115, -15.899999999992804, 53.72199999999541], "0.18": [17.38200000000777, 3.583999999994337, 33.13800000001159, -7.421000000006789, 3.200999999996003, 43.17600000000747, 28.744000000009223, 39.93000000001347, -24.613999999972425, 45.307000000001175], "0.2": [-20.376999999982882, 31.75000000002037, 16.04600000000404, 2.475000000000538, 2.3379999999999965, 1.9369999999977336, 40.754000000011644, -31.80799999997575, -23.45999999998799, 23.544000000011483]}}