{"goal": {"0.0": [95.7249999999929, 88.57299999998504, 90.44899999998842, 91.05599999998557, 94.75399999999229], "0.02": [54.54999999997906, -32.83099999997518, -50.00000000000659, -50.00000000000659, -24.849999999984735], "0.04": [27.50400000001873, -4.644000000005158, -50.00000000000659, -50.00000000000659, -33.18499999997545], "0.06": [-11.732000000004419, -13.57999999998444, -50.00000000000659, -50.00000000000659, -48.537000000000354], "0.08": [-38.69299999996962, -13.508999999983597, -50.00000000000659, -50.00000000000659, -45.9179999999981], "0.1": [-7.498000000006837, 7.689999999996868, -50.00000000000659, -48.74600000000168, -48.764000000001175], "0.12": [-27.97399999997457, -15.22699999999161, -50.00000000000659, -46.649999999997355, -35.2379999999698], "0.14": [-21.148999999985755, -19.49399999998193, -39.932999999972814, -13.80599999998271, -43.458999999982545], "0.16": [-22.695999999981737, -0.2290000000032326, -50.00000000000659, 13.021000000010165, -40.398999999968986], "0.18": [-29.74299999997049, -34.74699999997264, -50.00000000000659, -9.092000000008106, -43.41099999998131], "0.2": [-34.206999999973206, -35.073999999975875, -50.00000000000659, -29.20599999997635, -39.39799999996807]}, "action": {"0.0": [95.75799999999262, 93.38699999999051, 93.02599999998988, 90.05999999998345, 96.19099999999406], "0.02": [60.509999999994115, -43.08299999998028, -50.00000000000659, -50.00000000000659, 32.18000000001296], "0.04": [48.80600000000227, -40.22199999996914, -50.00000000000659, -45.84899999999279, 24.03200000001307], "0.06": [3.077999999995935, -45.94399999999365, -50.00000000000659, -50.00000000000659, -34.81199999997335], "0.08": [20.15100000001183, -46.23399999999116, -47.315999999995, -45.85399999998991, -22.19899999998128], "0.1": [-7.845000000004908, -45.908999999989874, -36.87599999997241, -47.413999999996356, -25.038999999976358], "0.12": [-8.236000000006346, -42.448999999978206, -30.18799999997213, -48.571000000000474, -33.6969999999727], "0.14": [-17.40099999998155, -43.71499999998446, -43.335999999978355, -50.00000000000659, -44.61099999998516], "0.16": [-36.540999999968626, -43.864999999986956, -48.80400000000246, -50.00000000000659, -37.376999999975084], "0.18": [-22.88299999997922, -41.43899999997248, -50.00000000000659, -50.00000000000659, -45.8219999999932], "0.2": [-22.38199999997604, -39.74299999996867, -45.01999999999052, -50.00000000000659, -47.21799999999919]}}