{"goal": {"0.0": [95.75099999999209, 90.04299999998538, 90.73699999998672, 91.53299999999224, 96.00299999999497], "0.02": [24.244000000014683, 90.58299999999072, 29.751000000024447, 14.381000000009474, -13.535999999998067], "0.04": [-50.00000000000659, 71.12099999997903, -4.347000000002691, -23.112999999983316, -17.09899999998546], "0.06": [-50.00000000000659, 76.46399999998634, 11.310999999996794, -24.307999999978048, -5.7870000000029265], "0.08": [-47.13399999999907, 40.69900000001358, 12.146000000009927, -16.32799999999781, -42.87199999998732], "0.1": [-33.19799999997098, 7.327999999996685, -4.106000000006259, 3.5219999999965683, -27.22299999998245], "0.12": [-50.00000000000659, -12.701000000000652, -22.757999999982903, -19.28399999998474, -41.645999999972474], "0.14": [-40.10799999997379, -15.627999999992017, -26.57599999997587, -26.263999999977692, -38.813999999970655], "0.16": [-50.00000000000659, -11.439000000002824, -27.46399999997474, -36.033999999972764, -37.33699999996995], "0.18": [-48.70000000000095, -21.122999999990064, -39.24999999997139, -36.67999999997245, -37.03399999997112], "0.2": [-50.00000000000659, -25.238999999979736, -33.34099999997059, -34.288999999971445, -47.186000000003624]}, "action": {"0.0": [95.94199999999272, 90.08999999998792, 86.36899999998631, 87.2109999999879, 96.23399999999401], "0.02": [40.92300000001343, 92.59599999999642, 91.49699999998504, 42.359000000002304, 43.67300000000163], "0.04": [-30.467999999974932, 81.35799999998939, 76.19199999997386, 66.24499999998358, 31.12700000001571], "0.06": [-27.434999999977137, 51.19199999999011, 41.22800000001921, 37.82300000001741, 11.292000000005379], "0.08": [-8.421000000002646, 49.66600000000287, 50.3720000000051, 68.76899999998277, -26.34899999997258], "0.1": [-48.60700000000061, 20.342000000010348, 41.30200000001525, 66.10499999998201, -16.478999999992116], "0.12": [-41.833999999972555, -48.53200000000034, 31.096000000014815, 58.85599999998629, -15.446999999988742], "0.14": [-27.479999999979068, -50.00000000000659, 40.43800000000967, 41.86800000001322, -19.63799999998932], "0.16": [-36.21299999997097, -47.07799999999982, 15.51900000001616, 32.72100000001136, -24.18899999998184], "0.18": [-25.05999999998595, -50.00000000000659, 13.91900000002509, 46.47300000000484, -21.455999999983643], "0.2": [-39.362999999975756, -40.33199999997064, 3.559999999996969, 40.922000000014116, -10.705999999999273]}}