{"0.0": [92.12199999998683, 96.48699999999411, 95.43199999999182, 96.12199999999217, 91.69799999998948, 94.52799999999057, 90.85899999998692, 72.59099999998104, 96.3229999999931, 95.79199999999395], "0.02": [60.49499999998429, -9.94100000000339, 36.217000000014, -5.314999999997675, -39.991999999968215, 35.163000000015245, 72.72599999999149, -11.390000000000295, 65.58199999998877, 55.52099999999749], "0.04": [17.068000000002577, -30.221999999974813, 74.97699999997747, -10.982000000005103, -46.019999999990404, 46.05300000000563, 51.00899999999273, 8.4149999999974, 70.60499999998956, 52.80899999999392], "0.06": [-31.771999999977194, -38.719999999971044, 73.55299999999076, 21.324000000014465, -46.3019999999904, 9.025000000001498, 44.93000000000962, 0.7820000000001557, 59.22199999998479, 7.056999999997053], "0.08": [-40.211999999968924, -41.653999999972754, 92.94799999999427, 25.52500000000944, -43.375999999978795, 12.183999999999417, -2.576000000004243, -10.608000000001102, 62.48599999998814, -14.657999999991823], "0.1": [-40.187999999971865, -48.64500000000075, 95.46399999999286, 22.095000000006348, -44.84999999998876, 9.043999999997483, -21.332999999988665, 25.412000000017247, 24.939000000015568, -48.5230000000003], "0.12": [-35.719999999969374, -46.058999999994064, 68.03899999998575, 22.59000000001412, -38.33399999997018, -28.481999999976487, -32.976999999973685, 9.795999999999763, 32.65800000001497, -47.16199999999899], "0.14": [-44.26699999998436, -50.00000000000659, 32.54400000001628, 25.302000000005158, -28.113999999975366, -35.86099999997237, -32.18999999997213, 14.10500000000757, 19.552000000011045, -47.62499999999698], "0.16": [-47.18099999999906, -42.94399999997637, 15.66500000000965, -8.36200000000708, -25.65399999997555, -48.665000000000816, -42.993999999982805, 0.38799999999673396, 23.350000000017047, -47.1889999999954], "0.18": [-43.27499999997843, -42.99399999997968, -2.0950000000071745, -14.463999999986598, -26.80999999998066, -48.654000000005325, -38.77699999996841, -22.54299999998526, 13.96300000000389, -43.15799999997828], "0.2": [-45.91999999998902, -50.00000000000659, -14.661999999994087, -27.573999999975207, -23.894999999982787, -50.00000000000659, -41.33399999997051, -32.03699999997503, -5.611000000002257, -47.49099999999564]}