{"0.0": [92.54799999998686, 95.3559999999928, 95.65799999999153, 94.58599999999349, 85.88099999998981], "0.02": [26.140000000008616, -47.143999999995295, -50.00000000000659, -38.467999999974275, -50.00000000000659], "0.04": [4.971999999994331, -14.287999999998348, -50.00000000000659, -48.5490000000004, -24.567999999983467], "0.06": [-36.244999999973444, -43.62199999998247, -50.00000000000659, -37.65899999996944, -36.089999999973365], "0.08": [-50.00000000000659, -48.888000000003565, -50.00000000000659, -23.120999999980423, -28.953999999978233], "0.1": [-44.36199999998244, -45.94599999999138, -50.00000000000659, -29.912999999976897, -42.53099999997396], "0.12": [-47.243999999996795, -50.00000000000659, -50.00000000000659, -17.245999999981038, -47.33499999999507], "0.14": [-43.34999999997976, -50.00000000000659, -50.00000000000659, -3.0900000000019463, -35.05199999996816], "0.16": [-48.644000000000744, -50.00000000000659, -50.00000000000659, -27.455999999978822, -38.396999999969836], "0.18": [-48.593000000001695, -50.00000000000659, -50.00000000000659, -38.040999999971056, -36.03999999997244], "0.2": [-48.57900000000505, -50.00000000000659, -50.00000000000659, -44.682999999986585, -31.630999999974602]}