{"0.0": [92.95099999998892, 96.44699999999426, 93.4959999999919, 96.44899999999375, 93.12199999999115, 94.48699999999054, 88.93999999998738, 83.69399999998346, 96.25399999999333, 95.97999999999385], "0.01": [88.50499999998554, 70.53199999998135, 30.859000000019467, 84.3909999999845, 91.55499999998926, 96.29999999999347, 89.65699999998671, 43.04199999999741, 83.2049999999874, 95.68099999998985], "0.02": [82.99099999998259, 34.7490000000221, 22.36600000001402, 63.54399999998573, -27.57599999997764, 57.92099999999258, 80.1859999999843, 56.267999999988085, 78.37599999998409, 95.39799999999298], "0.03": [76.24699999998538, -33.474999999970734, 33.9020000000182, 31.20400000001639, -30.009999999973147, -1.1300000000042458, 62.996999999999325, 4.781999999996315, 30.89400000001841, -16.307999999995573], "0.04": [78.07399999997934, -35.847999999971, -3.181000000000817, 29.37000000001379, -40.81099999996969, 13.24500000001105, 56.63399999999193, -14.074999999990991, 74.24999999997675, -16.266999999985604], "0.05": [66.78999999998963, -27.157999999982373, 2.5199999999953575, -20.984999999980396, -47.209999999994615, 60.126999999991476, 66.67699999999512, -21.591999999979894, 87.40399999999018, -29.38999999998459], "0.06": [65.34099999997248, -31.797999999975897, 1.0109999999994277, -28.609999999977873, -36.85399999997062, 49.54300000000649, 46.795000000001124, -35.26099999997498, 78.34799999999082, -20.934999999988044], "0.07": [20.680000000010573, -35.98099999997596, 3.8569999999957143, -23.64099999999118, -33.65899999997384, 28.70600000001173, 28.02400000001986, -16.832999999988463, 80.24199999999068, -26.69399999997526], "0.08": [24.38300000001425, -39.17399999996919, 12.522000000006601, -28.00199999997662, -36.90599999997057, 16.961000000003565, 38.54900000001148, -0.6990000000009846, 74.73499999998336, -18.26599999997671], "0.09": [8.490999999997426, -44.52099999998387, 8.264999999995702, -21.06199999998293, -45.74099999998836, 9.694999999999126, 39.7630000000118, 22.47300000001413, 76.93599999998044, 0.7310000000000701], "0.1": [-16.79699999998863, -43.15099999997826, 27.415000000017343, -23.791999999989276, -43.83599999999169, 11.180000000001005, 40.0130000000081, 9.114999999994675, 72.10399999998158, -6.502000000003412]}