{"0.0": [-104.11, -124.67, -102.64, -102.49, -104.6, -101.87, -108.08, -107.21, -103.08, -108.37], "0.025": [-107.94, -125.12, -119.55, -100.24, -116.46, -131.76, -134.96, -113.34, -111.95, -144.3], "0.05": [-131.53, -133.64, -146.68, -114.97, -159.9, -155.75, -148.74, -151.34, -175.45, -182.84], "0.07500000000000001": [-175.02, -152.03, -174.03, -160.41, -176.16, -187.93, -150.97, -175.19, -181.02, -200.0], "0.1": [-185.89, -184.63, -176.51, -177.47, -186.28, -194.28, -170.58, -187.0, -182.34, -200.0], "0.125": [-187.25, -191.64, -174.87, -197.86, -200.0, -199.7, -200.0, -188.9, -182.7, -200.0], "0.15000000000000002": [-195.06, -200.0, -172.06, -199.96, -200.0, -200.0, -200.0, -200.0, -189.54, -200.0], "0.17500000000000002": [-200.0, -200.0, -177.99, -200.0, -200.0, -200.0, -200.0, -200.0, -199.66, -200.0], "0.2": [-200.0, -200.0, -182.42, -200.0, -200.0, -200.0, -200.0, -200.0, -200.0, -200.0], "0.225": [-200.0, -200.0, -194.57, -200.0, -200.0, -200.0, -200.0, -200.0, -200.0, -200.0], "0.25": [-200.0, -200.0, -200.0, -199.76, -200.0, -200.0, -200.0, -200.0, -200.0, -200.0], "0.275": [-200.0, -200.0, -200.0, -200.0, -200.0, -200.0, -200.0, -200.0, -200.0, -200.0], "0.30000000000000004": [-200.0, -200.0, -200.0, -199.86, -200.0, -200.0, -200.0, -200.0, -200.0, -200.0]}