{"both": {"0.0": [-108.77, -101.18, -98.09, -124.88, -107.76, -119.95, -113.77, -105.89, -99.52, -114.38], "0.025": [-110.74, -127.09, -99.61, -128.5, -116.05, -125.03, -169.16, -104.49, -104.6, -122.19], "0.05": [-128.57, -148.87, -104.14, -144.83, -128.66, -149.27, -156.6, -116.35, -131.55, -120.55], "0.07500000000000001": [-130.21, -162.9, -106.5, -160.26, -163.72, -160.65, -176.72, -148.27, -170.91, -145.27], "0.1": [-141.28, -176.04, -117.41, -166.7, -172.81, -175.61, -186.37, -159.6, -187.71, -129.74], "0.125": [-158.29, -174.88, -129.98, -168.93, -175.3, -193.79, -185.09, -185.23, -189.06, -152.32], "0.15000000000000002": [-171.26, -180.39, -164.58, -173.95, -194.15, -200.0, -193.44, -175.69, -186.95, -153.96], "0.17500000000000002": [-181.85, -179.46, -181.13, -182.5, -193.41, -200.0, -200.0, -184.43, -195.39, -186.42], "0.2": [-182.14, -180.69, -195.88, -183.93, -195.29, -200.0, -200.0, -198.43, -197.25, -190.77], "0.225": [-184.92, -180.01, -200.0, -180.28, -189.67, -200.0, -200.0, -200.0, -193.45, -189.42], "0.25": [-185.68, -200.0, -200.0, -181.86, -186.02, -200.0, -200.0, -200.0, -183.27, -192.89], "0.275": [-185.88, -200.0, -200.0, -175.54, -200.0, -200.0, -200.0, -199.37, -173.17, -199.83], "0.30000000000000004": [-195.25, -200.0, -192.09, -186.52, -200.0, -200.0, -200.0, -200.0, -168.13, -200.0]}, "goal_only": {"0.0": [-106.96, -101.25, -97.92, -116.39, -107.93, -117.43, -113.01, -104.66, -98.23, -115.08], "0.025": [-112.23, -128.23, -100.28, -122.75, -116.21, -125.41, -164.53, -108.12, -104.5, -113.13], "0.05": [-127.26, -146.07, -104.39, -146.57, -122.85, -152.48, -183.08, -117.95, -135.67, -117.03], "0.07500000000000001": [-131.16, -154.94, -110.69, -159.35, -156.34, -161.06, -190.35, -154.89, -170.79, -125.93], "0.1": [-144.37, -175.12, -125.19, -163.77, -162.15, -184.3, -196.87, -162.79, -188.07, -156.04], "0.125": [-154.28, -172.02, -153.27, -166.39, -174.18, -196.88, -189.28, -180.06, -192.42, -169.4], "0.15000000000000002": [-172.03, -175.02, -160.95, -175.24, -193.67, -200.0, -186.35, -178.83, -189.09, -193.31], "0.17500000000000002": [-182.24, -178.38, -161.9, -179.54, -196.15, -200.0, -189.86, -185.97, -195.38, -200.0], "0.2": [-183.97, -176.26, -166.07, -183.39, -193.54, -200.0, -198.23, -199.0, -199.6, -200.0], "0.225": [-188.99, -173.98, -161.97, -181.75, -188.15, -200.0, -200.0, -200.0, -193.53, -200.0], "0.25": [-180.4, -175.75, -160.2, -176.61, -188.32, -200.0, -200.0, -200.0, -187.07, -200.0], "0.275": [-186.71, -173.82, -159.11, -176.5, -200.0, -200.0, -200.0, -200.0, -177.01, -200.0], "0.30000000000000004": [-198.16, -200.0, -160.5, -189.16, -200.0, -200.0, -200.0, -200.0, -198.69, -200.0]}, "action_only": {"0.0": [-106.44, -102.98, -98.35, -115.77, -108.79, -118.71, -112.93, -104.15, -99.57, -112.54], "0.025": [-105.48, -99.69, -98.33, -120.1, -107.82, -120.45, -169.11, -104.88, -100.55, -121.12], "0.05": [-106.69, -103.24, -98.75, -123.28, -108.16, -113.66, -167.3, -107.37, -100.4, -123.97], "0.07500000000000001": [-107.51, -101.15, -104.43, -125.75, -111.55, -119.04, -162.8, -104.91, -98.61, -126.05], "0.1": [-104.87, -103.89, -111.87, -118.82, -109.31, -121.88, -157.34, -106.11, -97.56, -132.84], "0.125": [-104.37, -101.06, -120.39, -121.17, -109.36, -119.53, -130.98, -105.29, -99.52, -163.47], "0.15000000000000002": [-107.23, -105.21, -118.95, -120.54, -109.95, -120.17, -105.6, -105.17, -99.16, -159.27], "0.17500000000000002": [-106.61, -100.3, -117.1, -117.38, -108.03, -120.63, -108.3, -102.52, -98.81, -160.47], "0.2": [-107.3, -104.22, -121.53, -123.19, -109.89, -122.32, -110.38, -106.86, -98.4, -166.42], "0.225": [-108.65, -100.79, -120.59, -120.89, -111.43, -118.98, -112.37, -104.92, -99.41, -168.26], "0.25": [-106.45, -101.28, -122.2, -120.2, -113.36, -117.49, -111.87, -106.04, -99.64, -170.83], "0.275": [-103.61, -104.45, -125.95, -116.84, -113.73, -120.74, -110.0, -103.75, -99.23, -141.28], "0.30000000000000004": [-107.19, -100.6, -133.89, -121.45, -114.82, -128.72, -110.6, -108.13, -99.63, -113.02]}}