{"both": {"0.0": [93.98315608850419, 93.89986200127625, 94.55581646884332, 93.64778895754807, 93.57935297837743, 93.89143273766416, 94.21933345814308, 94.6029850393237, 92.82027683604332, 86.72002601866429], "0.025": [89.45801181813763, 84.53458710377538, 94.31889633598199, 92.93499953242879, 93.99614484928271, 93.93135369813015, 94.323033517416, 94.30347758532805, 92.99425286453908, 88.85925826377925], "0.05": [94.697650879244, 88.29242299558861, 94.15663655882025, 93.85535802755223, 94.06159505162812, 93.86561340233108, 92.80111994378984, 94.42833085711162, 93.72417391525137, 77.8428258846864], "0.075": [94.69740800480186, 90.95674891551454, 92.36836439357076, 93.46299048678488, 93.27753688155686, 93.71893235778067, 93.51610952801022, 92.30526678581447, 93.753774279929, 57.175301310089424], "0.1": [87.20832936777366, 92.02430183401268, 92.93282263923487, 93.60832768658285, 93.56642707205182, 87.87913182368804, 93.28185604297877, 92.8487109726169, 92.8523786868589, 51.2796334127798], "0.125": [77.72584464630395, 88.4761105467508, 91.86008166082703, 93.8220454727236, 93.71581364623597, 90.43100220912699, 93.3844862366021, 91.40526667138269, 92.48371054898602, 50.44526222734421], "0.15": [82.5500361795452, 91.82236476618571, 88.65561330473048, 91.81823253338584, 93.60155154073769, 82.88620238775768, 77.97387035054776, 90.39006756538494, 92.02036397481508, 45.83947299680884], "0.175": [82.12100306763966, 91.64178322615403, 85.2262832242333, 93.67052036859427, 88.30129119566183, 86.12675010630886, 65.34021388502472, 92.47912358361178, 78.59891837681683, 31.028390831574633], "0.2": [75.40125633623329, 91.91185364376388, 89.49150014758742, 92.69769799074567, 90.18955641983011, 84.62090309064367, 58.17044031697122, 88.98261232518415, 58.383242193046954, 29.671804078368822], "0.225": [87.26959701036601, 79.27706010477573, 79.1662549456832, 93.54980189906934, 87.91037993614172, 86.37583641039761, 44.42358604496476, 88.42945628528184, 68.91666699766999, 22.76073172465067], "0.25": [81.30836686733404, 43.25631179458978, 80.62965692402298, 93.27268593073106, 81.21519996497084, 85.22082815463233, 51.24211016669681, 92.39025649669499, 66.75265385313587, 27.24709837790577], "0.275": [77.5753349498484, 44.77429218896905, 84.54141213982739, 87.03221851064751, 22.019987380259618, 83.08324549730087, 34.78098364652036, 92.15853492567487, 43.86606961385846, 22.21431465057021], "0.3": [80.07661835086597, 50.92939977532071, 82.28499587817736, 81.70191007400773, -10.41847851593327, 83.93440544342465, 33.688191719971776, 91.9633837657054, 45.92706812271864, 11.546543336089096]}, "goal_only": {"0.0": [91.7551246370606, 93.65285618376885, 94.58007014721014, 93.83344949353527, 93.92211615529872, 94.15004689138686, 93.9746592845645, 94.67913149747987, 92.2714055065423, 82.55326849469067], "0.025": [88.38372839560587, 78.38285553246976, 94.27426418018062, 93.86725145871179, 93.9437862081782, 94.04784751133292, 94.1616970436306, 94.49112186273206, 92.44394970092115, 89.74223075842696], "0.05": [94.50392468117869, 90.56384785184892, 94.18151896367266, 93.7423057329414, 94.25261325811398, 93.56898753021365, 93.99288011896675, 94.61011384850595, 93.36401923050879, 82.67771758289004], "0.075": [93.58819250115975, 89.89508304399138, 93.58343304184902, 93.55199508150189, 93.89514898390976, 93.56418001662405, 93.61758602186259, 93.6813187248154, 93.51160209076964, 54.95137988100266], "0.1": [82.06578924182959, 87.34399004890936, 91.58196262154834, 93.44843423116667, 92.93182684714769, 91.96170360725517, 93.46564615713372, 91.88724316066555, 92.9242454373096, 41.910481771532666], "0.125": [78.54390502538661, 92.53864846716279, 90.96183672586776, 92.77717605544345, 91.64379164207891, 88.2649939434328, 93.08069567690615, 91.15340016487633, 92.47219127227093, 46.70101237356585], "0.15": [85.22979505419285, 87.29591478142207, 89.18836076280235, 92.89573608323197, 92.45045008057473, 86.08255366960655, 76.63527489913722, 85.92583163314241, 91.99882820394946, 46.924266084024964], "0.175": [74.91704198497983, 90.52775399729771, 83.00207761561524, 93.35889899142417, 92.14157757326419, 91.5959959814039, 69.55530528894585, 90.21047444495377, 85.26003683245038, 31.683057252772645], "0.2": [80.95038542950886, 89.52668816937665, 80.44536452911453, 93.6012621774653, 90.91034401631718, 91.41562663693725, 57.88246165881573, 87.88207568606018, 67.49114992926837, 40.65877913070196], "0.225": [72.2754438064472, 87.72537430861489, 81.05999376153221, 93.44029763726857, 85.62931643399439, 90.2132144589179, 50.543214266150244, 86.02243511149106, 60.649131415421095, 14.432956634115683], "0.25": [64.44735719053087, 61.75339219506285, 88.72815771932348, 92.24085412154768, 87.8061577290913, 87.88596453504891, 41.744584302255674, 92.26955655275455, 55.125145652700176, 23.666415209983448], "0.275": [61.714975777867004, 32.3965529406014, 85.43988275171185, 89.04074790911703, 35.228740773492085, 86.43358714213895, 45.66544071631302, 91.96149897570415, 60.752069035780266, 16.690541688713495], "0.3": [65.46321864973501, 54.61581967319684, 83.96323513763997, 84.59315993638917, -11.131873999477884, 86.77677509913974, 34.31365364238709, 91.59828784142726, 58.19946179835648, 4.020155517779819]}, "action_only": {"0.0": [94.17142180228086, 93.75306403989461, 94.59150562057779, 94.04139301678067, 93.63197470152085, 93.5151924696136, 94.17582234114604, 94.53450589059923, 92.75817650456897, 87.82624974594343], "0.025": [93.82175205463719, 93.5161475193187, 94.57962212343944, 94.33840170442392, 93.61559381392303, 93.7439068169643, 94.35589043175597, 94.57214577273542, 92.23053211633096, 87.7628575669248], "0.05": [94.08055992650122, 93.67872355497857, 94.63995057331145, 94.13246996010497, 93.86528814552557, 93.90230232278834, 93.92584994339396, 94.63344740961458, 92.91553795116992, 89.80586335375459], "0.075": [92.97368681514496, 93.52631648688151, 94.65350561562745, 93.70248125990898, 93.82706072478246, 93.94143666892045, 93.77263524006406, 94.54855888239146, 92.59735075654622, 87.88237137641491], "0.1": [94.06751928701013, 94.0184920517358, 94.57438150878941, 94.18468155476953, 93.87635958108471, 93.97201654203054, 94.2189870337952, 94.64449268650424, 92.5049997520555, 87.75876138446607], "0.125": [92.97542062050974, 93.73471686945918, 94.68872458020758, 94.13286724292007, 93.6399967579111, 94.12988597361122, 94.06418481617129, 94.38933894172467, 92.63286184833355, 86.82430751441215], "0.15": [94.0066433474867, 93.72094037646316, 94.64592392932855, 94.48450729234496, 93.64113667770874, 94.21412232597399, 93.70102834531053, 94.53201564742369, 93.00186424617988, 87.82210721788469], "0.175": [93.96850036289808, 93.9794271460062, 94.70681353646083, 94.3260677314268, 93.83637867485255, 93.60994502519218, 93.99420845886442, 94.65306152016369, 92.5490826593285, 85.87186207352757], "0.2": [94.1081691682937, 93.80430133133387, 94.5950791765944, 94.05229264081503, 93.81893876537478, 93.76365780771128, 93.9622169067492, 94.73116586829907, 91.85685848419409, 89.94288902893648], "0.225": [94.04868577697601, 93.94183445978915, 94.63937093569265, 93.96406342470569, 93.77804977903784, 93.76424322751399, 93.90335341643937, 94.57884494475867, 92.60774646721171, 85.97270025351605], "0.25": [93.99614823871133, 93.99059332835628, 94.6802432662019, 94.38113195064085, 93.57501250365667, 94.08394652398766, 94.05471000598423, 94.50652073272884, 92.79493109785466, 87.7882382017691], "0.275": [93.94918919101299, 93.69253392298364, 94.65645746252837, 94.1797645190706, 92.6390890585082, 93.89358911358617, 94.05056301976066, 94.510541298006, 92.80519377588766, 86.60844205749568], "0.3": [93.92465525657136, 93.66025936790052, 94.66876356432725, 94.03353479363504, 93.67349187024175, 93.75515687575844, 93.95813961746268, 94.45529479325575, 91.79306960017976, 88.92999123393749]}}