{"0.0": [93.28814260387571, 93.13567182922719, 92.09403550745863, 93.81817794556206, 93.38980411458046, 93.6697451608329, 92.07777453908044, 93.36454613042947, 94.31852538379792, 92.92246049967974], "0.025": [92.8399968381675, 93.21299233128165, 92.48549065919667, 89.030580203207, 92.80492841689542, 93.24697232934635, 91.65140064051576, 93.64396316938684, 94.14103601902166, 94.02518889147335], "0.05": [92.7282582770455, 92.8450177832654, 91.13377939550628, 86.1415308002362, 92.98426911018441, 92.92901697270065, 90.67760504618232, 93.36864544078509, 93.8514373296348, 94.19242875427766], "0.07500000000000001": [91.05481081845676, 92.14237671368748, 89.69554129486156, 86.64386355169083, 92.15078495163796, 92.33475264790277, 88.07608101028416, 93.08066183757273, 94.26183746502613, 93.93565122070719], "0.1": [89.3857355746898, 91.18915927002185, 51.52670189367991, 86.22642974932381, 91.4565002158115, 91.2956399546198, 78.74147871483278, 92.40641331933826, 93.56382292859506, 88.50652680333508], "0.125": [88.82011409694157, 90.91706955950951, 30.789145180781517, 85.71168881601425, 90.89594337918355, 90.57405644320923, 79.19659380310762, 90.64213446257124, 93.0544541883521, 92.42595018927405], "0.15000000000000002": [87.92638252218661, 90.20720748721584, 10.061773099807938, 66.44000890617522, 88.36282421606583, 90.09533964580125, 88.79263430938276, 89.385760787155, 91.82114477272023, 81.11192152221847], "0.17500000000000002": [87.00951079071584, 82.77920514665982, -5.396856829190226, -1.446465955113376, 88.07065536402669, 89.01611023038153, 88.80816817159172, 86.27272285508228, 88.4389896471737, 19.523122131858916], "0.2": [85.81050033929014, 82.28011493334938, -7.272072353550656, -7.296797913001561, 87.31789742281478, 85.67557122536542, 88.5057649505872, 88.2872676950914, 86.73682345335129, -7.30080933361015], "0.225": [86.65178592175982, 85.26364709027911, -7.985824314275914, -8.618668029772067, 78.52501827067728, 86.88657362134958, 80.75336689657746, 83.2338512394027, 84.49940772176755, -12.074001548727034], "0.25": [84.4618594271922, -10.84786722004942, -9.581372240445532, -9.699956079307812, 58.892526717844795, 57.85165781742216, 73.82777206847385, 82.5222632238682, 77.90134304160624, -12.767769485765783], "0.275": [83.76650736539433, -13.36549682279583, -11.76371114958674, -12.127931837803192, 57.26912370285914, 17.738730144031784, 82.49217830391102, 72.60512224993609, 24.321743000104853, -16.186515753085168], "0.30000000000000004": [71.40470056703047, -13.000095323583759, -13.194234152642515, -14.850372437921246, -12.541851556075988, -13.11360612510267, 64.46194164697121, -5.2623749724167475, -10.0550319904648, -17.79343327085568]}