{"both": {"0.0": [[0.9994947453516573, -98.96], [1.0, -99.02], [0.9887607505863957, -102.32], [0.9961062980628833, -102.73], [0.9588754867508785, -105.29], [0.9984267999259671, -108.06], [0.9287939474855362, -112.35], [0.9596641564961482, -115.53], [0.9879628855638218, -119.63], [0.9755696306654602, -121.57]], "0.1": [[0.9948884758364313, -107.6], [0.9948157748565081, -108.02], [0.9791006966434452, -110.53], [0.9941616493340631, -109.62], [0.9549646342555287, -111.69], [0.9923559923559924, -109.89], [0.9119844590555888, -133.84], [0.9299657397816907, -125.51], [0.9766679374761723, -131.15], [0.9795675123446279, -117.46]], "0.2": [[0.9883539796750983, -134.81], [0.9863379396984925, -127.36], [0.9792658055744392, -117.68], [0.9907851648770086, -131.31], [0.9473347206659196, -124.94], [0.9846893069468198, -122.79], [0.8730053591858855, -166.07], [0.9184200531712875, -131.65], [0.9667081088548142, -144.78], [0.9742492734904746, -123.88]], "0.30000000000000004": [[0.9830751749297291, -167.21], [0.960300730747611, -142.32], [0.9671467146714672, -133.32], [0.9840229961895849, -149.59], [0.9488358513977082, -137.01], [0.9612080719934551, -146.68], [0.8719705549263873, -176.6], [0.8975919732441472, -149.5], [0.9576146788990826, -163.5], [0.962360594795539, -129.12]], "0.4": [[0.988730657098004, -178.36], [0.9482656564460755, -168.94], [0.9601060214761452, -147.14], [0.978709248170326, -165.33], [0.9436253815678379, -153.97], [0.9421756628787878, -168.96], [0.8642967378000106, -187.91], [0.8913730400047696, -167.73], [0.9528340435467866, -171.31], [0.9454452208474903, -155.99]], "0.5": [[0.9834383954154727, -174.5], [0.929210875331565, -180.96], [0.9545254970833594, -159.43], [0.9816030063379887, -178.29], [0.9447786025083184, -156.28], [0.943804537521815, -171.9], [0.8576648050524558, -191.59], [0.8902995328386919, -181.95], [0.9467149220489978, -179.6], [0.9415821987644695, -166.73]], "0.6000000000000001": [[0.986839913376645, -180.09], [0.9174739293843629, -188.91], [0.9522147190111022, -174.74], [0.9796016190881977, -187.76], [0.9491447064262598, -173.04], [0.9341807605300011, -185.66], [0.858298565177572, -196.54], [0.8863842259525713, -187.65], [0.9435505863103354, -183.35], [0.9346901751799989, -176.39]], "0.7000000000000001": [[0.9810769835476445, -178.09], [0.9112299465240642, -196.35], [0.9526181715256157, -176.65], [0.9803290414878397, -195.72], [0.9507149874467853, -183.22], [0.9326118778753659, -191.28], [0.8554138208115709, -199.12], [0.9004865798147857, -191.13], [0.9396339505512148, -186.86], [0.9409278067526764, -182.15]], "0.8": [[0.9792949381572496, -183.53], [0.9013556536921022, -194.74], [0.9497793088599419, -185.78], [0.9766489143793528, -195.28], [0.9585481325618096, -190.1], [0.9323146343964721, -195.02], [0.8622, -200.0], [0.8996346555323591, -191.6], [0.9347540811505958, -190.51], [0.9480765188143788, -190.28]], "0.9": [[0.9768914384673666, -184.78], [0.9060192210419828, -197.7], [0.9473159468961536, -190.57], [0.9795110710349665, -199.62], [0.9646113429145418, -194.13], [0.9439205204498462, -198.29], [0.8654, -200.0], [0.909109477124183, -195.84], [0.931219131791006, -192.35], [0.9440403200665073, -192.46]], "1.0": [[0.9702502416496617, -186.22], [0.9061539236933622, -198.41], [0.9489900543422537, -195.06], [0.9817216685863088, -199.69], [0.9643186239377496, -195.34], [0.9505879977792359, -198.13], [0.8629, -200.0], [0.9116869918699188, -196.8], [0.922221055946258, -190.54], [0.9442643199011889, -194.31]]}, "action_only": {"0.0": [[0.9992961287078934, -99.45], [1.0, -97.52], [0.9917488619119879, -105.44], [0.9972841901066926, -103.1], [0.9547743379336069, -107.24], [0.9995413264838088, -109.01], [0.9239262736915319, -115.02], [0.965817223198594, -113.8], [0.9900563473649321, -120.68], [0.9775328529037728, -117.95]], "0.1": [[0.996207963277118, -100.21], [0.999083222980544, -98.17], [0.9922768878718535, -104.88], [0.9984725050916496, -98.2], [0.9630271519352975, -103.86], [0.9990776609481645, -108.42], [0.9460395588369337, -109.71], [0.9505431422767817, -113.23], [0.98954101478088, -115.69], [0.9734734734734735, -119.88]], "0.2": [[0.9919839679358717, -99.8], [0.9952031326480666, -102.15], [0.992406264831514, -105.35], [0.99899849774662, -99.85], [0.9508043396932285, -106.92], [0.9938924339106654, -109.7], [0.9321107388467642, -113.42], [0.9332613928778949, -120.47], [0.9855757274309873, -120.63], [0.9664528432732317, -115.36]], "0.30000000000000004": [[0.9882816446105668, -98.99], [0.9881408161359604, -107.09], [0.9824744221295946, -105.56], [0.9923016186340308, -101.32], [0.9522729420659674, -105.81], [0.9848896127397756, -110.52], [0.9207716155700999, -116.12], [0.9163044337311309, -126.53], [0.9791880781089414, -116.76], [0.9502371640176417, -120.17]], "0.4": [[0.9852822580645161, -99.2], [0.9821861592986383, -107.22], [0.9811161217587373, -106.44], [0.9857361669538579, -104.46], [0.951306973671794, -105.97], [0.9750157275096611, -111.27], [0.9024530786960817, -121.48], [0.9045430573344383, -132.73], [0.9703803433187479, -118.84], [0.9399416909620991, -120.05]], "0.5": [[0.9824984912492456, -99.42], [0.9725309478630162, -110.67], [0.9742825195676481, -107.32], [0.9873588729132491, -103.63], [0.939074292988997, -109.97], [0.964269723291842, -111.67], [0.8882076598455291, -125.59], [0.8922985252495159, -134.26], [0.9592610519522426, -123.96], [0.9315172471957494, -118.57]], "0.6000000000000001": [[0.9796019407862164, -100.99], [0.9645970467888276, -112.42], [0.9671028381865094, -108.52], [0.9865981459089077, -99.24], [0.9424700751600631, -107.77], [0.9486183455460404, -113.27], [0.8782227098189797, -127.61], [0.8826917673503794, -142.36], [0.9546794709796984, -118.71], [0.9140282714722658, -120.97]], "0.7000000000000001": [[0.9749175577096033, -100.07], [0.9522513824278066, -113.93], [0.9604877154382105, -109.08], [0.9815345117013923, -101.27], [0.935550008914245, -112.18], [0.940740086549501, -113.23], [0.8578254796736015, -136.03], [0.8822416812609457, -142.75], [0.9493997260494722, -124.11], [0.88917089678511, -130.02]], "0.8": [[0.9691486205873628, -101.13], [0.9409098832142234, -114.74], [0.9495400553719746, -111.97], [0.976843146956952, -101.05], [0.9318947464262952, -109.83], [0.9322019070947424, -114.31], [0.8365901639344262, -152.5], [0.8789986091794159, -143.8], [0.9398201521789256, -130.11], [0.8865585529393419, -128.26]], "0.9": [[0.9605263157894737, -100.32], [0.9423521051696572, -112.58], [0.9366476022877255, -113.65], [0.9681894757704885, -100.91], [0.9203027604630454, -112.3], [0.9232288535852297, -116.45], [0.8093512142080463, -165.54], [0.867439120188531, -152.76], [0.9390666876872142, -126.86], [0.8604486589767179, -141.31]], "1.0": [[0.9599385147468537, -104.09], [0.9315057008718981, -119.28], [0.9180976430976431, -118.8], [0.9574222136595704, -103.81], [0.9129305868097628, -115.54], [0.9146372507424693, -117.85], [0.7973322601046398, -173.93], [0.855798745495796, -149.86], [0.9296577946768061, -136.76], [0.8532167395377889, -144.09]]}, "goal_only": {"0.0": [[0.9993935718617344, -98.94], [1.0, -98.02], [0.9865778292777134, -103.56], [0.9930250334416205, -104.66], [0.9601807399039819, -106.23], [0.9996324542865019, -108.83], [0.930117501546073, -113.19], [0.9684285842053484, -111.81], [0.9936086115549575, -118.91], [0.9785317393500589, -118.78]], "0.1": [[0.9965549348230912, -107.4], [0.9970839996237418, -106.31], [0.9769147202607279, -110.46], [0.9933131241084165, -112.16], [0.9670048354982459, -105.47], [0.9891294418562163, -109.47], [0.8426827110245975, -169.53], [0.9664103244055512, -113.13], [0.9804550074270971, -127.91], [0.9840853297214933, -118.13]], "0.2": [[0.9861878453038674, -137.56], [0.9858722854605635, -123.87], [0.9725215960510079, -121.55], [0.991060225846926, -127.52], [0.957286432160804, -119.4], [0.9799154334038055, -122.98], [0.8311919461594082, -179.79], [0.9370275052276017, -124.34], [0.973989880994798, -140.33], [0.9886409736308316, -123.25]],