{"1.0": [31.672000000011476, 25.863000000019515, 12.505999999995415, 76.62099999997932, 94.91599999999671], "1.5": [-26.693999999974118, 39.771000000015015, 7.263999999994676, -12.15700000000484, 57.51399999999], "2.0": [87.00999999999144, 46.586000000012916, 96.70799999999463, 80.35099999998633, 96.63599999999478], "2.5": [94.40999999999336, 67.86199999998246, 80.11299999998849, 86.96599999998968, 95.78499999999322], "3.0": [95.71799999999226, 75.05099999998178, 89.33399999999169, 66.26699999999994, 93.51799999999744], "3.5": [94.27899999999313, 82.22899999998535, 81.837999999988, 79.24999999998073, 90.42299999999197], "4.0": [95.71599999999229, 89.02999999998967, 88.01499999998268, 97.285999999995, 85.64999999999378], "4.5": [95.57599999999208, 86.34599999998792, 90.2939999999874, 97.53499999999558, 82.49099999998651], "5.0": [94.05399999999022, 76.31799999997781, 88.22999999999286, 97.36199999999526, 80.66999999998265], "5.5": [94.03899999999273, 54.74899999999717, 63.863999999995556, 97.00899999999463, 69.75999999997536], "6.0": [95.34199999999164, 69.06199999998958, 7.452999999995538, 95.29799999999238, 71.59499999999007], "6.5": [93.70999999998989, 74.7349999999945, 4.900999999995186, 61.31199999997988, 70.55599999998527], "7.0": [93.6129999999921, 86.30199999998433, -33.004999999972014, 33.43900000001956, 39.04000000001194]}