{"1.0": [-40.22599999997028, -13.434999999990827, -30.55899999997379, 26.267000000008338, -9.154999999998578], "1.5": [-30.681999999974636, 52.63299999998937, 17.475000000005178, -5.461000000004297, 43.31300000001557], "2.0": [-22.282999999985723, 85.22299999998475, 65.54499999998086, 88.25099999998291, 85.30999999998085], "2.5": [14.147000000007887, 93.86999999998945, 91.77199999998585, 93.39299999998867, 91.5529999999855], "3.0": [79.62599999997866, 93.41199999998904, 91.44699999998664, 91.1539999999866, 91.54399999998546], "3.5": [90.61799999998436, 94.00599999998877, 91.61399999998552, 93.833999999989, 91.64899999998559], "4.0": [91.16199999998582, 94.02999999998927, 89.8669999999838, 95.49299999999148, 91.5579999999855], "4.5": [90.0439999999843, 92.73999999998829, 88.85599999998163, 94.42799999999046, 91.14999999998457], "5.0": [88.90199999998147, 94.56599999999045, 91.41899999998523, 95.80599999999235, 90.62399999998438], "5.5": [84.26999999997392, 94.29699999999, 18.979000000005936, 93.38499999998665, 90.56799999998422], "6.0": [84.96199999997742, 94.37299999999016, -18.182999999992152, 95.51999999999191, 90.42399999998398], "6.5": [85.80999999998143, 94.17299999998977, -44.3759999999835, 95.3659999999914, 90.13499999998346], "7.0": [83.16699999997368, 94.06999999998959, -50.00000000000659, 95.35699999999161, 89.87899999998314]}