{"1.0": [78.06499999998202, -6.699000000006798, 85.8499999999882, -3.3580000000048504, 99.34899999999872, 2.1590000000010607, -20.094999999978025, 55.48399999997618, -7.086000000004228, 31.39400000001943], "1.5": [8.975999999993409, -18.76799999999089, 31.744000000008796, 33.04000000000904, 30.58800000001303, 63.0419999999951, -45.34599999998601, 18.83200000001131, 12.397000000000839, -39.12699999996798], "2.0": [41.14900000001516, -16.447999999985036, 94.09699999999401, 79.82099999998636, 53.459999999983395, 94.0529999999967, -26.27799999998266, 12.829000000000327, 95.15799999999165, 0.01800000000117876], "2.5": [73.51799999997976, -12.449999999996887, 92.46799999999001, 85.69899999999342, 77.35399999998278, 96.35899999999351, 3.2059999999948228, 34.29800000001583, 98.36199999999697, 16.96500000002641], "3.0": [91.90999999998901, 70.13299999999, 75.71199999999129, 77.56199999998226, 95.27799999999439, 87.80299999998529, 85.65199999999268, 55.9449999999859, 98.1549999999966, 18.151000000004604], "3.5": [97.76699999999586, 96.85199999999432, 97.7529999999959, 92.00399999998963, 93.74499999999001, 97.9579999999962, 94.02999999999524, 95.83799999999246, 97.78399999999554, 22.532000000020084], "4.0": [97.58299999999566, 95.05999999999213, 90.10299999999171, 95.16599999999207, 90.1639999999909, 97.90099999999612, 95.14999999999222, 92.96399999998833, 97.45699999999545, 89.80099999999025], "4.5": [97.52099999999542, 84.34699999998513, 82.23499999998984, 91.75199999998664, 97.43699999999617, 93.39099999999483, 94.24899999998948, 92.36699999998791, 91.71499999999344, 92.17399999998857], "5.0": [94.43499999999538, 91.48199999999397, 97.64099999999566, 90.72999999998578, 96.11299999999372, 45.39300000000462, 96.47099999999382, 93.7509999999895, 95.76199999999335, 91.24599999998802], "5.5": [84.28399999999206, 92.97599999999044, 96.05699999999386, 57.02100000000145, 79.46499999997845, 28.45200000001791, 87.08199999998268, 96.93599999999455, 96.15999999999308, 71.38499999998507], "6.0": [69.93299999996825, 88.53999999999361, 96.99999999999463, 21.435000000005488, 90.71999999998803, -3.9380000000022064, 88.41399999997878, 96.21999999999281, 96.11899999999304, 18.03200000001172], "6.5": [54.80099999998531, 92.78599999999079, 95.2629999999924, 18.02600000001197, 65.44099999997071, 0.15599999999934427, 77.68199999998052, 94.48499999999078, 96.09999999999297, 9.390000000007381], "7.0": [42.982999999994725, 69.24499999998054, 95.23199999999235, 63.87099999998566, 74.77799999997661, 35.55000000001163, 40.26000000001383, 94.58099999999132, 95.9889999999928, -16.55599999999864]}