{"1.0": [91.1679999999918, 40.22800000001615, 70.27299999998115, 68.88099999997873, 65.86199999998716, 53.37399999999147], "1.5": [72.22999999998729, 60.04899999997886, 89.92799999999028, 46.36199999999848, 59.67599999998566, 61.50099999999578], "2.0": [91.57099999998623, 83.99999999998784, 84.26699999998254, 85.80399999999314, 74.2809999999762, 86.02199999999193], "2.5": [88.2239999999983, 81.78499999998633, 90.15599999998938, 87.07899999998979, 86.92699999998615, 81.8799999999888], "3.0": [94.44199999999532, 86.61799999998684, 92.2309999999898, 87.6139999999909, 69.47599999997847, 92.18499999999625], "3.5": [94.56699999999694, 93.94999999999078, 88.04199999999575, 85.71999999998843, 79.61299999998543, 88.30099999999246], "4.0": [85.69399999999301, 82.62599999998461, 85.8799999999951, 82.46899999998539, 88.44099999998605, 86.81999999999015], "4.5": [83.47999999998547, 90.371999999996, 80.21599999998126, 86.51999999999065, 82.82099999998646, 91.9589999999907], "5.0": [94.26399999999629, 87.37699999999, 81.50599999998545, 78.77899999998503, 87.97399999998731, 88.82899999998376], "5.5": [95.14899999999517, 88.49699999998397, 83.09299999998551, 88.91399999999354, 84.27499999998628, 88.944999999989], "6.0": [93.77299999999086, 95.44799999999182, 83.92699999999041, 87.38899999998797, 82.55799999998345, 91.67399999999081], "6.5": [95.02599999999367, 87.86699999998514, 73.36199999999353, 85.5089999999876, 82.63699999998359, 91.3859999999893], "7.0": [87.4489999999857, 94.93099999999134, 80.46899999999326, 83.57399999998395, 87.17899999998764, 91.05699999998798]}