{"1.0": [98.889999999998, 34.25200000001467, 22.131000000015888, 16.343000000009525, -38.77599999996931, 6.923999999993811, 35.40100000002162, 34.06000000002042, 1.6849999999984733, 99.3999999999989], "1.5": [59.70399999999541, 30.9810000000133, 20.061000000014484, 37.81500000002205, -26.652999999978256, 8.104999999993627, 52.84699999999012, 41.694000000012494, 30.266000000020213, 75.39899999999345], "2.0": [-1.3090000000015707, 46.32800000000274, 30.92000000001287, 96.21299999999634, 22.46100000000407, 55.7879999999937, 54.21699999998684, 93.52999999999261, 84.90599999997889, 96.6269999999939], "2.5": [53.52999999999617, 61.68399999998656, 79.55099999998957, 97.71199999999578, 20.66500000002135, 73.49599999997392, 79.83299999997604, 75.76599999997384, 77.2869999999849, 92.829999999994], "3.0": [62.327999999992215, 56.54899999998754, 91.04799999999337, 96.1779999999939, 24.088000000014837, 91.6809999999881, 97.96499999999625, 96.77899999999474, 87.9079999999858, 88.15899999999192], "3.5": [-48.53100000000033, 79.5949999999876, 96.73199999999392, 97.55499999999557, 95.2639999999938, 96.67599999999406, 97.86199999999607, 88.68299999999454, 92.28599999998455, 98.35499999999698], "4.0": [97.69499999999574, 94.21599999999293, 95.62499999999186, 93.91499999999606, 97.1199999999948, 96.41199999999353, 97.85099999999606, 97.72399999999575, 91.954999999992, 96.62599999999476], "4.5": [97.55999999999551, 95.63199999999215, 89.58999999999064, 91.1659999999868, 97.19499999999495, 95.52899999999245, 97.80899999999593, 89.58599999999194, 95.01799999999261, 13.024000000002086], "5.0": [97.29799999999518, 95.90399999999259, 96.73999999999414, 88.59999999999128, 97.10499999999477, 96.13499999999307, 97.54299999999543, 60.9219999999863, 93.2789999999855, 67.50699999998437], "5.5": [68.2129999999829, 95.73799999999235, 95.35799999999172, 40.982000000020136, 80.26699999998732, 95.79099999999248, 97.17699999999505, 66.80599999998385, 92.95599999998916, 91.81599999999416], "6.0": [88.95899999998721, 95.66899999999218, 87.71799999998798, -17.640999999985688, 73.85499999999425, 93.9959999999926, 96.76199999999422, 67.78999999997991, 94.69699999999082, 97.21999999999501], "6.5": [72.05699999998856, 95.57899999999208, 92.69199999999032, -29.862999999974594, 48.38399999999803, 91.93599999998986, 96.52199999999375, 82.33899999999278, 94.51399999999036, 95.6089999999953], "7.0": [41.23500000001407, 95.51799999999189, 83.73299999998963, -14.4929999999792, 46.006000000011106, 89.93399999998888, 96.3909999999935, 71.39899999997591, 94.02799999998955, 91.11999999999472]}