{"1.0": [66.95999999999025, 83.9039999999899, -11.30399999999676, 81.12999999996785, 15.02800000000779], "1.5": [55.811999999996836, 7.234999999996528, 57.71299999998654, 58.977999999976426, 59.84999999998756], "2.0": [98.59399999999691, 79.95899999998268, 65.90499999997928, 97.47299999999545, 98.5199999999973], "2.5": [92.1249999999889, 92.03499999999286, 77.85699999997607, 98.29399999999697, 98.37799999999703], "3.0": [95.14899999999675, 98.08899999999632, 88.91999999999149, 98.21099999999669, 98.17699999999667], "3.5": [97.99699999999622, 94.52299999999197, 87.56399999999265, 98.0509999999964, 97.96099999999623], "4.0": [97.6919999999959, 92.5209999999868, 94.6769999999963, 97.86399999999603, 96.21799999999405], "4.5": [96.70099999999444, 91.94599999998684, 97.47899999999547, 97.63399999999565, 97.36699999999526], "5.0": [94.73899999999036, 91.08099999998532, 95.77899999999335, 97.41899999999538, 97.1639999999949], "5.5": [96.84599999999456, 86.04699999998392, 97.02299999999462, 97.21199999999497, 96.92199999999451], "6.0": [96.70699999999422, 59.848999999979796, 96.64799999999394, 96.97899999999457, 96.65799999999399], "6.5": [95.90199999999327, 55.799999999985815, 96.35799999999348, 96.68499999999408, 96.36699999999345], "7.0": [95.38299999999188, 44.612999999998074, 96.13299999999307, 96.47499999999361, 96.08199999999297]}