{"1.0": [-35.835999999973694, 97.7049999999989, -39.581999999971316, 61.07199999999098, -48.783000000001245, 10.656999999995888, -50.00000000000659, -33.93999999997553, -50.00000000000659, -50.00000000000659], "1.5": [-35.9149999999692, -35.61599999997276, -45.56299999998772, 35.904000000014065, -45.18199999998983, 48.598000000001285, -41.87399999997416, -9.411000000007345, -48.742000000002236, -12.967999999998751], "2.0": [-37.89399999997111, -15.921999999994489, 66.70599999998662, 94.17899999999412, -32.67999999997552, 82.37899999999223, 82.3069999999896, -2.1750000000002556, 92.22199999999215, 88.07099999998803], "2.5": [33.00800000001212, 69.35199999998638, 25.534000000004966, 98.68899999999756, 26.383000000004778, 94.52499999999365, 96.21799999999308, 17.39599999999722, 95.66699999999324, 15.411000000005913], "3.0": [55.47699999998554, 89.27799999999148, 25.59500000001191, 98.57099999999735, 84.55699999999045, 92.07499999999405, 96.51499999999383, 17.42300000000654, 97.69499999999576, 80.3069999999848], "3.5": [98.00299999999628, 94.66999999999138, 86.16399999999568, 98.24699999999677, 93.69399999999054, 96.54199999999463, 95.97199999999256, 96.19599999999315, 84.22799999998226, 80.45299999998537], "4.0": [97.819999999996, 96.22099999999323, 97.78099999999591, 97.94499999999621, 90.76499999998946, 97.85599999999604, 95.89099999999272, 96.25599999999336, 97.01299999999463, 97.89799999999619], "4.5": [97.67999999999573, 96.37099999999342, 93.10899999999266, 97.69899999999576, 93.47999999999156, 95.08599999999052, 96.67699999999377, 96.2399999999932, 96.8049999999943, 97.81199999999599], "5.0": [17.665000000001974, 96.03299999999261, 96.67599999999345, 97.37699999999522, 94.79699999999461, 89.87799999998244, 96.09999999999287, 96.55599999999392, 96.39599999999349, 91.16499999998139], "5.5": [57.4319999999789, 80.88099999998138, 97.1559999999949, 97.08699999999479, 93.24499999998983, 82.97799999997423, 94.08699999999027, 96.75999999999416, 94.6769999999932, 87.22399999998342], "6.0": [74.99299999997442, 73.57499999998119, 96.5539999999934, 96.8929999999944, 81.52399999998069, 60.622999999991094, 88.85099999999098, 96.48499999999365, 94.99999999999044, 85.33799999998806], "6.5": [1.3509999999953681, 45.81000000000228, 87.13899999998596, 95.23099999999236, 41.496000000021716, 68.1019999999744, 58.0219999999787, 96.36499999999346, 63.111999999974074, 86.50899999998704], "7.0": [-38.95499999996939, 9.903000000005465, 55.593999999979935, 96.51099999999366, -8.080000000007274, 67.5729999999775, 28.847000000014464, 96.19199999999313, 60.31099999998715, 87.70399999999523]}