{"0.0": [95.69499999999226, 89.387999999989, 91.36199999999164, 97.52599999999553, 88.5599999999965], "0.05": [95.69299999999228, 87.95199999998745, 78.13199999999216, 96.10899999999609, 78.1489999999857], "0.1": [92.76999999998893, 83.36299999997965, 69.0099999999904, 85.67299999998728, 80.89999999998535], "0.15": [94.25099999999313, 75.04199999998538, 68.42799999998418, 79.74799999998082, 74.74499999999215], "0.2": [92.7689999999914, 60.39900000000048, 61.71399999998523, 83.61099999998683, 76.34499999998677], "0.25": [89.80599999999198, 60.51599999998968, 66.85299999999303, 62.835999999994165, 71.91599999998736], "0.3": [81.08999999998365, 41.96199999999914, 69.43399999998088, 57.300999999983496, 54.342999999997026], "0.35": [78.12399999998554, 48.72900000000037, 56.94199999998006, 57.402000000000605, 46.83299999999952], "0.4": [60.701999999986576, 18.851999999997545, 57.18299999997907, 61.38999999998856, 34.7620000000102]}