{"0.0": [97.39399999999534, 92.41799999998757, 93.21299999999279, 97.86699999999605, 97.64499999999563], "0.05": [91.5309999999883, 94.19399999998937, 90.24999999998934, 97.85399999999603, 94.6989999999922], "0.1": [84.64699999998994, 83.77399999998704, 93.18799999999278, 97.85599999999604, 88.8099999999899], "0.15": [72.26799999998433, 79.78199999998208, 88.74199999999351, 94.78199999999502, 69.61399999998972], "0.2": [77.86399999998682, 77.18399999998209, 88.24199999999252, 93.6589999999917, 57.76599999999569], "0.25": [54.931999999983994, 53.83399999998829, 88.73699999998982, 92.5179999999938, 67.90399999998083], "0.3": [63.21199999998873, 46.61000000000517, 94.38799999999186, 86.26999999998263, 48.72699999999958], "0.35": [63.46400000000179, 32.51000000001554, 91.6779999999911, 87.7419999999881, 62.15200000000238], "0.4": [47.96500000000046, 27.219000000018426, 94.63199999999442, 78.37499999999127, 45.75000000000267]}