{"0.0": [75.46399999998519, 86.27199999998605, 57.66499999999048, 95.67299999999221, 55.216999999995586, 97.92799999999619, 95.83299999999275, 92.78099999998761, 97.37799999999528, 96.81999999999424], "0.05": [79.85899999998642, 65.74199999999196, 69.30399999997795, 89.24099999999068, 66.99599999999339, 84.5639999999921, 76.9179999999887, 89.32899999998808, 97.03599999999467, 80.58199999998938], "0.1": [40.98100000001085, 48.15099999998888, 62.17099999999372, 81.6439999999908, 60.68399999998783, 75.11699999997937, 57.473999999987925, 82.02599999998078, 94.03199999999147, 76.44199999998847], "0.15": [46.05400000000402, 56.6969999999864, 57.829999999983876, 82.7839999999869, 48.73199999999842, 68.88599999998665, 52.034999999970125, 82.1489999999819, 95.36199999999411, 59.862999999994955], "0.2": [31.093000000013696, 40.40900000001671, 60.74699999999484, 73.59099999997943, 40.00100000001594, 58.61299999999999, 60.05999999998512, 79.3949999999885, 80.40599999998508, 48.64799999999898], "0.25": [20.610000000007666, 44.80300000000356, 50.445999999995145, 71.71099999998616, 54.439999999979946, 55.34399999999593, 41.62300000000989, 69.08299999999464, 73.08399999997694, 42.1460000000128], "0.3": [19.486000000006538, 45.8490000000027, 41.391000000005576, 70.89199999999032, 48.55300000000015, 47.95799999999942, 25.144000000020025, 54.0059999999956, 63.02699999997985, 27.231000000017772], "0.35": [9.820999999996143, 49.0970000000031, 32.51800000001513, 75.42899999997904, 39.89100000001249, 24.355000000006626, 10.810999999999273, 62.39499999998113, 53.92299999998002, 26.87800000000802], "0.4": [-4.288000000004176, 31.062000000017928, 48.57999999999108, 72.5509999999885, 51.732999999986674, 30.262000000011195, 14.689000000010319, 46.46800000000224, 55.09800000000078, 16.16100000001549]}