{"0.0": [96.2159999999958, 88.38999999998856, 94.42299999999015, 93.97499999999165, 97.18599999999493, 96.11499999999246, 97.86499999999606, 96.1889999999963, 93.36499999999265, 98.09999999999651], "0.05": [97.68499999999572, 85.58399999999244, 95.72899999999288, 94.27999999999321, 97.13599999999485, 93.47399999999014, 97.84399999999603, 96.1529999999964, 83.39899999998669, 89.24899999999212], "0.1": [91.77099999999344, 89.83399999998994, 77.32799999999102, 86.9319999999847, 97.08799999999474, 73.90399999997994, 97.83599999999602, 94.4489999999942, 71.40399999997742, 75.90799999998417], "0.15": [88.79299999998759, 79.68799999999007, 56.46700000000783, 80.59699999999218, 68.31799999998819, 52.461999999974275, 91.80599999999343, 78.19299999998572, 66.64499999998554, 72.79699999999616], "0.2": [75.51999999997673, 92.9029999999914, 61.23499999998827, 84.88599999998803, 85.31799999998744, 37.82300000001278, 84.41699999999639, 50.079999999984736, 69.4009999999812, 49.03299999998685], "0.25": [60.41299999998578, 82.61599999999568, 45.25600000000011, 55.49999999999301, 66.21199999999206, 66.34799999998047, 87.41599999999498, 55.86299999999184, 71.98699999997736, 44.73000000000755], "0.3": [39.774000000013636, 73.92199999999082, 22.933000000011134, 30.6440000000187, 62.91699999998507, 38.29600000001425, 75.4279999999893, 33.87000000000875, 58.188000000003704, 19.192000000009692], "0.35": [39.53000000001412, 79.82399999998313, 7.0079999999979306, 20.55800000000758, 60.520999999991155, 39.71800000001077, 72.65399999998222, 38.093000000017334, 53.87899999997003, 15.000000000007066], "0.4": [36.4880000000157, 75.38899999999657, 12.75500000000588, 11.060000000003292, 43.77999999999371, 34.31600000001688, 63.691999999995275, 22.308000000012967, 54.635999999984115, 25.27500000001646]}