{"0.0": [91.0559999999851, 93.88899999998945, 89.2689999999821, 95.48299999999148, 91.61999999998558], "0.05": [91.52499999998567, 94.04799999998957, 89.95299999998306, 95.44999999999163, 91.47899999998528], "0.1": [91.23999999998425, 94.19099999998997, 89.62599999998247, 93.33899999999021, 91.38299999998509], "0.15": [91.29499999998501, 93.73299999998866, 87.23599999998511, 86.50299999999132, 91.40899999998517], "0.2": [88.57199999998473, 93.9079999999893, 85.98999999998337, 78.36599999998542, 91.39499999998509], "0.25": [88.52199999998429, 91.17599999998635, 84.5109999999832, 79.97799999998475, 88.47899999998684], "0.3": [84.70899999998248, 82.11799999998641, 86.2559999999815, 67.24199999998605, 89.85499999998343], "0.35": [90.07999999998634, 85.41399999999098, 82.05499999998847, 55.21899999999628, 85.19799999998271], "0.4": [80.52299999998537, 75.16499999998987, 80.17199999998553, 48.33499999999078, 83.80699999998103]}