{"0.0": [83.512999999987, 93.56999999999499, 86.3789999999866, 93.85999999999039, 81.42599999999047, 91.24899999998941], "0.05": [87.97299999998933, 80.02199999999144, 88.74999999998455, 82.37999999998434, 88.24199999999581, 85.14399999999198], "0.1": [86.32699999998685, 90.57699999999095, 86.49599999998907, 83.94399999999088, 87.9779999999825, 91.05499999999293], "0.15": [72.5779999999812, 81.15899999999509, 77.71799999998262, 74.36699999998685, 84.28199999998618, 86.27899999999136], "0.2": [72.62499999999773, 84.52599999998215, 82.48399999999646, 74.23299999998608, 81.86599999998406, 80.02099999999649], "0.25": [70.70199999999092, 78.80899999998455, 72.20199999997399, 70.5359999999758, 79.32299999998325, 84.31299999999628], "0.3": [63.52299999998964, 85.04899999998237, 71.26099999998642, 57.18599999999475, 71.16199999998655, 75.9229999999889], "0.35": [64.36499999998743, 81.8629999999911, 66.34199999999127, 62.73899999997625, 78.88399999999125, 70.3919999999908], "0.4": [53.907999999995454, 75.45299999998343, 72.27399999999541, 52.58000000000744, 71.43999999998378, 66.0969999999819]}