{"0.0": [97.85399999999603, 96.36099999999345, 60.811999999992025, 97.92799999999619, 84.86999999998909, 97.83299999999603, 95.7229999999921, 96.27999999999331, 97.01299999999463, 97.98099999999626], "0.05": [96.37599999999433, 74.22299999998916, 48.9580000000072, 97.90999999999615, 73.16399999997572, 81.08599999998597, 95.85999999999261, 96.20299999999334, 96.97799999999455, 97.95499999999625], "0.1": [86.0339999999845, 40.701000000007184, 35.65900000000937, 97.8979999999961, 86.35099999999025, 57.736999999993266, 94.4609999999911, 96.26599999999324, 97.00299999999469, 97.95599999999624], "0.15": [75.70299999998626, 46.63200000000256, 40.07700000001489, 97.88099999999604, 76.09599999999489, 43.68700000000798, 93.2579999999921, 96.26799999999346, 94.06399999999344, 96.45199999999446], "0.2": [81.17499999998853, 40.71200000001636, 17.910000000007233, 93.42499999999319, 68.74199999998822, 25.72400000000591, 79.41099999997569, 96.3499999999934, 86.7149999999896, 91.9449999999936], "0.25": [58.416999999993486, 27.589000000006582, 23.802000000020247, 90.4349999999939, 68.7509999999719, 29.555000000010974, 73.36899999999326, 90.64599999999102, 70.56599999999423, 83.10099999999267], "0.3": [66.81499999998454, 12.358000000002692, -8.666000000004825, 76.98100000000076, 73.14699999999519, 8.19899999999688, 64.18399999998792, 87.9279999999881, 55.704999999987464, 66.49900000000082], "0.35": [55.0509999999868, 2.2169999999958723, 6.093999999998243, 71.0349999999883, 62.88299999998347, 10.467999999999789, 64.57599999998311, 83.46599999999275, 52.39600000000497, 53.445999999985546], "0.4": [46.25200000000691, 16.43400000000502, -10.222999999998189, 59.31299999997995, 71.67699999998538, 0.17199999999515875, 56.105999999992406, 76.22599999998555, 58.427999999996075, 59.4009999999923]}