{"0.0": [96.13399999999586, 96.26499999999332, 96.30299999999419, 97.93099999999619, 92.25099999999115, 97.85399999999605, 85.00399999998568, 96.051999999993, 96.21799999999328, 97.00999999999463], "0.05": [97.84299999999601, 93.20899999999355, 84.45099999999358, 97.93999999999618, 89.29399999998998, 94.87399999999718, 54.87299999999755, 95.98599999999287, 96.20699999999324, 97.02499999999462], "0.1": [96.36099999999662, 69.93699999998559, 71.15099999999032, 97.94199999999624, 84.90299999998679, 82.64999999999534, 56.03699999998042, 95.89599999999221, 96.29599999999328, 96.99599999999452], "0.15": [88.99399999998981, 58.15099999998757, 57.8159999999806, 97.74199999999642, 80.4909999999976, 69.43099999999421, 22.450000000015798, 93.09399999999208, 96.29299999999321, 97.00299999999453], "0.2": [79.92499999998046, 51.99899999999083, 44.51700000001421, 96.24899999999614, 79.01399999998846, 59.58099999998413, 8.61999999999444, 89.83299999999372, 96.3159999999931, 95.54199999999517], "0.25": [76.99499999998858, 34.228000000016856, 37.10500000001619, 87.46499999998792, 71.67899999998063, 47.066000000003186, 12.923000000000819, 87.51099999998985, 96.31999999999334, 82.3049999999869], "0.3": [69.98099999998173, 47.098000000009854, 7.320999999997223, 83.06999999999417, 73.15499999998991, 31.815000000010784, -1.56900000000171, 70.77899999998104, 92.03299999999086, 77.88799999998596], "0.35": [63.36599999999035, 19.86500000000292, 6.12299999999899, 80.09799999998638, 65.81699999998777, 29.84600000000832, 1.173999999997545, 56.28199999998931, 90.58799999999064, 73.08699999998946], "0.4": [58.85999999999196, 10.691000000010465, 6.108999999995517, 68.23399999998327, 71.67799999999512, 16.36900000000765, -15.890999999988743, 71.16499999997833, 81.78499999999494, 52.54100000000377]}