{"both": {"0.0": [91.6169999999889, 91.12699999998574, 93.23699999999299, 97.88399999999612, 95.25999999999117], "0.05": [4.3909999999943965, 22.928000000011767, 20.556000000019484, 46.513000000004055, 37.68600000001403], "0.1": [-13.06200000000104, -4.8370000000012805, -0.22400000000150652, -11.547000000004939, 8.468999999997664], "0.15": [-16.02699999998649, -23.35899999998167, -2.0829999999993443, -19.041999999984448, 3.865999999996545], "0.2": [-30.081999999977683, -7.636000000004905, -8.895000000001414, -35.36199999997311, -4.149000000003081], "0.25": [-38.66399999996852, -22.17299999997951, -21.979999999973998, -35.56299999997133, -5.437000000004015], "0.3": [-32.41799999997416, -29.78999999997701, -23.74399999997638, -34.34899999997415, -8.841000000005378], "0.35": [-38.8839999999724, -20.34699999998387, -20.418999999985818, -40.382999999971155, -11.0690000000052], "0.4": [-33.40199999997421, -25.028999999972047, -24.482999999985125, -43.27099999997954, -11.321000000002034], "0.45": [-29.158999999978697, -20.40699999998481, -22.83499999998473, -28.209999999976606, -16.928999999989816], "0.5": [-35.521999999973595, -17.756999999992992, -22.977999999978135, -33.83199999997309, -8.639000000005874]}, "action_only": {"0.0": [88.34199999998839, 91.68599999998558, 93.20699999999277, 97.96599999999619, 94.81599999999071], "0.05": [2.7139999999962616, 29.517000000018335, 26.582000000009543, 50.96199999998754, 83.95999999998975], "0.1": [11.539000000002018, 3.783999999998489, 13.109999999997367, 0.4039999999944049, 47.33800000000497], "0.15": [-10.021000000006067, -28.368999999977795, -3.6650000000024208, -19.10699999999364, 34.67300000001742], "0.2": [-22.952999999983728, -24.239999999979972, -20.060999999983295, -39.67399999997117, 6.1779999999988435], "0.25": [-35.94799999996916, -35.30999999997225, -7.630000000005308, -36.81499999997567, 5.217999999996758], "0.3": [-32.0839999999746, -35.132999999972846, -13.861999999992886, -38.257999999971155, 7.775999999998115], "0.35": [-40.47399999996869, -31.389999999971806, -17.658999999991593, -42.72799999997672, -12.588000000000001], "0.4": [-39.056999999971566, -32.416999999977605, -9.038000000003201, -32.59699999997267, -11.287999999995954], "0.45": [-47.45400000000055, -27.364999999974017, -13.438999999988352, -38.69599999997198, -17.98099999997391], "0.5": [-39.488999999971696, -22.340999999983833, -22.43099999997751, -40.50899999997002, -16.94299999997881]}, "goal_only": {"0.0": [91.6299999999885, 91.14199999998573, 96.22899999999639, 97.87799999999618, 94.81799999999053], "0.05": [22.151000000015497, 79.78399999999209, 34.23300000001106, 96.71199999999719, 40.49400000001496], "0.1": [17.961000000003864, 80.61399999998515, 5.847999999999738, 77.62199999998337, 41.940000000012], "0.15": [14.963000000005446, 58.56499999999761, 24.348000000006696, 35.69300000000811, 14.718000000008084], "0.2": [0.23599999999973187, 63.43799999999815, 21.42300000001203, 15.267000000022188, 31.25700000000713], "0.25": [-8.852000000002521, 60.99699999998591, 2.610999999998728, 11.950999999999272, 20.02600000001346], "0.3": [-3.4670000000002803, 47.1410000000063, 6.8639999999980645, 4.66399999999656, 16.66800000001042], "0.35": [-5.9900000000062645, 31.715000000013177, -0.5310000000006809, 1.298999999998083, 21.031000000005825], "0.4": [-7.506000000005943, 15.6260000000172, -8.113000000001426, 4.217999999999579, -0.570000000004633], "0.45": [-23.24399999998162, 27.18200000000728, 3.651999999995551, 12.707999999997543, 2.606999999998042], "0.5": [-1.7720000000020357, 12.636999999997197, 1.4409999999987482, -8.950999999998828, 6.037999999999372]}, "both_same": {"0.0": [93.54999999998726, 91.50399999998581, 96.07899999999367, 97.88499999999608, 94.94199999999115], "0.05": [1.4820000000008142, 18.149000000009472, 13.518000000003415, 36.07800000000847, 29.055000000009645], "0.1": [-21.385999999983447, -8.30900000000367, 14.27200000000863, -11.534999999990227, 5.436999999998239], "0.15": [-18.7449999999904, -25.11799999998029, -19.565999999979027, -39.69499999997389, -6.471000000002391], "0.2": [-25.991999999980667, -13.097000000000808, -8.430999999998669, -32.445999999972805, -19.151999999984856], "0.25": [-30.60899999997152, -17.93499999998301, -14.873999999993952, -29.845999999972346, -13.666999999984048], "0.3": [-35.08999999997221, -14.690999999996418, -10.154000000006924, -39.99299999996935, -21.03299999998408], "0.35": [-36.249999999972225, -20.777999999978658, -13.295999999997107, -26.78399999997284, -9.06600000000279], "0.4": [-39.40599999996959, -14.0239999999864, -12.945999999997605, -26.194999999975067, -28.753999999977708], "0.45": [-41.88999999997276, -17.211999999991168, -15.182999999986464, -31.572999999974055, -20.2839999999785], "0.5": [-32.59699999997149, -18.711999999990926, -12.45599999999823, -18.253999999996022, -21.233999999980348]}}