{"1.0": [17.492000000005742, -9.519000000002526, -33.63899999997172, -28.78999999997885, -18.81999999997709], "1.5": [46.96500000001087, -26.472999999980807, 40.067000000011724, -6.417000000006102, 45.0419999999943], "2.0": [30.977000000017107, -20.739999999974508, 66.97199999997396, 46.476999999980805, 90.39699999998602], "2.5": [91.31999999998509, 12.028000000005207, 86.46399999998346, 80.6229999999848, 91.22099999998323], "3.0": [91.01599999998496, 83.66899999998317, 91.93199999999032, 90.10299999998234, 79.15199999998438], "3.5": [88.97199999998284, 90.83199999998473, 81.96399999997885, 93.62699999998883, 79.42499999997973], "4.0": [90.68099999998445, 90.32299999998378, 81.52399999998025, 92.54699999998704, 87.09799999998313], "4.5": [90.65899999998432, 90.2809999999837, 87.6769999999853, 91.99899999998615, 90.87099999998406], "5.0": [90.43599999998399, 90.22799999998364, 84.64499999998615, 91.51699999998546, 88.32599999998476], "5.5": [90.06199999998341, 89.86499999998297, 92.11099999998649, 90.8239999999846, 89.24999999998482], "6.0": [90.28699999998376, 90.0669999999834, 89.10499999998689, 90.98199999998485, 89.07999999998225], "6.5": [89.90099999998321, 89.94799999998318, 82.94499999998939, 90.15799999998349, 82.06099999998176], "7.0": [86.64899999997847, 89.92799999998319, 70.51399999998476, 90.42599999998389, 83.82599999997989]}