{"1.0": [7.606999999992642, -13.699999999994269, -36.18399999997008, -27.967999999974413, -32.1569999999725], "1.5": [80.12899999998449, 50.88700000000336, 70.62099999998789, 89.42699999998293, 67.12199999999216], "2.0": [51.220999999988656, 67.5399999999821, 81.4279999999882, 89.66999999998885, 71.43999999998256], "2.5": [43.32700000001315, 90.5179999999891, 80.50499999998765, 69.51799999998558, 75.31199999999748], "3.0": [98.23599999999675, 97.89199999999626, 83.8429999999888, 93.20799999999045, 98.2459999999966], "3.5": [98.19699999999669, 97.65699999999562, 82.80599999998793, 92.8689999999898, 98.2139999999967], "4.0": [98.01899999999634, 97.57799999999561, 88.51899999999102, 84.66399999998008, 97.71799999999567], "4.5": [97.79099999999595, 97.47999999999546, 88.30399999998664, 57.95899999997904, 97.65899999999544], "5.0": [96.04999999999609, 97.09099999999476, 92.42199999998782, 17.826000000021264, 95.38699999999022], "5.5": [89.92099999999118, 96.92399999999446, 93.91799999999097, 13.423000000003674, 61.83299999996922], "6.0": [65.26399999998607, 93.88399999999083, 88.56499999998732, 37.504000000028405, 62.63899999996806], "6.5": [69.11999999997697, 89.22199999998774, 88.71899999999141, 36.897000000022125, 67.0879999999688], "7.0": [96.57799999999385, 93.41499999999003, 88.71799999998414, 44.57100000001501, 69.53799999996559]}