{"1.0": [5.172999999992959, 6.354999999993267, -40.41699999997222, -17.17799999999356], "1.5": [80.63299999999187, 51.89099999999706, 63.76099999998812, 83.25799999998434], "2.0": [53.5299999999913, 69.62199999999063, 87.38299999999418, 91.84299999998912], "2.5": [26.648000000010853, 90.57199999999445, 79.55199999998132, 79.97899999999721], "3.0": [96.75299999999498, 96.4989999999969, 85.87999999998493, 91.48299999998342], "3.5": [98.19399999999666, 97.66599999999573, 82.72099999997823, 92.24599999998789], "4.0": [98.01099999999634, 97.57499999999564, 91.83799999998507, 85.4049999999772], "4.5": [97.81099999999599, 97.46499999999546, 87.8929999999886, 65.24099999997352], "5.0": [97.54499999999554, 97.11899999999483, 92.48899999999287, 24.88300000001341], "5.5": [92.8079999999944, 96.91499999999445, 88.28499999998907, 8.142000000000769], "6.0": [70.1249999999974, 92.38899999998912, 86.38599999998752, 37.59800000002238], "6.5": [70.99299999998982, 92.18199999998869, 88.24399999998633, 44.483000000003564], "7.0": [96.55999999999382, 93.41199999999246, 88.52599999999029, 25.917000000008912]}