{"1.0": [61.642999999976745, -16.05299999999719, -41.94699999997524, 47.37099999998379, 16.038000000008765, 33.07200000001637, 19.412000000018494, 15.481000000021533, -19.72499999998611, 16.998000000014123], "1.5": [49.19700000000038, -12.458999999997713, 33.035000000020666, 49.51999999999937, 47.50100000000985, 53.86099999999492, 57.48599999996801, 92.19699999999425, 30.18400000002053, 35.59100000000809], "2.0": [57.66299999998722, 84.34099999998456, 77.74699999998003, 88.22599999998258, 89.174999999991, 92.42799999998837, 32.08200000002347, 96.25699999999257, -8.974000000000341, 79.28299999998956], "2.5": [71.84899999997542, 75.8269999999781, 80.65399999998283, 91.18799999998615, 76.166999999991, 92.17899999998922, 40.29200000001292, 92.2629999999939, 11.076000000002272, 95.32299999999253], "3.0": [98.36299999999699, 79.54199999998632, 93.43599999999016, 89.15099999998401, 67.28499999999325, 86.59999999998158, 85.49599999998419, 91.78599999998809, 74.56699999998538, 95.72299999999325], "3.5": [95.78799999999414, 92.30299999998806, 93.41499999998932, 91.18099999999212, 96.16599999999235, 83.14999999997897, 90.55499999999174, 90.77599999998952, 94.11999999999152, 97.28199999999515], "4.0": [95.11199999999067, 90.75999999998909, 95.56599999999194, 90.65699999999403, 97.28499999999512, 92.06199999998644, 97.69099999999573, 94.90299999999226, 90.6039999999883, 96.16599999999569], "4.5": [88.78199999998891, 81.72999999998848, 95.90599999999263, 36.403000000015915, 92.195999999989, 88.03799999998677, 93.00099999999765, 95.38299999999307, 97.11399999999504, 97.03599999999464], "5.0": [84.03299999998958, 91.30699999998679, 95.9069999999927, 67.98499999998552, 91.05499999998729, 83.79999999998455, 93.66899999999143, 70.77999999997374, 96.46299999999336, 90.76399999999371], "5.5": [75.42999999997562, 74.05399999998431, 95.58099999999219, 78.87799999998423, 26.241000000013784, 87.62099999998644, 62.16599999997361, 37.34200000001641, 95.90999999999286, 92.22699999998886], "6.0": [39.41200000001294, 48.99099999999645, 93.7629999999921, 74.58899999997762, -28.064999999973576, 60.281999999984244, 41.499000000021404, 30.74700000002164, 91.86299999998802, 96.63499999999397], "6.5": [71.99299999998667, 47.694000000005126, 95.31499999999158, 73.23399999998341, -41.408999999971826, 54.49099999998826, 33.229000000025856, 21.389000000022488, 93.99099999999206, 96.67999999999404], "7.0": [71.91799999997758, 55.3779999999856, 95.15099999999138, 77.75199999998756, -50.00000000000659, 57.64499999998338, 0.2040000000010346, 0.9649999999998653, 94.7739999999907, 95.1359999999922]}