{"1.0": [8.74999999999583, -46.09599999999051, -31.823999999974486, 50.45899999999232, -34.688999999969404], "1.5": [69.19699999996914, 63.01099999999226, -9.224999999996664, 43.20900000000344, 22.507000000014408], "2.0": [47.82500000000049, 96.87999999999765, 81.3729999999772, 75.03099999997703, -4.96100000000725], "2.5": [86.61299999997932, 73.29699999999026, 41.96500000000625, 64.72699999998635, -3.433000000004373], "3.0": [79.5679999999713, 67.86699999998353, 97.30199999999448, 81.25399999998028, 36.890000000015874], "3.5": [81.04199999997928, 78.12699999998014, 97.92299999999618, 81.76699999998601, 69.34199999998806], "4.0": [93.19499999998936, 55.85399999998363, 92.80199999999124, 92.123999999994, 96.20599999999642], "4.5": [94.84599999999077, 32.357000000021074, 96.54899999999378, 64.8469999999827, 94.8679999999918], "5.0": [95.07499999999136, 31.005000000015926, 90.08399999999172, 13.362000000006809, 42.51800000001154], "5.5": [94.95799999999116, 32.563000000020686, 64.36899999999389, -26.754999999976526, 42.04400000001285], "6.0": [87.24199999997923, 54.996999999976694, 58.685999999996675, -32.89599999997283, -16.255999999993563], "6.5": [91.59399999998874, 46.548000000001366, 68.11099999997899, -21.657999999986068, -31.202999999973073], "7.0": [72.72199999998386, 42.8470000000059, 49.155999999989625, -24.064999999980717, -36.3359999999754]}