{"1.0": [78.75799999998466, 51.987999999993434, 60.42599999999493, 73.74099999997844, 71.27499999997755, 72.19199999998395], "1.5": [89.74099999998862, 60.50399999998389, 79.45299999998349, 89.97799999998252, 92.51799999999197, 88.97299999998562], "2.0": [86.62299999998672, 78.52799999998525, 87.84899999998325, 92.56099999998753, 92.86099999998888, 87.64899999998075], "2.5": [93.10599999998769, 85.2079999999852, 87.52099999998504, 92.45799999998715, 92.25099999998673, 89.18499999998836], "3.0": [93.0859999999875, 91.79599999998871, 87.15699999998347, 91.73699999998546, 93.07299999998557, 89.57299999998654], "3.5": [91.81299999998505, 88.90399999998013, 88.47899999999015, 89.63199999998032, 92.43199999998804, 84.93599999998187], "4.0": [88.148999999985, 89.82699999998295, 91.28699999998635, 88.358999999982, 91.810999999987, 84.72999999998476], "4.5": [85.85799999998679, 91.81699999998554, 89.73899999998748, 90.18799999998231, 91.83099999998618, 87.11999999998645], "5.0": [85.80599999998648, 87.79699999997958, 91.344999999989, 89.72899999998408, 91.6169999999865, 88.6999999999873], "5.5": [87.48499999997877, 86.16899999998098, 89.79299999998656, 87.91799999998068, 89.44399999998176, 85.97599999998413], "6.0": [86.87399999998206, 86.98299999998004, 86.91599999998114, 89.35199999998238, 90.76199999998451, 86.52599999998094], "6.5": [81.57099999997848, 86.14699999997943, 88.843999999982, 84.37799999998192, 87.08999999998092, 84.1119999999792], "7.0": [84.72599999997956, 84.87899999998122, 86.32299999998452, 86.66699999997991, 86.80299999998152, 86.16599999998098]}