{"1.0": [-46.26199999999026, 71.73299999998741, -35.67299999997372, -50.00000000000659, 10.40099999999426, -48.6190000000052, -48.581000000000515, 32.06600000000971, 56.287999999982546, -26.205999999978655], "1.5": [9.208999999998532, 58.73799999999155, 58.895999999981996, -12.950999999993222, 87.32199999998994, -43.15499999997827, -38.61799999997026, 16.371000000006816, 96.0169999999937, -50.00000000000659], "2.0": [46.14100000000284, 75.06799999999193, 96.65699999999428, 98.76399999999776, 96.77099999999643, -0.9950000000051531, 97.22299999999628, 99.00099999999814, 86.37599999998845, 12.187999999997281], "2.5": [81.18899999999132, 91.8009999999888, 97.90599999999613, 98.51299999999719, 98.29299999999746, 57.283999999983315, 85.31599999999264, 98.77499999999773, 94.46699999999436, 88.02799999999337], "3.0": [95.42299999999166, 96.48099999999627, 98.00699999999635, 98.14299999999656, 98.32599999999691, 76.82699999998766, 98.50999999999725, 98.51099999999725, 90.31799999999149, 98.3379999999969], "3.5": [96.07499999999308, 97.99799999999632, 97.51399999999506, 97.96299999999627, 97.90899999999608, 95.65099999999265, 96.8389999999975, 95.06299999999527, 94.70199999999498, 98.12599999999655], "4.0": [95.81599999999266, 97.77499999999591, 91.72099999998716, 92.04699999998924, 96.11299999999255, 93.35699999999233, 91.85799999999327, 88.86299999998957, 97.88499999999598, 97.90899999999614], "4.5": [59.16300000000002, 97.52799999999552, 97.37699999999535, 78.06299999999182, 96.89699999999439, 79.76299999998099, 94.98899999999504, 71.96599999998296, 97.75899999999588, 97.71199999999578], "5.0": [42.33100000001287, 97.30099999999514, 91.23499999999026, 33.46200000001252, 96.05499999999269, 76.62799999998715, 95.79999999999536, 52.93000000000079, 97.56699999999553, 97.4979999999955], "5.5": [26.155000000020546, 97.07599999999475, 92.44899999998917, -13.45699999998755, 96.2129999999931, 79.18699999998715, 97.61599999999562, 26.376000000012144, 97.37599999999529, 97.31199999999515], "6.0": [37.65700000001437, 96.86099999999436, 93.70299999999283, -45.61299999998875, 95.91599999999251, 66.74099999998965, 92.91099999999231, 0.5909999999981583, 97.17799999999492, 94.20199999999309], "6.5": [63.94899999997307, 96.64399999999395, 93.54299999999499, -50.00000000000659, 96.72299999999416, 42.78100000001048, 94.16999999999557, -28.1229999999766, 96.96299999999454, 47.00699999999961], "7.0": [80.91899999998493, 96.42899999999355, 90.36199999998897, -48.66400000000081, 96.61999999999392, 44.44600000000819, 63.03999999999411, -47.079000000003234, 96.70599999999405, 1.3799999999999368]}