{"goal": {"0.0": [], "0.02": [], "0.04": [], "0.06": [], "0.08": [], "0.1": [], "0.12": [], "0.14": [], "0.16": [], "0.18": [], "0.2": []}, "action": {"0.0": [90.53799999998287, 88.37899999998503, 88.92399999998435, 92.02099999998686, 89.33499999998736], "0.02": [90.92399999999213, 93.4259999999886, 88.95699999998355, 95.05499999999171, 91.81199999998783], "0.04": [89.7319999999854, 93.60399999998853, 90.91599999998641, 95.01399999999167, 91.76299999998601], "0.06": [89.37099999998456, 91.484999999985, 89.7229999999819, 93.55699999999142, 90.11699999998348], "0.08": [87.73099999998068, 88.74299999998189, 85.64099999997956, 90.41199999998663, 86.69599999998148], "0.1": [80.78999999997882, 83.69399999997599, 82.92099999997752, 84.23899999997887, 68.914999999983], "0.12": [69.93799999997549, 69.53999999997886, 71.17099999997656, 75.14399999997572, 38.00600000001808], "0.14": [50.24699999998062, 65.6579999999838, 62.12499999997119, 66.79599999997377, -1.1800000000023914], "0.16": [5.063999999995682, 34.348000000021486, 41.19600000002268, 35.30900000001889, -26.66799999997652], "0.18": [-17.25299999998021, 14.801000000007566, 25.839000000022892, 34.059000000022635, -37.37699999996809], "0.2": [-38.44499999997118, -11.01699999998469, -0.3989999999993097, 11.34699999999628, -44.61699999998788]}}