{"goal": {"0.0": [98.02799999999637, 97.57199999999555, 93.68599999998715, 82.38599999997277, 97.92699999999618], "0.02": [97.74099999999585, 97.34899999999521, 92.49499999999162, 65.68699999997847, 94.14199999999002], "0.04": [58.6239999999896, 84.39499999998873, 63.262999999982306, 89.51499999998491, 92.2689999999885], "0.06": [22.146000000008215, -14.14399999998189, 18.640000000011952, 67.59999999997811, 85.10799999998491], "0.08": [22.966000000016628, -26.904999999983158, 28.7970000000151, 42.16300000000655, 70.22699999998414], "0.1": [-6.6190000000038784, -25.009999999973203, 36.27900000001593, 26.39900000002459, 55.217999999991655], "0.12": [-22.375999999979353, -16.972999999990236, -3.7970000000027095, 1.629999999996586, 41.131000000012584], "0.14": [-26.728999999978345, -29.14099999998104, -32.59999999997085, -38.30599999997043, 21.67500000001407], "0.16": [-41.90399999997444, -31.502999999971607, -39.815999999969215, -46.56399999999704, 3.1439999999990995], "0.18": [-46.25499999999478, -30.620999999972664, -47.48400000000069, -46.381999999995244, -20.378999999989954], "0.2": [-42.4519999999748, -32.66999999997174, -45.745999999989515, -48.88200000000161, -34.811999999967895]}, "action": {"0.0": [98.01699999999637, 97.55699999999551, 92.46899999999324, 82.8049999999754, 97.70499999999588], "0.02": [90.24799999999095, 97.62399999999559, 92.67999999999016, 54.954999999997554, 52.03799999999624], "0.04": [62.56199999999463, 78.19899999997828, 84.35999999998432, 69.02199999996903, 41.52400000001171], "0.06": [78.661999999979, 51.025999999993445, 49.13700000000355, 71.3879999999667, 47.52599999999523], "0.08": [53.177000000000845, 30.669000000017334, 62.64399999998518, 71.62399999996724, 10.12800000000572], "0.1": [26.462000000014285, 18.027000000013953, 30.492000000018578, 64.59799999997725, -1.255000000002858], "0.12": [-14.38399999999129, 21.06900000001211, -6.431000000001783, -2.2050000000014007, -33.585999999974185], "0.14": [-41.59399999997305, 5.518999999998979, -15.067999999988336, -30.32899999997132, -46.139999999996355], "0.16": [-50.00000000000659, -5.676000000005882, -27.83599999997706, -47.686999999997404, -45.70499999998937], "0.18": [-50.00000000000659, -14.686999999996182, -34.00899999997094, -48.74800000000197, -50.00000000000659], "0.2": [-50.00000000000659, -31.155999999975556, -45.42199999999652, -50.00000000000659, -50.00000000000659]}}