{"goal": {"0.0": [91.16699999998681, 93.01099999998874, 91.41999999998986, 90.35099999998954, 91.09599999999213], "0.02": [-50.00000000000659, 66.64199999998347, 10.367999999997153, 84.04599999998456, 84.53599999998713], "0.04": [-48.67400000000085, 94.22399999999118, 18.246000000011644, 10.903999999997891, -7.426000000005579], "0.06": [-48.715000000001, 23.21700000000724, -16.278999999993648, 35.21700000001388, -30.64499999997314], "0.08": [-44.95099999998572, -15.801999999989484, -12.125999999987917, -4.562000000006727, -18.678999999989266], "0.1": [-47.44699999999661, 5.7519999999946485, 46.67000000000576, 9.35399999999615, -37.59099999996767], "0.12": [-50.00000000000659, -11.948000000004853, 44.21900000001021, 27.126000000020543, -42.82299999998042], "0.14": [-43.97799999998013, -42.54699999997668, 40.44000000001609, 18.275000000020032, -39.516999999971375], "0.16": [-40.71399999996665, -34.64899999997536, 15.490000000002754, 26.59100000001469, -36.98499999996845], "0.18": [-34.14299999997323, -45.36599999999291, -25.912999999976936, -8.264000000005984, -39.77799999997068], "0.2": [-31.316999999971603, -50.00000000000659, -50.00000000000659, -21.426999999981234, -32.7989999999701]}, "action": {"0.0": [90.70999999998232, 93.7109999999885, 88.96499999998672, 91.79399999998735, 85.41599999999275], "0.02": [-50.00000000000659, 94.43099999999087, 50.482000000004774, 85.29199999998674, 91.76299999998967], "0.04": [-50.00000000000659, 72.97199999998438, 27.96400000001367, 63.314999999978326, 81.99299999998537], "0.06": [-50.00000000000659, 39.22800000001091, -25.47399999998142, -25.67499999998137, 89.78699999999141], "0.08": [-46.16599999998991, 7.360999999993606, -32.27699999997455, 58.5849999999958, 78.56399999998006], "0.1": [-50.00000000000659, -27.51499999997663, -20.095999999982283, 33.44200000001463, 55.52699999998719], "0.12": [-48.88200000000161, -27.15899999997869, -33.03899999997087, 26.05800000001248, 20.485000000007926], "0.14": [-50.00000000000659, -14.408999999995563, -38.11499999996885, 15.854000000001612, -14.935999999991974], "0.16": [-44.37099999998185, -35.44899999997008, -32.48799999997487, 32.46500000002251, -39.353999999969886], "0.18": [-47.83299999999915, -32.86499999997436, -48.75900000000204, -12.719999999992586, -15.72699999998368], "0.2": [-47.58000000000136, -36.72099999996983, -47.42500000000083, -26.64299999998033, -29.763999999972597]}}