{"goal": {"0.0": [], "0.02": [], "0.04": [], "0.06": [], "0.08": [], "0.1": [], "0.12": [], "0.14": [], "0.16": [], "0.18": [], "0.2": []}, "action": {"0.0": [90.68299999998439, 90.30799999998374, 86.93099999998671, 92.49899999998699, 88.80499999998112], "0.02": [77.70499999997546, 85.00699999998345, 82.06399999998185, 92.36599999998685, 67.32999999997207], "0.04": [75.65199999998644, 80.57799999997957, 59.97899999997922, 89.54199999998863, 60.41199999999476], "0.06": [71.18199999997896, 54.82799999999055, 16.244000000004323, 13.114000000001164, 62.80699999997916], "0.08": [51.72299999998943, 27.693000000021513, -37.62799999996991, -43.2729999999787, 45.462999999996136], "0.1": [-1.868000000001693, -33.27399999998024, -43.862999999989945, -50.00000000000659, -6.957000000003559], "0.12": [-41.72799999997141, -44.033999999986015, -47.508999999997975, -48.72400000000195, -43.305999999986405], "0.14": [-48.67100000000175, -46.39099999999186, -45.42599999998631, -47.79800000000332, -47.295999999994926], "0.16": [-48.64400000000529, -50.00000000000659, -47.83299999999858, -48.669000000000835, -50.00000000000659], "0.18": [-48.73800000000109, -50.00000000000659, -48.62700000000068, -47.60200000000091, -50.00000000000659], "0.2": [-50.00000000000659, -50.00000000000659, -50.00000000000659, -46.20399999999118, -50.00000000000659]}}