{"goal": {"0.0": [], "0.02": [], "0.04": [], "0.06": [], "0.08": [], "0.1": [], "0.12": [], "0.14": [], "0.16": [], "0.18": [], "0.2": []}, "action": {"0.0": [90.59799999998926, 90.7639999999859, 91.58399999998484, 92.6169999999844, 92.06699999998709], "0.02": [90.21199999998221, 84.95099999998872, 89.12699999998367, 90.41499999998656, 87.0949999999814], "0.04": [83.2799999999805, 84.1889999999846, 85.60499999997724, 86.68299999998025, 69.25799999999025], "0.06": [65.32599999997386, 54.203999999982805, 76.69599999997573, 68.61599999997765, 67.68499999998038], "0.08": [50.809999999986495, 55.30599999998196, 71.76199999996099, 51.05500000000038, 42.211000000011644], "0.1": [45.63800000001169, 24.021000000015587, 55.71699999998831, 23.315000000015402, 27.463000000021616], "0.12": [24.164000000019733, 3.5359999999933134, 31.39800000002183, -8.067000000006855, 10.00399999999457], "0.14": [6.734999999998272, -4.622000000001065, 21.8100000000171, -18.1719999999829, -11.328000000006067], "0.16": [-8.172000000007246, -23.363999999975384, 1.8859999999975308, -17.000999999988608, -16.288999999984316], "0.18": [-4.931000000005405, -21.13799999997392, -16.76099999998677, -33.681999999974295, -26.282999999970325], "0.2": [-15.198999999990424, -21.341999999982125, -17.2209999999823, -38.007999999972334, -28.808999999973658]}}