{"goal": {"0.0": [89.63199999998264, 92.69899999998768, 91.73699999999084, 90.71399999999345, 88.1789999999915], "0.02": [22.219000000011334, 14.479000000008135, -18.07399999999127, 4.102999999998644, 38.807000000009054], "0.04": [-1.7639999999994902, 50.276000000001595, -33.96099999997297, 18.439000000011468, 47.95499999997735], "0.06": [-20.585999999983134, 45.57100000001389, -42.81299999998452, 23.42900000001259, 54.01999999999525], "0.08": [-48.63500000000071, 41.828000000017774, -43.35299999997899, 13.305000000010141, 42.56000000000367], "0.1": [-50.00000000000659, 5.393999999998393, -45.96399999999032, -3.150000000004022, 48.71000000000784], "0.12": [-50.00000000000659, -21.635999999978562, -50.00000000000659, -17.05299999998856, 43.683000000008825], "0.14": [-50.00000000000659, -44.028999999980314, -48.64300000000074, -35.10199999997067, 16.352000000012463], "0.16": [-50.00000000000659, -23.011999999985015, -45.981999999991515, -36.82199999997521, 23.167000000007743], "0.18": [-50.00000000000659, -37.35499999997054, -46.34399999999056, -38.581999999967906, 51.41999999998953], "0.2": [-50.00000000000659, -40.6509999999705, -47.55799999999588, -34.8669999999731, 7.11599999999889]}, "action": {"0.0": [88.49699999998339, 92.71999999998708, 92.65299999999387, 93.17899999998932, 83.82199999999246], "0.02": [45.500000000011624, 47.67099999999557, -34.02999999997313, -21.925999999988257, 42.08999999999256], "0.04": [-34.6019999999728, 27.390000000016094, -41.367999999969726, -7.167000000004276, 37.126000000015786], "0.06": [-34.890999999970354, -2.2620000000002363, -47.139999999995226, 13.056999999995849, 31.014000000015194], "0.08": [-29.85499999997812, -34.20399999996939, -45.020999999985726, 5.394999999998148, 14.058999999998143], "0.1": [-40.6059999999697, -38.63699999997104, -43.92099999999015, 14.002999999995733, -24.91899999997274], "0.12": [-36.37899999997046, -32.90799999997615, -43.84699999998079, 6.784999999994918, -26.4859999999791], "0.14": [-41.836999999974076, -41.75699999997383, -42.31099999998225, 5.461999999994742, -19.490999999989075], "0.16": [-44.59799999998391, -45.401999999990764, -50.00000000000659, -25.035999999970713, -26.764999999980752], "0.18": [-42.20299999997276, -37.89799999997212, -37.2449999999714, -28.938999999974364, -16.70899999998986], "0.2": [-40.68799999996872, -41.19799999997083, -45.25299999998795, -33.67299999997397, -44.416999999982636]}}