{"goal": {"0.0": [], "0.02": [], "0.04": [], "0.06": [], "0.08": [], "0.1": [], "0.12": [], "0.14": [], "0.16": [], "0.18": [], "0.2": []}, "action": {"0.0": [90.64899999998437, 88.88199999998226, 92.56199999998728, 90.27299999998405, 87.110999999987], "0.02": [85.4499999999783, 60.87899999997735, 91.9529999999865, 79.49199999997832, 22.603000000015072], "0.04": [70.50499999996984, 59.27099999997835, 74.62599999998432, 59.10499999997716, -47.240999999999275], "0.06": [46.47200000001573, 25.13300000001487, 38.02800000002135, 31.709000000017635, -50.00000000000659], "0.08": [-24.951999999977698, -16.392999999972055, 5.05499999999259, 18.91100000000844, -50.00000000000659], "0.1": [-48.83200000000143, -30.876999999971677, -6.950000000003388, -22.281999999977728, -50.00000000000659], "0.12": [-48.78100000000215, -42.59699999997961, -30.41399999997996, -37.54899999996823, -48.707000000000974], "0.14": [-47.58799999999713, -46.40399999999987, -36.378999999973544, -42.95699999997892, -44.9299999999901], "0.16": [-48.591000000005096, -45.35099999998909, -37.924999999968215, -47.78600000000126, -46.30799999999497], "0.18": [-46.60999999999152, -50.00000000000659, -40.67899999996993, -45.739999999988974, -37.93199999996736], "0.2": [-50.00000000000659, -50.00000000000659, -39.583999999971034, -47.63600000000526, -42.91399999997648]}}