{"goal": {"0.0": [88.8859999999852, 92.23299999999013, 92.09799999999146, 97.28599999999513, 88.8889999999866], "0.02": [76.759999999975, 25.98600000001376, 83.9349999999817, 8.04100000001313, 91.55899999998955], "0.04": [40.00600000001483, -2.11899999999987, -19.829999999984654, -35.569999999973575, 92.20999999998557], "0.06": [45.55400000001672, 7.029999999997255, -48.65100000000077, -28.773999999973416, 70.36399999998699], "0.08": [20.40100000000601, -37.47199999997093, -47.635999999996166, -45.94699999999366, 74.67299999999055], "0.1": [31.28600000001986, -38.93299999997116, -50.00000000000659, -34.353999999971705, 46.80600000000617], "0.12": [14.008999999997213, -45.31099999999498, -47.73900000000121, -38.94799999996911, 18.78000000000706], "0.14": [-12.30799999999544, -37.660999999967835, -46.68299999999292, -38.954999999970525, -13.33799999999806], "0.16": [-11.676999999994525, -50.00000000000659, -44.250999999986625, -47.38799999999981, -37.16899999997033], "0.18": [-2.71600000000232, -50.00000000000659, -46.489999999991085, -47.28499999999489, -36.099999999973804], "0.2": [-17.963999999982423, -50.00000000000659, -47.733999999997394, -35.47399999997523, -39.843999999971764]}, "action": {"0.0": [92.30099999999229, 94.13499999999036, 91.17099999998635, 97.29199999999513, 84.77199999998605], "0.02": [86.25599999998154, 22.310000000010824, 46.10299999997836, -50.00000000000659, 91.56899999998903], "0.04": [62.275999999981295, 7.550999999993556, -28.103999999986222, -50.00000000000659, 89.73299999998943], "0.06": [41.49200000000874, -20.70499999999475, -39.16399999997125, -50.00000000000659, 86.34899999997987], "0.08": [36.08000000001377, -30.27299999997234, -47.463999999995536, -50.00000000000659, 68.50499999998289], "0.1": [41.247000000019646, -48.88100000000248, -39.701999999968706, -50.00000000000659, 71.52099999997876], "0.12": [15.347000000003463, -37.193999999970536, -41.75099999997226, -50.00000000000659, 62.65799999996824], "0.14": [-10.975999999998537, -36.72499999996955, -35.8619999999742, -50.00000000000659, 55.752999999978975], "0.16": [-1.9230000000024896, -22.09599999998222, -24.98899999997378, -50.00000000000659, 38.629000000011246], "0.18": [-24.573999999986448, -32.698999999976216, -26.473999999980407, -50.00000000000659, 16.062000000018788], "0.2": [-29.65499999997344, -12.568000000005549, -30.96799999997643, -50.00000000000659, 2.6869999999950283]}}