{"both": {"0.0": [92.48999999998476, 89.09599999998758, 94.5359999999909, 79.57999999998478, 91.34199999998984], "0.02": [60.5119999999898, -47.07999999999869, -0.18999999999968797, 3.9389999999987197, 2.682999999997568], "0.04": [-20.798999999973702, -44.22599999998422, 9.27999999999843, -34.46699999997142, 17.703000000012697], "0.06": [-25.81299999998082, -50.00000000000659, 24.289000000009484, -1.165000000003294, 19.58600000000933], "0.08": [-46.7449999999977, -50.00000000000659, -11.920999999986611, 18.6430000000188, 13.401999999994553], "0.1": [-41.584999999969604, -50.00000000000659, -6.892000000003137, 13.112999999996372, -2.3199999999993737], "0.12": [-37.63599999997115, -50.00000000000659, -19.815999999984797, 41.39800000001882, -21.185999999983274], "0.14": [-20.600999999987703, -48.60600000000174, -29.639999999980223, -4.654000000001687, -23.71499999997377], "0.16": [-3.434000000003599, -50.00000000000659, -31.73199999996845, -34.656999999970694, -26.481999999980395], "0.18": [-16.01899999999635, -48.623000000000665, -31.946999999968835, -47.67300000000085, -37.46199999997094], "0.2": [1.7680000000005658, -50.00000000000659, -32.814999999972926, -45.407999999990786, -25.297999999984285]}, "goal_only": {"0.0": [92.7999999999879, 88.53599999998909, 93.57099999998876, 92.78299999998988, 89.90899999998746], "0.02": [90.81999999998399, 92.64899999999402, 82.83699999998719, 82.34399999998668, 76.83199999998304], "0.04": [85.22599999998056, -0.1170000000003705, 80.81699999998979, 85.43199999998987, 83.7099999999851], "0.06": [71.14599999997353, -41.260999999969336, 76.27599999998793, 60.31399999999536, 71.6269999999825], "0.08": [58.806999999986076, -50.00000000000659, 78.8379999999825, 33.987000000012046, 70.02399999998438], "0.1": [38.55500000001869, -50.00000000000659, 43.85100000000897, 1.3350000000003923, 55.02099999999527], "0.12": [27.654000000010633, -50.00000000000659, -5.27700000000317, 24.486000000001805, -5.7340000000061275], "0.14": [0.06400000000099623, -31.77399999997478, -25.876999999976853, 66.49099999997844, -24.043999999983136], "0.16": [-33.94799999997272, -47.21499999999577, -15.196999999997088, 73.73099999998429, -16.22099999999585], "0.18": [-27.30899999997592, -50.00000000000659, -23.770999999979104, 63.18699999998849, -20.698999999989095], "0.2": [-30.085999999982146, -50.00000000000659, -15.302999999990137, 44.52200000000072, -26.984999999984375]}, "action_only": {"0.0": [93.05799999998779, 91.41899999999161, 86.40399999998849, 89.75499999999028, 92.22399999998974], "0.02": [56.08299999997195, -50.00000000000659, 11.855999999997557, -2.074000000001359, 2.7169999999984635], "0.04": [38.80600000002503, -50.00000000000659, -9.261000000003895, -9.221000000007633, -8.861000000008803], "0.06": [1.3459999999999332, -50.00000000000659, 2.9969999999938377, 60.778999999993786, 2.6289999999997553], "0.08": [-17.524999999983798, -50.00000000000659, 17.052000000014637, 41.41000000001269, 27.360000000008863], "0.1": [-30.349999999974994, -50.00000000000659, 8.810999999997147, 39.702000000013015, 4.256999999998272], "0.12": [-18.7539999999846, -50.00000000000659, -4.475000000007315, 61.82099999999146, 4.8059999999947225], "0.14": [-24.570999999970873, -50.00000000000659, -21.672999999979833, 28.349000000012328, -19.935999999979632], "0.16": [-20.14299999998831, -50.00000000000659, -14.049999999988822, -14.48599999998474, -16.02199999999], "0.18": [-21.51399999997377, -50.00000000000659, -27.36999999997763, -38.990999999970825, -28.30399999997465], "0.2": [-40.59799999996851, -50.00000000000659, -34.10399999997458, -36.9969999999691, -29.37399999997196]}}