{"goal": {"0.0": [98.01999999999634, 97.57599999999556, 90.75399999998822, 83.65899999998014, 97.71399999999578], "0.02": [25.084000000020552, 97.4389999999953, 91.69899999998533, 78.11299999998722, 84.56499999998421], "0.04": [59.63099999998164, 94.55399999999045, 83.8279999999853, 27.310000000021727, 85.57299999998507], "0.06": [37.924000000016655, 87.53499999997948, 89.63499999998919, 48.718999999997166, 69.67599999998657], "0.08": [69.38399999998408, 76.37199999998988, 86.89799999998492, 19.475000000014678, 54.11199999998313], "0.1": [58.85599999998814, 48.356999999996525, 88.35399999998184, 14.55199999999891, 27.226000000015173], "0.12": [47.533999999996425, 66.0909999999815, 60.30199999998754, 7.63199999999674, -9.998000000005254], "0.14": [50.84199999999169, 58.84199999998029, 35.796000000017486, -12.135999999997436, -8.063000000006829], "0.16": [35.63100000001336, 65.0669999999846, 43.75300000000993, -29.29699999997112, -5.148000000002853], "0.18": [15.292000000015904, 52.894999999983035, 10.705999999994024, -47.44099999999773, -4.813000000000504], "0.2": [3.68599999999391, 36.16600000002009, 2.5309999999984534, -43.37899999998, -29.931999999974643]}, "action": {"0.0": [98.01599999999635, 97.57399999999548, 92.26799999998974, 85.37999999998333, 97.81499999999596], "0.02": [5.719999999994806, 80.25399999998783, 60.66799999998297, 84.1069999999875, 59.099999999980184], "0.04": [9.759999999998149, 66.63199999997997, 63.596999999978294, 70.45599999998788, 38.4690000000225], "0.06": [18.841000000016358, 23.058000000010814, -13.584999999997917, 18.10300000001049, 1.9609999999933294], "0.08": [23.346000000009607, 2.164999999999567, -8.843000000000231, -23.309999999975627, -14.47299999998967], "0.1": [22.929000000011147, 22.336000000014355, -30.01899999997263, -20.04199999998272, -27.21599999997842], "0.12": [28.72400000001588, 13.622000000005098, -27.802999999974755, -27.39799999997581, -16.681999999979272], "0.14": [27.320000000013756, -12.092999999978723, -30.4159999999724, -39.776999999971, -18.239999999982214], "0.16": [17.27100000000984, -17.729999999986145, -27.148999999979736, -44.55499999998678, -7.79900000000576], "0.18": [2.579999999999727, -29.635999999979443, -35.82199999997346, -46.445999999990924, -17.15699999998847], "0.2": [-22.13099999998295, -31.332999999973104, -35.719999999971876, -48.904000000002824, -29.402999999975233]}}