{"goal": {"0.0": [92.25199999999158, 94.08199999999266, 89.37399999999018, 97.19699999999479, 87.61799999998199], "0.02": [77.48599999998437, 95.45099999999188, 33.85500000001296, -36.86599999997379, 76.60599999998077], "0.04": [77.0009999999651, 42.406000000011566, 28.711000000010518, -48.53200000000034, 54.91599999999754], "0.06": [46.60300000001192, -1.5050000000000276, 2.411999999999762, -24.05599999997817, 45.96200000001285], "0.08": [37.51300000002026, -28.125999999974347, 5.883999999994707, -45.62999999998796, 21.92000000001445], "0.1": [13.526000000002504, -4.885000000006205, -27.041999999977566, -48.587000000005084, 28.601000000018065], "0.12": [-23.154999999979136, -43.4069999999826, -19.717999999977593, -47.171999999994476, -15.591999999993705], "0.14": [-40.60599999997006, -36.92399999996828, -16.823999999994307, -50.00000000000659, -6.55800000000534], "0.16": [-46.67799999999177, -44.69299999998562, -20.259999999991418, -48.62700000000068, -24.23499999997953], "0.18": [-50.00000000000659, -46.17999999998996, -20.372999999978557, -50.00000000000659, -38.151999999971416], "0.2": [-50.00000000000659, -43.809999999980654, -27.80299999997248, -50.00000000000659, -42.070999999973644]}, "action": {"0.0": [88.59599999998908, 95.33099999999138, 89.95499999999211, 97.29399999999512, 80.1599999999833], "0.02": [77.0819999999811, 87.05999999998483, 80.0049999999882, 36.88200000001189, 71.62799999997915], "0.04": [40.89400000001671, 93.17599999998842, 58.79099999999564, 5.62299999999548, 71.4859999999847], "0.06": [0.7239999999994958, 55.267999999993634, 38.22700000001531, -7.977000000001651, 3.3649999999990485], "0.08": [-21.224999999981115, -44.03299999998146, -0.4900000000009277, -19.844999999986193, 0.25100000000019995], "0.1": [-30.491999999971355, -50.00000000000659, -6.3270000000071365, -3.8330000000034796, -2.1160000000036443], "0.12": [-33.12599999997128, -48.9070000000017, -20.301999999988396, -32.907999999975516, -3.3360000000006664], "0.14": [-25.302999999974073, -50.00000000000659, -21.838999999985894, -34.25499999997236, -31.057999999977632], "0.16": [-26.8449999999806, -50.00000000000659, -13.556999999993286, -37.26199999997106, -42.43499999997435], "0.18": [-36.29599999997011, -50.00000000000659, -26.79199999997249, -37.26699999997347, -41.0829999999698], "0.2": [-31.866999999977402, -50.00000000000659, -24.84599999997415, -45.753999999989546, -47.606000000000606]}}