{"0.0": [95.87099999999282, 97.76799999999587, 92.32999999999089, 93.51799999999284, 96.21899999999297, 96.34199999999407, 91.98999999999171, 92.91099999999419, 97.70399999999532, 97.89999999999614], "0.02": [97.62799999999568, 80.97399999998805, -42.69199999997886, 28.001000000008677, 89.45899999998754, 91.68599999998861, -48.54800000000039, 8.99699999999714, 88.55299999998954, 91.51199999998843], "0.04": [42.79100000000615, -23.00199999997912, -48.96300000000645, 0.8509999999982455, 71.38699999997453, 98.0569999999964, -14.392999999995578, 9.937999999997976, 46.295000000000236, 5.828999999995112], "0.06": [20.54100000001381, -5.463000000006698, -50.00000000000659, -35.56899999997388, 57.848999999992486, 98.10699999999652, -20.6369999999792, -23.36699999998115, -32.30099999997311, -17.600999999992716], "0.08": [16.828000000000614, -21.93799999998347, -47.778999999996685, -29.653999999979195, -3.6890000000020984, 78.61099999997953, -45.86199999999051, -36.11999999997662, -50.00000000000659, 10.52999999999848], "0.1": [-31.282999999971825, -1.848000000002547, -50.00000000000659, -50.00000000000659, -38.00299999996934, 57.52399999999811, -48.58000000000051, -39.04599999997061, -47.31100000000112, -12.969999999993547], "0.12": [-42.30899999997428, -7.750000000008004, -50.00000000000659, -50.00000000000659, -44.72999999998709, -22.125999999978326, -48.60500000000149, -39.60899999996773, -50.00000000000659, -38.68499999997037], "0.14": [-50.00000000000659, -26.161999999977898, -50.00000000000659, -50.00000000000659, -36.51899999996956, -47.231999999995836, -50.00000000000659, -43.734999999978335, -50.00000000000659, -48.871000000001565], "0.16": [-45.40499999998737, -17.730999999981762, -50.00000000000659, -50.00000000000659, -39.24199999996799, -23.715999999987194, -50.00000000000659, -48.95400000000187, -50.00000000000659, -48.92100000000175], "0.18": [-45.43399999998747, -33.53799999997343, -50.00000000000659, -50.00000000000659, -47.30099999999609, -41.756999999972834, -50.00000000000659, -50.00000000000659, -50.00000000000659, -50.00000000000659], "0.2": [-47.78399999999711, -18.815999999991664, -50.00000000000659, -50.00000000000659, -50.00000000000659, -13.092999999986173, -50.00000000000659, -50.00000000000659, -50.00000000000659, -48.98600000000312]}