{"both": {"0.0": [88.62499999999119, 92.4919999999878, 92.58399999999054, 91.46799999998927, 97.29199999999513, 90.48499999998754, 93.26899999999476, 95.38699999999342, 94.80899999999136, 97.67799999999575], "0.02": [84.99599999998347, 55.293999999991904, 86.70699999999162, 82.00099999999185, 16.615000000012632, 87.07099999999139, 78.4399999999703, 74.90299999997977, 42.12100000000902, 88.7419999999836], "0.04": [70.33099999997614, 3.711999999996061, 78.18999999998641, 67.45699999998519, -5.735000000005019, 63.91999999998669, -11.971999999999527, 59.96099999999154, 40.93100000001737, 66.69199999997718], "0.06": [35.34900000001908, -18.924999999979608, 44.97799999999872, 45.8679999999952, -35.533999999972735, 5.581999999993799, -37.696999999969854, 44.113000000010025, -18.58499999998679, 43.83100000000748], "0.08": [11.493999999995081, -7.315000000007301, -37.016999999969954, -8.7090000000068, -29.685999999973973, 16.350000000005878, -39.85099999997244, 44.59900000000808, -23.454999999980014, 28.578000000012175], "0.1": [2.977999999995559, -16.757999999976313, -48.894000000001654, -25.999999999979135, -41.27099999996961, 11.414999999998004, -47.883999999997066, 5.760999999997676, -35.61999999997059, 21.7210000000115], "0.12": [-24.840999999973814, -12.081000000001598, -46.52699999999122, -3.7020000000004005, -45.95599999999117, 6.753999999994598, -50.00000000000659, -35.15199999997191, -47.36799999999633, 9.978999999994222], "0.14": [-17.09999999998783, -13.54800000000108, -47.50200000000022, -26.80799999997394, -39.3909999999724, -25.797999999976593, -50.00000000000659, -29.39999999997161, -47.14199999999437, -0.36100000000140897], "0.16": [-41.23999999997312, -28.582999999974916, -48.60900000000061, -26.85099999997346, -44.39799999998257, -33.79099999998007, -50.00000000000659, -27.29799999997738, -47.5799999999971, -32.31599999997165], "0.18": [-48.911000000001714, -35.78499999997413, -47.303999999999505, -26.673999999976644, -40.41699999996868, -43.87599999997976, -50.00000000000659, -26.237999999979873, -50.00000000000659, -48.520000000000294], "0.2": [-50.00000000000659, -44.009999999980245, -50.00000000000659, -18.77499999998897, -43.2599999999886, -48.76400000000572, -48.61500000000177, -27.5339999999775, -50.00000000000659, -50.00000000000659]}, "goal_only": {"0.0": [92.63899999998686, 88.33999999999008, 95.40899999999212, 84.85299999998556, 95.71899999999349, 88.83499999998651, 90.31499999999636, 96.1139999999928, 93.4349999999899, 97.69799999999577], "0.02": [86.6189999999835, 95.63299999999154, 95.41499999999189, 94.32099999998977, 68.05899999999046, 95.40499999999157, 91.67599999999098, 92.52699999998764, 94.23799999999049, 91.63199999998817], "0.04": [87.46899999998374, 59.18799999998205, 90.80399999999253, 91.77099999998916, 81.86499999998722, 89.74799999998844, 93.17399999999515, 93.49199999998962, 95.53599999999149, 91.84899999998684], "0.06": [95.2329999999934, 84.34899999998453, 88.14299999998768, 94.25099999998992, 38.55300000001037, 91.81799999998948, 91.69299999999568, 93.86799999998962, 91.16199999999422, 94.46299999999046], "0.08": [80.67599999998397, 89.114999999986, 91.80899999998651, 91.98799999999241, -35.23399999997505, 90.26099999998807, 90.23799999999119, 92.83399999998744, 95.64499999999211, 88.29299999998264], "0.1": [68.83499999998068, 94.19899999999221, 90.87099999998517, 83.42799999998999, -13.535000000000794, 90.58099999999274, 87.18999999998594, 90.65399999998608, 83.92999999999373, 83.6759999999785], "0.12": [55.137000000001926, 89.33999999998474, 90.2709999999842, 83.08899999998832, -41.6629999999708, 96.24299999999293, 91.55999999999047, 84.03499999998466, 68.4139999999695, 23.623000000013132], "0.14": [42.190000000010805, 91.02099999998666, 79.26199999998425, 69.96799999999001, -21.95199999997697, 93.00899999998767, 89.62899999999348, 85.13899999998326, 24.120000000010663, -12.890999999996193], "0.16": [27.082000000013736, 90.43899999998548, 66.55599999998694, 63.85799999999276, -44.430999999983825, 93.21199999999104, 86.51999999998405, 88.67999999998418, -20.922999999986963, -1.2490000000016963], "0.18": [-14.753999999977452, 92.27599999998976, 82.87899999998925, 65.94199999998771, -48.61100000000062, 88.99299999998635, 75.14799999998476, 90.56299999998937, -33.02399999997451, -11.85099999999218], "0.2": [-2.5130000000038084, 93.12999999999023, 78.78199999998066, 65.77499999999563, -50.00000000000659, 90.05699999999062, 87.92099999998965, 89.92299999998983, -47.47600000000468, -7.302000000002486]}, "action_only": {"0.0": [95.09899999998639, 88.4359999999867, 93.94599999999204, 92.24899999998958, 97.29199999999513, 86.17699999998953, 94.74599999999634, 95.91999999999183, 87.04799999998842, 96.1129999999941], "0.02": [71.83599999997526, 60.561999999981026, 94.17999999998978, 68.97399999998461, 20.413000000010957, 71.8529999999798, 78.82999999997459, 71.16799999998018, 47.57200000000463, 53.255999999998764], "0.04": [75.68399999997504, 12.971000000014524, 77.21199999998642, 71.84799999998506, 8.910999999993155, 64.68399999998469, -11.30900000000341, 34.893000000016045, 7.512999999992831, 67.7609999999909], "0.06": [67.22699999999217, -3.9440000000027955, 33.57700000001691, 65.50999999998295, -33.99099999997345, -14.440999999997961, -35.75299999997093, 34.896000000016244, -6.116000000006847, 46.67299999999192], "0.08": [-4.312000000004449, -28.332999999970703, -23.37599999998349, 40.03500000001735, -29.671999999974474, -29.324999999977823, -44.2999999999879, 36.13800000001399, -10.79200000000328, 37.771000000012165], "0.1": [-19.11499999998523, -19.11799999998842, -50.00000000000659, 14.78300000000545, -33.08399999997189, -26.492999999979556, -47.63999999999618, 12.776000000001709, -43.263999999978665, 44.7380000000096], "0.12": [7.11499999999475, -16.660999999986217, -39.54199999996999, 1.889000000000087, -36.86699999997136, -33.17899999997555, -48.911000000001714, -47.55699999999588, -40.649999999970774, 28.3350000000204], "0.14": [6.861999999998128, -24.105999999978973, -44.87199999998656, 3.378999999998728, -20.918999999983658, -42.22099999997396, -48.803000000002456, -50.00000000000659, -48.541000000000366, -7.337000000005876], "0.16": [6.840999999991268, -21.10899999998295, -48.58200000000052, 10.48799999999564, -29.495999999976654, -40.973999999971774, -50.00000000000659, -46.23899999999123, -45.76399999998958, -47.20699999999461], "0.18": [0.5859999999974336, -18.3749999999942, -50.00000000000659, -0.9250000000001722, -34.285999999970905, -43.46799999997906, -50.00000000000659, -46.37199999999265, -48.570000000005024, -48.552000000000405], "0.2": [-14.883999999994211, -36.81599999996838, -50.00000000000659, 21.082000000017324, -50.00000000000659, -44.75299999998386, -50.00000000000659, -45.92499999998903, -45.417999999987416, -50.00000000000659]}}