{"0.0": [95.60899999999218, 97.7829999999959, 96.82799999999419, 95.02499999999614, 96.12899999999203], "0.02": [2.3329999999947324, -45.70899999999393, -42.52099999998049, 84.35799999999567, -44.26399999998321], "0.04": [-19.9779999999878, -50.00000000000659, -48.73900000000462, 30.44400000001867, -44.28699999998479], "0.06": [-31.386999999975483, -50.00000000000659, -41.33099999996868, -50.00000000000659, -48.615000000000634], "0.08": [-44.458999999994155, -37.027999999972856, -43.79499999998153, -50.00000000000659, -50.00000000000659], "0.1": [-31.24799999997253, -48.560000000000436, -41.27699999997103, -50.00000000000659, -50.00000000000659], "0.12": [-48.56500000000045, -50.00000000000659, -47.593999999996896, -50.00000000000659, -50.00000000000659], "0.14": [-50.00000000000659, -50.00000000000659, -47.629999999996144, -50.00000000000659, -48.6490000000019], "0.16": [-48.69900000000094, -50.00000000000659, -45.48699999999416, -50.00000000000659, -50.00000000000659], "0.18": [-48.703000000000955, -50.00000000000659, -47.769000000002336, -50.00000000000659, -50.00000000000659], "0.2": [-48.72500000000104, -50.00000000000659, -50.00000000000659, -50.00000000000659, -50.00000000000659]}