{"1.0": [-5.231000000001368, -41.4489999999788, -41.671999999976514, -41.447999999973426, 42.914000000004805], "1.5": [24.51400000001438, -15.471999999991793, -11.579999999997362, 5.2859999999985305, 49.40099999999517], "2.0": [80.13999999998688, 50.61200000000366, 50.32100000000084, 44.30700000001033, 88.55599999998843], "2.5": [61.24399999997684, -25.99699999997498, 64.69999999998097, 66.06199999997527, 92.82999999998943], "3.0": [86.9359999999865, 15.413000000012413, 72.59899999998261, 91.31699999998959, 93.97399999998959], "3.5": [93.56499999998947, 40.74700000001278, 81.8459999999816, 93.94699999998934, 82.36299999999277], "4.0": [93.77999999999241, 91.10499999998774, 83.82899999998008, 93.24099999998766, 95.69099999999219], "4.5": [94.09699999998963, 91.35999999998494, 92.68399999998806, 93.17399999998739, 96.12799999999352], "5.0": [93.19999999998832, 90.33699999998349, 91.16099999998774, 92.1889999999857, 95.24099999999143], "5.5": [93.25999999998812, 92.07499999998652, 92.26899999998666, 87.49899999998019, 84.8579999999886], "6.0": [92.19599999998658, 91.15699999998552, 91.67599999998602, 86.38099999997941, 93.12699999999015], "6.5": [91.98799999998619, 82.28099999997453, 91.8829999999858, 86.94799999997906, 82.75399999998237], "7.0": [91.98599999998616, 89.50099999998233, 88.41199999998364, 87.83399999998026, 60.150999999993466]}