{"1.0": [7.115999999998565, -45.77199999998934, -6.856000000006239, 16.72600000000901, -10.281999999994053], "1.5": [32.22500000001827, 1.0900000000010994, 4.316999999993914, 19.51600000001638, -18.989999999990033], "2.0": [93.18999999999572, 64.20299999998775, 39.56600000001751, 76.5299999999867, -2.852000000004307], "2.5": [97.19199999999768, 95.58999999999287, 84.03699999998794, 97.99999999999609, -48.51500000000027], "3.0": [86.80099999998802, 97.40399999999545, 95.71799999999266, 97.12899999999574, 66.67799999998596], "3.5": [97.22399999999678, 97.7669999999958, 96.18799999999315, 98.3649999999972, 97.99399999999639], "4.0": [97.71099999999596, 97.66299999999578, 94.66999999999136, 98.21499999999651, 89.37599999999084], "4.5": [98.12999999999651, 96.47199999999388, 88.22299999998579, 98.18999999999654, 43.20100000001757], "5.0": [98.15499999999656, 96.19699999999321, 76.28799999998733, 97.7059999999956, 0.2869999999995113], "5.5": [97.92099999999614, 96.77899999999428, 77.68399999998468, 96.49499999999345, -26.341999999979652], "6.0": [97.72099999999584, 96.3309999999934, 71.51699999998307, 75.69099999998292, -48.522000000004844], "6.5": [97.5699999999955, 96.12799999999297, 68.40999999997578, -8.689000000002556, -50.00000000000659], "7.0": [97.3289999999953, 95.7909999999924, 36.04100000002058, -47.333999999995065, -50.00000000000659]}