{"1.0": [-29.4009999999749, -40.102999999971885, -41.961999999976435, -50.00000000000659, 22.88400000001117], "1.5": [7.290999999993865, 11.66199999999751, -29.302999999973846, -50.00000000000659, 15.200000000002028], "2.0": [92.56699999999057, 35.68800000001751, -32.45899999997052, -42.63399999997865, 58.91799999998561], "2.5": [64.59399999999593, 8.20099999999355, 5.881999999997261, 21.542000000013946, 88.79599999998908], "3.0": [79.48499999998562, 75.81299999998546, -42.735999999976464, 89.69799999997967, 82.42999999998682], "3.5": [92.51199999998809, 93.23099999998942, 45.37800000000601, 97.81299999999597, 92.46399999998924], "4.0": [92.66099999998919, 91.39699999998624, 94.65099999999659, 97.96499999999618, 94.41499999998922], "4.5": [89.98599999998599, 85.85799999998018, 91.8029999999889, 97.72199999999586, 93.98999999998945], "5.0": [85.0989999999866, 60.81499999999092, 88.78199999998928, 97.53999999999542, 93.69399999998896], "5.5": [56.81099999999491, 11.777999999996835, 42.970000000006685, 97.50299999999552, 86.53999999997943], "6.0": [10.787000000009137, -25.094999999978448, 11.972000000003426, 97.40399999999534, 87.67299999998698], "6.5": [-13.617999999997183, -43.03399999997683, -24.93299999997509, 97.28799999999518, 83.61599999997973], "7.0": [-42.84899999997716, -48.59300000000343, -41.155999999975776, 97.30899999999518, 89.1359999999854]}