{"1.0": [-35.8069999999727, 4.615999999997199, 3.9949999999962733, -0.9210000000041308, -12.19900000000098], "1.5": [-9.261000000003802, 38.41300000001742, 40.40500000001653, 56.81899999999141, -4.166000000000123], "2.0": [80.34099999998107, 69.91299999998456, 74.58699999999132, 79.41099999998636, 22.895000000011418], "2.5": [94.64399999999196, 89.3569999999925, 82.98699999998409, 89.71999999999348, 75.7769999999789], "3.0": [95.85499999999197, 86.34499999998854, 87.58399999998905, 90.48999999999155, 90.61299999999166], "3.5": [93.60999999998785, 90.24999999999007, 91.09899999998751, 92.0719999999922, 92.28699999998595], "4.0": [89.90199999998791, 86.25299999998614, 90.19999999998922, 89.46499999998791, 91.61399999999217], "4.5": [84.80499999998409, 78.61699999998052, 81.4619999999824, 87.68999999998596, 84.6689999999844], "5.0": [86.77599999998698, 76.92999999998484, 82.79799999998257, 93.80499999999329, 73.1729999999833], "5.5": [77.97999999998513, 79.55099999998926, 85.75299999998774, 90.77599999999342, 81.56699999998973], "6.0": [79.10099999997979, 81.29199999998876, 84.17899999998292, 86.0989999999888, 79.98499999998411], "6.5": [76.94699999998592, 71.97599999998596, 79.73199999998339, 90.69299999998918, 79.46699999998224], "7.0": [59.79799999998691, 79.48699999998802, 88.23099999998665, 83.16799999998655, 82.96299999998027]}