{"1.0": [-15.173999999984815, -16.431999999994243, 27.784000000016963, -43.90199999998099, -43.3309999999799, -13.499999999989875, -32.16199999997147, -45.77299999998848, 4.419999999994251, 24.325000000014125], "1.5": [-14.111999999984583, 20.894000000005043, 40.64800000001717, -50.00000000000659, -20.64699999997912, -12.7180000000014, -21.63999999998024, 42.54500000000593, 18.066000000003577, 1.1430000000009009], "2.0": [-0.7060000000002684, 61.154999999982856, 68.5799999999894, -50.00000000000659, -10.151999999989412, 30.79000000001582, 37.94500000001431, 73.29299999998776, 69.77299999997898, 95.00599999999278], "2.5": [1.0359999999962617, 80.45499999998037, 91.53799999999077, 59.61299999998501, -25.447999999984855, 39.337000000015365, 89.3209999999874, 81.91399999998738, 78.89699999997987, 97.92499999999617], "3.0": [72.12399999998179, 92.4909999999856, 89.30599999998677, 96.45199999999281, 77.63799999999218, 46.80599999999836, 93.2229999999953, 94.2909999999901, 71.75899999998407, 97.79499999999597], "3.5": [94.7109999999904, 88.83899999998434, 89.01699999999067, 91.4539999999918, 97.6839999999957, 87.74699999998997, 96.80099999999487, 95.79799999999264, 66.11699999999159, 97.82099999999589], "4.0": [95.5639999999921, 89.18999999998589, 88.27899999998748, 93.07499999999143, 97.65499999999554, 94.81299999999061, 97.048999999994, 96.65399999999417, 89.8709999999865, 90.46899999998737], "4.5": [96.20799999999312, 80.07599999997838, 75.6699999999797, 92.50699999999186, 77.62899999998831, 93.16199999998891, 95.50899999999217, 96.61799999999384, 87.68299999998915, 55.126999999996926], "5.0": [96.6849999999942, 73.42999999998092, 32.903000000020825, 83.08299999997703, 75.49299999997822, 94.33899999999063, 93.47599999998978, 95.0879999999927, 65.68199999998532, 11.932000000006799], "5.5": [95.9619999999935, 32.46400000001562, 22.843000000020865, 74.6219999999791, 28.41500000001461, 94.45199999999092, 95.36499999999155, 92.06499999998564, 45.744999999999656, 22.343000000016982], "6.0": [93.12199999998768, 43.70000000001502, 33.59000000001492, 44.25300000000534, 8.971999999995127, 95.87499999999261, 92.54199999998679, 93.36099999999027, 17.025000000002834, -9.013999999997445], "6.5": [80.0129999999775, 76.63299999998294, 13.060000000002477, 49.97100000000579, -31.46599999997311, 89.54499999999027, 79.06799999998705, 93.89099999999259, -27.967999999978087, -21.897999999981945], "7.0": [61.16699999999068, 84.95299999997789, 31.312000000019935, 41.45700000000677, -27.183999999975317, 86.41199999998774, 57.36199999998738, 82.04799999998407, -27.394999999974598, -41.33899999997588]}