{"1.0": [-16.57799999999597, -35.681999999970266, -50.00000000000659, -50.00000000000659, -43.24299999997859, -47.60300000000173, 16.17100000001152, -46.240999999992454, -16.282999999999948, -50.00000000000659], "1.5": [-19.216999999988637, -18.58799999998993, -50.00000000000659, -50.00000000000659, -46.49799999999658, -50.00000000000659, -23.306999999975606, -50.00000000000659, -40.495999999969065, -48.61100000000062], "2.0": [1.1950000000009502, 15.231000000007272, -50.00000000000659, -48.539000000004904, -41.65799999997332, -50.00000000000659, 9.491000000016815, -50.00000000000659, 46.325000000000756, -50.00000000000659], "2.5": [79.61899999998042, 25.457000000014265, -50.00000000000659, -25.163999999980092, -44.35099999998994, -50.00000000000659, 77.29599999998638, -43.61999999997997, 22.773000000008828, -50.00000000000659], "3.0": [80.2199999999789, 39.467000000013755, -48.516000000000275, 57.566999999997414, -37.50399999997447, -6.8420000000036945, 95.84399999999223, -44.19499999998297, 42.801000000015584, -50.00000000000659], "3.5": [89.51399999998323, 76.3799999999846, 13.135999999998807, 97.14699999999495, 17.541000000011152, 52.7959999999824, 94.98599999999115, 86.58899999998457, 86.21599999998743, 40.205000000014955], "4.0": [92.54299999998803, 96.57399999999389, 87.037999999993, 95.4389999999908, 93.33799999999066, 93.10899999998892, 94.31499999998981, 91.71899999998493, 96.2499999999933, 96.38899999999414], "4.5": [93.1709999999893, 36.22500000001788, 85.71399999999258, 81.36399999998444, 94.0419999999897, 89.3729999999838, 78.87699999998266, 89.64699999998759, 95.71099999999242, 92.88099999998825], "5.0": [93.57299999998813, 69.18699999998516, 45.919999999990566, -21.355999999976984, 91.09299999999058, 47.303000000007835, 57.13199999997959, 88.4969999999907, 94.19399999999054, 81.7609999999903], "5.5": [87.02199999998922, 66.68599999998818, -27.993999999976594, -50.00000000000659, 73.67599999997867, -2.2840000000005203, 60.76599999998689, 84.5489999999935, 79.55299999998653, 68.31599999999176], "6.0": [52.64399999999542, 18.65100000001022, -44.144999999982545, -50.00000000000659, 72.65399999998348, 0.2560000000010953, 78.1719999999799, 66.85399999999431, 70.55699999998052, 73.4389999999874], "6.5": [22.738000000016577, -11.004000000005865, -50.00000000000659, -50.00000000000659, 65.4519999999974, -37.321999999970714, 84.85999999998107, 36.671000000008846, 60.190000000004176, 57.225999999982896], "7.0": [-9.231999999999802, -27.756999999974585, -50.00000000000659, -50.00000000000659, 73.37699999999197, -42.464999999976314, 87.76199999998016, -33.02899999997474, 78.82399999998843, 45.70400000001261]}